PF26733	03009_C
PF10417	1-cysPrx_C
PF21734	10_blade
PF21578	117-like_vir
PF12574	120_Rick_ant
PF09847	12TM_1
PF26127	12TM_Mok13
PF00244	14-3-3
PF16998	17kDa_Anti_2
PF28546	1TM_TonB
PF28545	1TM_TonB_rel
PF00389	2-Hacid_dh
PF02826	2-Hacid_dh_C
PF00198	2-oxoacid_dh
PF16078	2-oxogl_dehyd_N
PF04029	2-ph_phosp
PF04463	2-thiour_desulf
PF27735	2-thiour_desulf_put
PF16620	23ISL
PF05635	23S_rRNA_IVP
PF20758	2B_soluble
PF22545	2CompARG
PF22546	2CompART
PF08521	2CSK_N
PF08793	2C_adapt
PF20150	2EXR
PF11591	2Fe-2S_Ferredox
PF01257	2Fe-2S_thioredx
PF08975	2H-phosphodiest
PF22547	2H-SAK
PF03390	2HCT
PF21584	2L_N_poxvirus
PF03171	2OG-FeII_Oxy
PF13532	2OG-FeII_Oxy_2
PF13640	2OG-FeII_Oxy_3
PF13661	2OG-FeII_Oxy_4
PF13759	2OG-FeII_Oxy_5
PF20515	2OG-FeII_Oxy_6
PF10014	2OG-Fe_Oxy_2
PF13239	2TM
PF23143	2TM_P5A-ATPase
PF13563	2_5_RNA_ligase2
PF06983	3-dmu-9_3-mt
PF06052	3-HAO
PF12578	3-PAP
PF17644	30K_MP_core
PF11330	30K_MP_C_Ter
PF00803	3A
PF01073	3Beta_HSD
PF06725	3D
PF02829	3H
PF22951	3HBD
PF10605	3HBOH
PF25869	3HB_CusB
PF00725	3HCDH
PF02737	3HCDH_N
PF18321	3HCDH_RFF
PF29288	3H_bundle_halo
PF06439	3keto-disac_hyd
PF16121	40S_S4_C
PF16122	40S_SA_C
PF17947	4HB
PF03061	4HBT
PF13279	4HBT_2
PF13622	4HBT_3
PF20789	4HBT_3C
PF23313	4HB_KIF14
PF12729	4HB_MCP_1
PF26249	4HB_RdRP3_N
PF04476	4HFCP_synth
PF18671	4HPAD_g_N
PF17837	4PPT_N
PF28548	4TM_phosphoesterase
PF05902	4_1_CTD
PF01812	5-FTHF_cyc-lig
PF06189	5-nucleotidase
PF09038	53-BP1_Tudor
PF21432	56B_RHH
PF03491	5HT_transport_N
PF07694	5TM-5TMR_LYT
PF25221	5TMH_Lnb
PF01367	5_3_exonuc
PF02739	5_3_exonuc_N
PF05761	5_nucleotid
PF02872	5_nucleotid_C
PF02096	60KD_IMP
PF27023	6BHPP
PF01591	6PF2K
PF00393	6PGD
PF22242	6PGD_like
PF27505	6PGD_Tyr1_C
PF23022	6TM_1st_PGAP2IP
PF23021	6TM_2nd_PGAP2IP
PF25323	6TM_PilS
PF02294	7kD_DNA_binding
PF07698	7TM-7TMR_HD
PF07696	7TMR-DISMED2
PF07695	7TMR-DISM_7TM
PF07697	7TMR-HDED
PF00001	7tm_1
PF00002	7tm_2
PF00003	7tm_3
PF13853	7tm_4
PF02949	7tm_6
PF08395	7tm_7
PF30597	7TM_cyano
PF02117	7TM_GPCR_Sra
PF10292	7TM_GPCR_Srab
PF02175	7TM_GPCR_Srb
PF10316	7TM_GPCR_Srbc
PF10317	7TM_GPCR_Srd
PF10318	7TM_GPCR_Srh
PF10327	7TM_GPCR_Sri
PF10319	7TM_GPCR_Srj
PF10320	7TM_GPCR_Srsx
PF10321	7TM_GPCR_Srt
PF10322	7TM_GPCR_Sru
PF10323	7TM_GPCR_Srv
PF10324	7TM_GPCR_Srw
PF10328	7TM_GPCR_Srx
PF10325	7TM_GPCR_Srz
PF10326	7TM_GPCR_Str
PF14402	7TM_transglut
PF17028	8TM_micro
PF24838	8xMP
PF07388	A-2_8-polyST
PF21585	A-ATP_synth_H_N
PF23925	A-sol_ELP1
PF07966	A1_Propeptide
PF06750	A24_N_bact
PF08792	A2L_zn_ribbon
PF00207	A2M
PF21142	A2M_bMG2
PF07703	A2M_BRD
PF07677	A2M_recep
PF26967	A6-like_Thioredoxin-like_C
PF30213	A6_N
PF21631	A9CJY8-like_N
PF22430	Aa-Ago_N
PF03443	AA9
PF00004	AAA
PF09820	AAA-ATPase_like
PF12846	AAA_10
PF13086	AAA_11
PF13087	AAA_12
PF13166	AAA_13
PF13173	AAA_14
PF13175	AAA_15
PF13191	AAA_16
PF13207	AAA_17
PF13238	AAA_18
PF13245	AAA_19
PF07724	AAA_2
PF13304	AAA_21
PF13401	AAA_22
PF13476	AAA_23
PF13479	AAA_24
PF13481	AAA_25
PF13500	AAA_26
PF13514	AAA_27
PF13521	AAA_28
PF13555	AAA_29
PF07726	AAA_3
PF13604	AAA_30
PF13614	AAA_31
PF13654	AAA_32
PF13671	AAA_33
PF13872	AAA_34
PF14516	AAA_35
PF07728	AAA_5
PF12774	AAA_6
PF12775	AAA_7
PF12780	AAA_8
PF12781	AAA_9
PF14363	AAA_assoc
PF16193	AAA_assoc_2
PF09821	AAA_assoc_C
PF29203	AAA_chap_2nd
PF29202	AAA_chap_N
PF17857	AAA_lid_1
PF17872	AAA_lid_10
PF18198	AAA_lid_11
PF21396	AAA_lid_12
PF23232	AAA_lid_13
PF25601	AAA_lid_14
PF17863	AAA_lid_2
PF17862	AAA_lid_3
PF17864	AAA_lid_4
PF17865	AAA_lid_5
PF17866	AAA_lid_6
PF17867	AAA_lid_7
PF17868	AAA_lid_8
PF17871	AAA_lid_9
PF25568	AAA_lid_At3g28540
PF25426	AAA_lid_BCS1
PF25408	AAA_lid_NAV1
PF23902	AAA_lid_PRS2_C
PF25361	AAA_lid_RFC1
PF26587	AAA_lid_SMAX1
PF25520	AAA_lid_TANC1
PF23242	AAA_lid_TRIP13_C
PF08298	AAA_PrkA
PF30695	AAA_RNF213_1
PF30686	AAA_RNF213_2
PF30694	AAA_RNF213_3
PF30683	AAA_RNF213_4
PF30684	AAA_RNF213_5
PF30685	AAA_RNF213_6
PF26341	AAA_SelU
PF30483	AAA_SpoVK_2nd
PF30482	AAA_SpoVK_N
PF13427	AadA_C
PF28992	AAIM1_mid
PF28991	AAIM1_N
PF04611	AalphaY_MDB
PF03306	AAL_decarboxy
PF26791	AAPxQ
PF05282	AAR2
PF20981	AAR2_1st
PF08142	AARP2CN
PF22624	AASDHPPT_N
PF03417	AAT
PF07247	AATase
PF13339	AATF-Che1
PF00696	AA_kinase
PF00324	AA_permease
PF13520	AA_permease_2
PF13906	AA_permease_C
PF08403	AA_permease_N
PF06684	AA_synth
PF01490	Aa_trans
PF28841	Aba3
PF14108	ABA4-like
PF07336	ABATE
PF12430	ABA_GPCR
PF02496	ABA_WDS
PF14156	AbbA_antirepres
PF26999	ABC-2_memb_rel
PF00950	ABC-3
PF26919	ABC-like_C
PF03109	ABC1
PF30507	ABC1K3_C
PF30649	ABC1_C
PF30499	ABC1_cyano_C
PF01061	ABC2_membrane
PF12679	ABC2_membrane_2
PF12698	ABC2_membrane_3
PF12730	ABC2_membrane_4
PF13346	ABC2_membrane_5
PF06182	ABC2_membrane_6
PF19055	ABC2_membrane_7
PF25158	ABCA11_C
PF24526	ABCA12_C
PF24358	ABCC10_N
PF21707	ABC_AB
PF09818	ABC_ATPase
PF21709	ABC_C
PF09819	ABC_cobalt
PF16962	ABC_export
PF31118	ABC_FlqE_C
PF00664	ABC_membrane
PF06472	ABC_membrane_2
PF13748	ABC_membrane_3
PF20446	ABC_N
PF04392	ABC_sub_bind
PF20220	ABC_toxin_N
PF00005	ABC_tran
PF09822	ABC_transp_aux
PF03886	ABC_trans_aux
PF06541	ABC_trans_CmpB
PF14510	ABC_trans_N
PF16949	ABC_tran_2
PF16326	ABC_tran_CTD
PF31170	ABC_tran_C_actino
PF31115	ABC_tran_Fe_C
PF12848	ABC_tran_Xtn
PF12407	Abdominal-A
PF31081	AbeC
PF05270	AbfB
PF18225	AbfS_sensor
PF03806	ABG_transport
PF22990	ABHD16_N
PF09752	ABHD18
PF22316	ABhydrolase-like_N
PF00561	Abhydrolase_1
PF20091	Abhydrolase_10
PF20408	Abhydrolase_11
PF02230	Abhydrolase_2
PF07859	Abhydrolase_3
PF08386	Abhydrolase_4
PF12695	Abhydrolase_5
PF12697	Abhydrolase_6
PF12715	Abhydrolase_7
PF06259	Abhydrolase_8
PF10081	Abhydrolase_9
PF15420	Abhydrolase_9_N
PF04083	Abhydro_lipase
PF27594	ABI
PF08843	AbiEii
PF09407	AbiEi_1
PF09952	AbiEi_2
PF11459	AbiEi_3
PF17194	AbiEi_3_N
PF13338	AbiEi_4
PF10899	AbiGi
PF16873	AbiGii_2
PF20578	aBig_2
PF14253	AbiH
PF18860	AbiJ_NTD3
PF18863	AbiJ_NTD4
PF18865	AbiJ_NTD5
PF18864	AbiTii
PF07751	Abi_2
PF14337	Abi_alpha
PF14355	Abi_C
PF07815	Abi_HHR
PF16182	AbLIM_anchor
PF03992	ABM
PF21931	ABM-like
PF31202	ABM1
PF09441	Abp2
PF22224	AbpA-like
PF30423	AbpB_C
PF30422	AbpB_N
PF27030	AbpE_bact
PF28709	AbpF_1st_Ig
PF28708	AbpF_3rd_Ig
PF28710	AbpF_7th_Ig
PF28707	AbpF_C_Ig
PF28763	ABPF_N
PF05145	AbrB
PF14250	AbrB-like
PF18277	AbrB_C
PF27760	ABT1_C
PF26147	AB_HYDROLASE_YMC0-YMC35
PF07280	Ac110_PIF
PF20520	Ac45-VOA1_TM
PF05814	Ac76
PF05820	Ac81
PF08965	Aca2_YdiL
PF08900	AcaB
PF21343	ACAD9-ACADV_C
PF20963	Acanthaporin
PF16177	ACAS_N
PF13000	Acatn
PF23474	Acb1
PF24729	Acb2_Tad1_hairpin
PF25187	Acb3
PF26761	Acb5
PF00887	ACBP
PF24922	ACBP4_C
PF05528	Acc5b_avian_CoV
PF03255	ACCA
PF21385	ACCA_BT
PF08326	ACC_central
PF13822	ACC_epsilon
PF16671	ACD
PF14733	ACDC
PF22217	ACDH-11_C
PF09317	ACDH_C
PF28347	ACE1_beta
PF28329	ACE1_N
PF21556	AceES-2
PF06315	AceK_kinase
PF20423	AceK_regulatory
PF00871	Acetate_kinase
PF09290	AcetDehyd-dimer
PF08882	Acetone_carb_G
PF02550	AcetylCoA_hydro
PF13336	AcetylCoA_hyd_C
PF00583	Acetyltransf_1
PF13673	Acetyltransf_10
PF13720	Acetyltransf_11
PF13880	Acetyltransf_13
PF03421	Acetyltransf_14
PF17013	Acetyltransf_15
PF05301	Acetyltransf_16
PF17668	Acetyltransf_17
PF18014	Acetyltransf_18
PF18015	Acetyltransf_19
PF00797	Acetyltransf_2
PF13302	Acetyltransf_3
PF13420	Acetyltransf_4
PF13444	Acetyltransf_5
PF13480	Acetyltransf_6
PF13508	Acetyltransf_7
PF13523	Acetyltransf_8
PF13527	Acetyltransf_9
PF14542	Acetyltransf_CG
PF28828	ACF4_like
PF30473	AcfD_4th
PF26759	AcfD_helical
PF30472	AcfD_N
PF08674	AChE_tetra
PF15270	ACI44
PF29351	Acidic_SOMP
PF03767	Acid_phosphat_B
PF12689	Acid_PPase
PF28205	AciT
PF29063	ACL4_C
PF28912	AclF_C
PF28338	AclK_C
PF26144	ACL_Hsps-like
PF30266	Acm1_Central
PF05054	AcMNPV_Ac109
PF07138	AcMNPV_AC11
PF06648	AcMNPV_Ac75
PF05815	AcMNPV_Orf101
PF06856	AcMNPV_Orf17
PF07134	AcMNPV_Orf18
PF05081	AcMNPV_P18
PF04412	AcnX
PF28403	AcnX_2nd
PF28406	AcnX_3rd
PF01989	AcnX_swivel_put
PF00330	Aconitase
PF06434	Aconitase_2_N
PF11791	Aconitase_B_N
PF00694	Aconitase_C
PF01756	ACOX
PF31116	AcoX_C
PF22924	ACOX_C_alpha1
PF06857	ACP
PF05777	Acp26Ab
PF06313	ACP53EA
PF01648	ACPS
PF04336	ACP_PD
PF23297	ACP_SdgA_C
PF08545	ACP_syn_III
PF08541	ACP_syn_III_C
PF24914	ACR10_N
PF20829	Acr30-35_AcrF1
PF30848	AcrB_N
PF25704	AcrF2
PF21401	AcrF3
PF25703	AcrF31
PF25699	AcrF8
PF22147	AcrIC5
PF28100	AcrIE3-like
PF26151	AcrIF11_ADP_ribosyl
PF24304	AcrIIA4
PF28149	AcrIIA6
PF26125	AcrVA2-like
PF10766	AcrZ
PF00873	ACR_tran
PF19436	ACS_CODH_B_C
PF01842	ACT
PF09192	Act-Frag_cataly
PF28342	ACT-like
PF05058	ActA
PF11821	ActD
PF00976	ACTH_domain
PF00022	Actin
PF14408	Actino_peptide
PF17003	Actin_micro
PF11657	Activator-TraM
PF11498	Activator_LAG-3
PF01064	Activin_recp
PF16840	ACTL7A_N
PF21646	ACTMAP-like_C
PF26798	ACT_10
PF26946	ACT_11
PF26954	ACT_12
PF26955	ACT_13
PF10000	ACT_3
PF13291	ACT_4
PF13710	ACT_5
PF13740	ACT_6
PF13840	ACT_7
PF19571	ACT_8
PF22468	ACT_9
PF24931	ACT_ACR9_3rd
PF24926	ACT_ACR9_C
PF26956	ACT_ACR_D1
PF22629	ACT_AHAS_ss
PF24021	ACT_phage
PF21086	ACT_PSP_2
PF26539	ACT_YhiD_C
PF28827	AcuH_dehydrog_dom
PF18859	acVLRF1
PF01643	Acyl-ACP_TE
PF20791	Acyl-ACP_TE_C
PF21263	Acyl-CoA-dh_C
PF00441	Acyl-CoA_dh_1
PF08028	Acyl-CoA_dh_2
PF12806	Acyl-CoA_dh_C
PF02770	Acyl-CoA_dh_M
PF02771	Acyl-CoA_dh_N
PF14749	Acyl-CoA_ox_N
PF12590	Acyl-thio_N
PF12186	AcylCoA_dehyd_C
PF00708	Acylphosphatase
PF01553	Acyltransferase
PF19576	Acyltransf_2
PF16076	Acyltransf_C
PF02551	Acyl_CoA_thio
PF28265	Acyl_LnsA
PF00698	Acyl_transf_1
PF02273	Acyl_transf_2
PF01757	Acyl_transf_3
PF18883	AC_1
PF16214	AC_N
PF09793	AD
PF10198	Ada3
PF21299	ADAM10_Cys-rich
PF16698	ADAM17_MPD
PF24484	ADAMTSL1
PF23178	ADAMTS_C
PF17771	ADAMTS_CR_2
PF19236	ADAMTS_CR_3
PF05986	ADAMTS_spacer1
PF08516	ADAM_CR
PF10199	Adaptin_binding
PF01602	Adaptin_N
PF00928	Adap_comp_sub
PF02805	Ada_Zn_binding
PF06314	ADC
PF06327	Adcy_cons_dom
PF27467	AddB_5th
PF21445	ADDB_N
PF18724	ADDT
PF17981	ADD_ATRX
PF17980	ADD_DNMT3
PF13382	Adenine_deam_C
PF03352	Adenine_glyco
PF04008	Adenosine_kin
PF27706	Adenovirus-41_E3
PF02438	Adeno_100
PF03052	Adeno_52K
PF02703	Adeno_E1A
PF01691	Adeno_E1B_19K
PF01696	Adeno_E1B_55K
PF04623	Adeno_E1B_55K_N
PF06040	Adeno_E3
PF05248	Adeno_E3A
PF03376	Adeno_E3B
PF04834	Adeno_E3_14_5
PF03307	Adeno_E3_15_3
PF02440	Adeno_E3_CR1
PF02439	Adeno_E3_CR2
PF05385	Adeno_E4
PF04528	Adeno_E4_34
PF06931	Adeno_E4_ORF3
PF04881	Adeno_GP19K
PF01065	Adeno_hexon
PF03678	Adeno_hexon_C
PF02456	Adeno_IVa2
PF00541	Adeno_knob
PF11081	Adeno_L433K_22K
PF01686	Adeno_Penton_B
PF03955	Adeno_PIX
PF03910	Adeno_PV
PF01310	Adeno_PVIII
PF05829	Adeno_PX
PF00608	Adeno_shaft
PF02459	Adeno_terminal
PF03228	Adeno_VII
PF16579	AdenylateSensor
PF01295	Adenylate_cycl
PF26690	Adenylate_cycl_3rd
PF26691	Adenylate_cycl_4th
PF26693	Adenylate_cycl_C
PF00709	Adenylsucc_synt
PF12633	Adenyl_cycl_N
PF04439	Adenyl_transf
PF19582	AdeT1_2
PF29302	ADF1
PF23813	AdfA
PF27521	ADGRF2P_N
PF25387	ADGRF3_N
PF26152	ADGRG2_N
PF16812	AdHead_fibreRBD
PF09085	Adhes-Ig_like
PF30584	Adhesin-E_2
PF04619	Adhesin_Dr
PF16747	Adhesin_E
PF03257	Adhesin_P1_C
PF18652	Adhesin_P1_N
PF25137	ADH_Fe_C
PF08240	ADH_N
PF16884	ADH_N_2
PF00106	adh_short
PF13561	adh_short_C2
PF00107	ADH_zinc_N
PF13602	ADH_zinc_N_2
PF02274	ADI
PF11559	ADIP
PF15202	Adipogenin
PF06377	Adipokin_hormo
PF00406	ADK
PF05191	ADK_lid
PF19627	ADNP_N
PF05221	AdoHcyase
PF00670	AdoHcyase_NAD
PF08132	AdoMetDC_leader
PF02675	AdoMet_dc
PF07757	AdoMet_MTase
PF01941	AdoMet_Synthase
PF03496	ADPrib_exo_Tox
PF18648	ADPRTs_Tse2
PF04587	ADP_PFK_GK
PF03747	ADP_ribosyl_GH
PF25662	AdSDV_VP1
PF10397	ADSL_C
PF25379	Adt-1
PF29342	ADY4_C
PF29343	ADY4_N
PF20032	ADYC
PF08509	Ad_cyc_g-alpha
PF16701	Ad_Cy_reg
PF06355	Aegerolysin
PF25001	Aegyptin_C
PF24387	AEP-like
PF22548	AEP-TOTE
PF17049	AEP1
PF23162	AEP_C962R
PF01117	Aerolysin
PF05110	AF-4
PF27426	AF0631_C
PF27425	AF0631_N
PF27411	AF0772_C
PF27410	AF0774
PF27424	AF0891
PF14591	AF0941-like
PF22357	AF1548-like_C
PF27423	AF1633
PF29254	AF1636
PF27409	AF2028_3rd
PF27408	AF2028_C
PF27422	AF2210
PF01954	AF2212-like
PF14556	AF2331-like
PF18875	AF4_int
PF05775	AfaD
PF15339	Afaf
PF22394	AfAlkA-like_TBP-like
PF30810	AFAP_C
PF30812	AFAP_N
PF26705	AFDN
PF18876	AFF4_CHD
PF03969	AFG1_ATPase
PF07792	Afi1
PF08493	AflR
PF01314	AFOR_C
PF02730	AFOR_N
PF02420	AFP
PF18815	AFP_2
PF03756	AfsA
PF08731	AFT
PF11786	Aft1_HRA
PF11787	Aft1_HRR
PF11785	Aft1_OSA
PF12249	AftA_C
PF12250	AftA_N
PF26371	AftB_C
PF11001	AFUB_07903_YDR124W_hel
PF27352	AF_0059
PF27313	AF_0136_C
PF27315	AF_0136_N
PF27217	AF_0155
PF27236	AF_0334
PF29259	AF_0408_N
PF27375	AF_0414
PF22176	AF_0587-like_pre-PUA
PF27245	AF_0692
PF27297	AF_0843
PF27341	AF_0896_M
PF22185	AF_0924
PF27382	AF_0970
PF27327	AF_1016
PF27253	AF_1253
PF27384	AF_1283
PF27252	AF_1314_C
PF29717	AF_1314_N
PF27271	AF_1327
PF27350	AF_1447
PF27291	AF_1457
PF27259	AF_1499
PF27293	AF_1575
PF27237	AF_1625_C
PF27235	AF_1680
PF21768	AF_1763-like_C
PF27226	AF_1845
PF29613	AF_1859_C
PF27225	AF_1859_N
PF27311	AF_1994_N
PF27367	AF_2048_N
PF27374	AF_2141
PF29251	AF_2183
PF21682	AF_2299-like_N
PF27306	AF_2379
PF27302	AF_2407
PF04671	Ag332
PF21254	AGA-YXIM_GBD
PF17366	AGA2
PF21994	AGAO-like_N2
PF17992	Agarase_CBM
PF25117	Agd3_C
PF25115	Agd3_CE
PF05641	Agenet
PF07468	Agglutinin
PF18021	Agglutinin_C
PF17558	AGH
PF17998	AgI_II_C2
PF19712	AGK_C
PF26681	Agl23_C
PF22627	AglB_core-like
PF18079	AglB_L1
PF24858	AGMP_C
PF09171	AGOG
PF05039	Agouti
PF10427	Ago_hook
PF22474	Ago_Mid
PF22362	Ago_MID_bact
PF18236	AGO_N
PF18351	Ago_N_1
PF22472	Ago_N_2
PF22476	Ago_N_3
PF22333	Ago_PAZ_arc
PF06376	AGP
PF28140	AGP40
PF18746	aGPT-Pplase3
PF04647	AgrB
PF19188	AGRB_N
PF05931	AgrD
PF04730	Agro_virD5
PF18134	AGS_C
PF11440	AGT
PF29319	AGT1-like
PF06396	AGTRAP
PF09229	Aha1_N
PF25911	AHC1_C
PF25910	AHC1_N
PF17793	AHD
PF14412	AHH
PF18743	AHJR-like
PF17327	AHL_synthase
PF00578	AhpC-TSA
PF13911	AhpC-TSA_2
PF08327	AHSA1
PF09236	AHSP
PF21423	AhtL-like_1st
PF21986	AH_C
PF01594	AI-2E_transport
PF21368	AI2M-like_HNH
PF31232	AI3_C
PF15334	AIB
PF01808	AICARFT_IMPCHas
PF31144	AICE_RepA
PF31158	AICE_RepA_C
PF31134	AICE_Reps-like_N
PF08210	AID
PF16168	AIDA
PF14186	Aida_C2
PF08910	Aida_N
PF18158	AidB_N
PF21008	AIF-1
PF14962	AIF-MLS
PF14721	AIF_C
PF04548	AIG1
PF13772	AIG2_2
PF06316	Ail_Lom
PF28272	AIM11_N
PF10315	Aim19
PF11489	Aim21
PF01987	AIM24
PF17096	AIM3
PF29468	AIM36_C
PF29059	AIM39_C
PF25459	AIM3_BBC1_C
PF29317	AIM44
PF17050	AIM5
PF30387	AIM6
PF21568	AIMA-like_N
PF16780	AIMP2_LysRS_bd
PF22871	AimR
PF03915	AIP3
PF23153	Aip3p_Bud6_N
PF10592	AIPR
PF22879	AIPR_N
PF21759	AIR2-like_ZnK4
PF00731	AIRC
PF00586	AIRS
PF02769	AIRS_C
PF15298	AJAP1_PANP_C
PF26649	Ajm-1
PF27982	AJM1_C
PF29010	AJM1_N
PF30678	AKAP11
PF14469	AKAP28
PF15304	AKAP2_C
PF10469	AKAP7_NLS
PF10470	AKAP7_RIRII_bdg
PF04988	AKAP95
PF27603	AKAP9_C
PF27598	AKAP9_coil_N
PF05716	AKAP_110
PF27911	AKIP1
PF30465	Akirin
PF29587	AKLP2_N
PF12443	AKNA
PF29996	aL49
PF26023	ALA1
PF00490	ALAD
PF01262	AlaDh_PNT_C
PF05222	AlaDh_PNT_N
PF06610	AlaE
PF11839	Alanine_zipper
PF00842	Ala_racemase_C
PF01168	Ala_racemase_N
PF09135	Alb1
PF01918	Alba
PF08027	Albumin_I
PF16720	Albumin_I_a
PF17527	ALC
PF11606	AlcCBM31
PF00171	Aldedh
PF01081	Aldolase
PF00596	Aldolase_II
PF30389	Aldolase_II_2
PF01263	Aldose_epim
PF00248	Aldo_ket_red
PF11266	Ald_deCOase
PF01315	Ald_Xan_dh_C
PF23180	ALE2_N
PF03752	ALF
PF12165	Alfin
PF15924	ALG11_N
PF08660	Alg14
PF22686	Alg17C_C
PF05208	ALG3
PF03155	Alg6_Alg8
PF30637	Alg8_N
PF11182	AlgF
PF13372	Alginate_exp
PF05426	Alginate_lyase
PF08787	Alginate_lyase2
PF27285	AlgP_helical
PF16822	ALGX
PF01889	AliA_AliB
PF13949	ALIX_LYPXL_bnd
PF06029	AlkA_N
PF27981	ALKBH10B_N
PF09004	ALKBH8_N
PF15129	ALKL1_2
PF14864	Alkyl_sulf_C
PF14863	Alkyl_sulf_dimr
PF06224	AlkZ-like
PF24741	AlkZ-rel
PF12810	ALK_LTK_GRD
PF00245	Alk_phosphatase
PF26751	All-alpha_MIP2
PF03561	Allantoicase
PF05953	Allatostatin
PF29176	Allatotropin-like_C
PF06351	Allene_ox_cyc
PF25312	Allergen_Asp_f_4
PF05549	Allexi_40kDa
PF06545	AllG
PF11392	AllH
PF30333	AllH_N
PF04864	Alliinase_C
PF15309	ALMS_motif
PF18727	ALMS_repeat
PF11744	ALMT
PF17696	ALN
PF24890	ALN_composite
PF04030	ALO
PF04852	ALOG_dom
PF22128	Alp7A_like_C
PF06401	Alpha-2-MRAP_C
PF06400	Alpha-2-MRAP_N
PF00128	Alpha-amylase
PF02806	Alpha-amylase_C
PF22026	Alpha-amylase_C_2
PF02903	Alpha-amylase_N
PF09071	Alpha-amyl_C
PF07821	Alpha-amyl_C2
PF09154	Alpha-amy_C_pro
PF04168	Alpha-E
PF14456	alpha-hel2
PF06964	Alpha-L-AF_C
PF09261	Alpha-mann_mid
PF08829	AlphaC_N
PF17480	AlphaC_N2
PF02883	Alpha_adaptinC2
PF02296	Alpha_adaptin_C
PF01589	Alpha_E1_glycop
PF00943	Alpha_E2_glycop
PF01563	Alpha_E3_glycop
PF03229	Alpha_GJ
PF18489	Alpha_Helical
PF29476	Alpha_humulene_synt
PF02816	Alpha_kinase
PF01120	Alpha_L_fucos
PF02232	Alpha_TIF
PF09608	Alph_Pro_TM
PF17989	ALP_N
PF28246	Alr0857
PF27270	Alr1449
PF27288	Alr2735
PF27301	Alr2735_N
PF15299	ALS2CR8
PF25384	Alsin_RLD
PF30910	ALS_M
PF10369	ALS_ss_C
PF16541	AltA1
PF20080	ALTTAQ_rpt
PF11092	Alveol-reg_P311
PF30270	AlyA
PF02430	AMA-1
PF24112	Amanitin
PF07344	Amastin
PF28164	AmcA_3a
PF17645	Amdase
PF12475	Amdo_NSP_1-3
PF05111	Amelin
PF02948	Amelogenin
PF15757	Amelotin
PF09422	AMER
PF12190	amfpi-1
PF21405	AMG1_II
PF21404	AMG1_III
PF04709	AMH_N
PF07313	AmiA-like
PF01425	Amidase
PF01510	Amidase_2
PF01520	Amidase_3
PF05382	Amidase_5
PF12671	Amidase_6
PF01979	Amidohydro_1
PF04909	Amidohydro_2
PF07969	Amidohydro_3
PF12224	Amidoligase_2
PF09663	Amido_AtzD_TrzD
PF11741	AMIN
PF24837	AMIN-like
PF10706	Aminoglyc_resit
PF10023	Aminopep
PF00155	Aminotran_1_2
PF00202	Aminotran_3
PF01063	Aminotran_4
PF00266	Aminotran_5
PF01593	Amino_oxidase
PF21332	AmiR_N
PF02293	AmiS_UreI
PF10997	Amj
PF01871	AMMECR1
PF00909	Ammonium_transp
PF29121	AMN1_C
PF29120	AMN1_helical
PF14828	Amnionless
PF10423	AMNp_N
PF02461	AMO
PF27634	Amo1_N
PF04896	AmoC
PF03782	AMOP
PF00501	AMP-binding
PF13193	AMP-binding_C
PF14535	AMP-binding_C_2
PF23562	AMP-binding_C_3
PF23024	AMP-dom_DIP2-like
PF17113	AmpE
PF20068	Amphi-Trp
PF16561	AMPK1_CBM
PF04739	AMPKBI
PF21147	AMPK_alpha_AID
PF27529	AMPT
PF19326	AMP_deaminase
PF05195	AMP_N
PF22907	Ams1-like_1st
PF25823	Ams2-SPT21_N
PF09081	AMT4_dom_C
PF28028	Amuc_1100
PF28178	Amuc_1102
PF09094	AmyA-A_glucT_m
PF09095	AmyA-gluTrfs_C
PF22423	AmyB_C
PF22582	Amylosucrase_C-like
PF20922	Anamorsin_N
PF12859	ANAPC1
PF03256	ANAPC10
PF15243	ANAPC15
PF17256	ANAPC16
PF08672	ANAPC2
PF12895	ANAPC3
PF12896	ANAPC4
PF12894	ANAPC4_WD40
PF12862	ANAPC5
PF04049	ANAPC8
PF12856	ANAPC9
PF10471	ANAPC_CDC26
PF01821	ANATO
PF24531	ANC1_spectrin
PF22586	ANCHR-like_BBOX
PF02166	Androgen_recep
PF22068	Androglobin_II
PF22069	Androglobin_IV
PF22070	Androglobin_V
PF06369	Anemone_cytotox
PF03139	AnfG_VnfG
PF09582	AnfO_nitrog
PF01094	ANF_receptor
PF25443	ANG-1
PF19339	ANGEL2_N
PF12240	Angiomotin_C
PF28904	ANGPTL8
PF08174	Anillin
PF16018	Anillin_N
PF29868	Anionic_AP2
PF02520	ANIS5_cation-bd
PF00023	Ank
PF29131	ANKA
PF31069	ANKFN1_ab
PF31008	ANKFN1_mid
PF28486	AnkG_N
PF07260	ANKH
PF24567	ANKLE2_3rd
PF11904	ANKRD13_C
PF27687	ANKRD40_UBL
PF18418	AnkUBD
PF22170	AnkX_ins
PF12796	Ank_2
PF13606	Ank_3
PF13637	Ank_4
PF13857	Ank_5
PF24521	Ank_KRIT1
PF23745	ANK_LRRK2
PF21137	ANM3_C2H2_Zf
PF21336	ANM3_zf-C2H2
PF03702	AnmK
PF00191	Annexin
PF18411	Annexin_2
PF21397	Annexin_3
PF04547	Anoctamin
PF20877	Anoctamin_N
PF16178	Anoct_dimer
PF10731	Anophelin
PF00212	ANP
PF03452	Anp1
PF03374	ANT
PF18280	Ant-IIb_sub-bd
PF08346	AntA
PF03861	ANTAR
PF07651	ANTH
PF09156	Anthrax-tox_M
PF03497	Anthrax_toxA
PF08592	Anthrone_oxy
PF05587	Anth_Ig
PF10796	Anti-adapt_IraP
PF11630	Anti-LPS-SCYG
PF23023	Anti-Pycsar_Apyc1
PF11043	Anti-RecBCD_p2
PF28820	Anti-sigma_N
PF15777	Anti-TRAP
PF02522	Antibiotic_NAT
PF08264	Anticodon_1
PF19269	Anticodon_2
PF19303	Anticodon_3
PF11410	Antifungal_pept
PF11402	Antifungal_prot
PF11641	Antigen_Bd37
PF16364	Antigen_C
PF09255	Antig_Caf1
PF24205	Antiholin
PF08105	Antimicrobial10
PF08106	Antimicrobial11
PF08107	Antimicrobial12
PF08108	Antimicrobial13
PF08109	Antimicrobial14
PF08110	Antimicrobial15
PF08129	Antimicrobial17
PF08130	Antimicrobial18
PF08225	Antimicrobial19
PF08256	Antimicrobial20
PF14861	Antimicrobial21
PF16047	Antimicrobial22
PF16048	Antimicrobial23
PF16049	Antimicrobial24
PF16839	Antimicrobial25
PF31266	Antimicrobial26
PF08018	Antimicrobial_1
PF08023	Antimicrobial_2
PF08025	Antimicrobial_3
PF08024	Antimicrobial_4
PF08026	Antimicrobial_5
PF08036	Antimicrobial_6
PF08102	Antimicrobial_7
PF08103	Antimicrobial_8
PF08104	Antimicrobial_9
PF03230	Antirestrict
PF02822	Antistasin
PF03589	Antiterm
PF26044	Antitox_halo
PF20605	Antitox_RHH
PF28400	ANTKMT_N
PF05586	Ant_C
PF25633	Anula_coat
PF15721	ANXA2R
PF22293	ANXE1_4th
PF03098	An_peroxidase
PF18678	AOC_like
PF01786	AOX
PF15001	AP-5_subunit_s1
PF15745	AP1AR
PF00847	AP2
PF22169	AP205_coat
PF14796	AP3B1_C
PF24080	AP3B1_C_2
PF06375	AP3D1
PF19327	Ap4A_phos_N
PF14807	AP4E_app_platf
PF21589	AP5B1_barrel
PF21590	AP5B1_C
PF21588	AP5B1_middle
PF21587	AP5B1_N
PF17908	APAF1_C
PF02558	ApbA
PF08546	ApbA_C
PF02424	ApbE
PF05839	Apc13p
PF05841	Apc15p
PF21282	APC1_3rd
PF27555	APC1_3rd_nematode
PF27562	APC1_4th
PF29300	APC1_5th
PF18122	APC1_C
PF27564	APC1_C_nematodes
PF20518	Apc1_MidN
PF27563	APC1_N
PF21371	Apc5_N
PF29567	APC5_TPR
PF14921	APCDDC
PF05972	APC_15aa
PF27187	APC_Aq_097
PF05956	APC_basic
PF16689	APC_N_CC
PF05923	APC_r
PF18797	APC_rep
PF16634	APC_u13
PF16635	APC_u14
PF16636	APC_u15
PF16630	APC_u5
PF16633	APC_u9
PF16041	APD1-4_M
PF16040	APD1-4_N
PF30543	APD2
PF22753	Ape1_N
PF18862	ApeA_NTD1
PF16977	ApeC
PF31057	ApeC_bac
PF24148	ApeC_platyh
PF19283	APEH_N
PF22818	ApeI-like
PF15360	Apelin
PF28660	APEM9_helical
PF22817	ApeP-like
PF18946	Apex
PF04110	APG12
PF04111	APG6
PF17675	APG6_N
PF01636	APH
PF06105	Aph-1
PF22173	APH-like_N
PF14557	AphA_like
PF29298	APHB_HrpA
PF04655	APH_6_hur
PF05918	API5
PF00807	Apidaecin
PF25839	Apionate_lact_C
PF25838	Apionate_lact_M
PF25837	Apionate_lact_N
PF13204	Apiosidase
PF11671	Apis_Csd
PF21649	APMV_polyA_pol_cat_2nd
PF05355	Apo-CII
PF05778	Apo-CIII
PF05418	Apo-VLDL-II
PF04711	ApoA-II
PF30436	ApoB100_4ins
PF30435	ApoB100_6ins
PF30433	ApoB100_8ins
PF30406	ApoB100_arm_9ins
PF30444	ApoB100_beta_belt1
PF30454	ApoB100_beta_belt2
PF30460	ApoB100_beta_belt3
PF12491	ApoB100_C
PF18769	APOBEC1
PF18772	APOBEC2
PF18782	APOBEC3
PF18771	APOBEC3H
PF18775	APOBEC4
PF18774	APOBEC4_like
PF04691	ApoC-I
PF15119	APOC4
PF01333	Apocytochr_F_C
PF16639	Apocytochr_F_N
PF05461	ApoL
PF27830	ApolipoprotB_rcpt
PF01442	Apolipoprotein
PF15148	Apolipo_F
PF07464	ApoLp-III
PF11032	ApoM
PF26365	ApoNAT_membrane
PF09769	ApoO
PF05634	APO_RNA-bind
PF09949	APP1_cat
PF21961	AppA_4HB
PF21966	AppA_SCHIC
PF30437	AppY_N
PF10515	APP_amyloid
PF12924	APP_Cu_bd
PF12925	APP_E2
PF02177	APP_N
PF12716	Apq12
PF23526	AprA_N
PF27914	APRL7_C
PF12139	APS-reductase_C
PF01583	APS_kinase
PF03440	APT
PF06079	Apyrase
PF01261	AP_endonuc_2
PF16399	Aquarius_N_1st
PF21143	Aquarius_N_2nd
PF21144	Aquarius_N_3rd
PF27085	Aq_1262
PF27139	Aq_1264_TM
PF30232	aq_1631
PF29770	aq_1850
PF29619	aq_1923
PF22323	Aq_1974-like
PF27093	Aq_420
PF27164	Aq_493_lipo
PF29728	Aq_581
PF27284	Aq_678
PF29758	Aq_796
PF29939	aq_aa01
PF27142	Aq_aa04
PF27394	Aq_aa27
PF12489	ARA70
PF24856	AraA_central
PF02610	AraA_N
PF09206	ArabFuran-catal
PF27998	ArabinogalactanP
PF12625	Arabinose_bd
PF11762	Arabinose_Iso_C
PF04602	Arabinose_trans
PF14896	Arabino_trans_C
PF17689	Arabino_trans_N
PF02311	AraC_binding
PF14525	AraC_binding_2
PF06719	AraC_N
PF06081	ArAE_1
PF11728	ArAE_1_C
PF10337	ArAE_2_N
PF09692	Arb1
PF22749	Arb2
PF09757	Arb2-like
PF30909	ARB_00926
PF26335	ARB_00930_C
PF28404	ARB_05178
PF28392	ARB_05566_C
PF28391	ARB_05566_N
PF30933	ARB_06334_C
PF30934	ARB_06334_M
PF03869	Arc
PF21972	Arc1p_N_like
PF23468	ARC6
PF13355	ARC6-like_IMS
PF18653	Arcadin_1
PF29253	Archaeal_adhesin_N
PF12942	Archaeal_AmoA
PF29447	Archaeal_Big
PF29449	Archaeal_Ig
PF01951	Archease
PF04659	Arch_fla_DE
PF23109	ARCH_RTEL1
PF18162	Arc_C-lobe
PF27767	Arc_Cdc45
PF28760	ARC_lid
PF19284	Arc_MA
PF21395	Arc_N-lobe
PF06819	Arc_PepC
PF06847	Arc_PepC_II
PF08394	Arc_trans_TRASH
PF03079	ARD
PF07275	ArdA
PF08401	ArdcN
PF28604	aRDF
PF07573	AreA_N
PF25915	AREL1_N
PF25916	AREL1_PH-like
PF17296	ArenaCapSnatch
PF00798	Arena_glycoprot
PF17290	Arena_ncap_C
PF00843	Arena_nucleocap
PF06317	Arena_RNA_pol
PF00025	Arf
PF14949	ARF7EP_C
PF03889	ArfA
PF06456	Arfaptin
PF29743	ArfB
PF27542	ArfC
PF01412	ArfGap
PF06507	ARF_AD
PF00491	Arginase
PF00764	Arginosuc_synth
PF20979	Arginosuc_syn_C
PF01960	ArgJ
PF22864	ArgL-like
PF15346	ARGLU
PF08699	ArgoL1
PF16488	ArgoL2
PF16487	ArgoMid
PF16486	ArgoN
PF11581	Argos
PF28360	ARGOS_helical
PF21571	ArgZ-like_C_1st
PF21570	ArgZ-like_C_2nd
PF17944	Arg_decarbox_C
PF17810	Arg_decarb_HB
PF01316	Arg_repressor
PF02863	Arg_repressor_C
PF03485	Arg_tRNA_synt_N
PF15441	ARHGEF5_35
PF19422	Ariadne
PF18938	aRib
PF01388	ARID
PF06770	Arif-1
PF15840	ARL17
PF11527	ARL2_Bind_BART
PF15062	ARL6IP6
PF18719	ArlS_N
PF24151	ArlX
PF00514	Arm
PF09003	Arm-DNA-bind_1
PF12167	Arm-DNA-bind_2
PF13356	Arm-DNA-bind_3
PF14657	Arm-DNA-bind_4
PF17293	Arm-DNA-bind_5
PF30701	ARMC6
PF27652	ARMC6_N
PF21050	ARMC9_ARM
PF21051	ARMC9_LisH
PF10208	ARMET_C
PF20145	ARMET_N
PF17822	ARMH2
PF08427	ARMH3_C
PF15767	ARMH4
PF22915	ARMH5
PF30276	Arminin
PF30818	ARMS2
PF01937	ARMT1-like_dom
PF04826	Arm_2
PF16186	Arm_3
PF23295	Arm_4
PF23948	ARM_5
PF26522	ARM_6
PF26524	ARM_7
PF16629	Arm_APC_u3
PF24768	ARM_ARMC5
PF24477	ARM_At3g06530
PF25097	ARM_Cnot1
PF25505	ARM_CPL3
PF24742	ARM_CUL7_CUL9
PF23702	ARM_ECM29
PF23731	ARM_ECM29_C
PF24467	ARM_FBXO47
PF30700	ARM_GAC_1st
PF30699	ARM_GAC_2
PF24472	ARM_KDM8_N
PF24520	ARM_KNTC1_1st
PF24516	ARM_KNTC1_2nd
PF24515	ARM_KNTC1_3rd
PF23568	ARM_LIN
PF23654	ARM_LIN_2nd
PF23628	ARM_LIN_C
PF23744	ARM_LRRK2
PF25515	Arm_PDR
PF25598	ARM_PUB
PF24970	ARM_RUK
PF25326	ARM_SRB8
PF23565	ARM_TANGO6
PF23579	ARM_TBCD
PF25767	ARM_TBCD_2nd
PF25058	ARM_TT21
PF25060	ARM_TT21_2nd
PF25068	ARM_TT21_4th
PF25064	ARM_TT21_5th
PF25063	ARM_TT21_C
PF25062	ARM_TT21_N
PF25010	ARM_UBP24_USP9X-Y
PF30856	ARM_UBR_1_2_3
PF18770	Arm_vescicular
PF18677	ArnB_C
PF18583	Arnt_C
PF30401	ArnT_C_2
PF07302	AroM
PF11723	Aromatic_hydrox
PF15684	AROS
PF27856	Aro_clust
PF26053	Arp1_N
PF05856	ARPC4
PF20208	ARPP-1
PF22549	ARPP-2
PF12120	Arr-ms
PF02752	Arrestin_C
PF00339	Arrestin_N
PF04959	ARS2
PF02374	ArsA_ATPase
PF17886	ArsA_HSP20
PF02040	ArsB
PF03960	ArsC
PF06953	ArsD
PF03773	ArsP_1
PF11449	ArsP_2
PF09824	ArsR
PF01129	ART
PF18760	ART-PolyVal
PF29899	ART10_C
PF18084	ARTD15_N
PF01606	Arteri_env
PF00951	Arteri_Gl
PF02497	Arteri_GP4
PF16749	Arteri_nsp7a
PF01481	Arteri_nucleo
PF04161	Arv1
PF01731	Arylesterase
PF05935	Arylsulfotrans
PF14269	Arylsulfotran_2
PF17425	Arylsulfotran_N
PF31200	AS3MT_C
PF29630	ASA1
PF22804	ASA5
PF00858	ASC
PF26582	ASCC3_N
PF04266	ASCH
PF30643	ASCH_2
PF25026	Asd-4
PF08688	ASD1
PF22848	ASD1_dom
PF08687	ASD2
PF21440	aSelB_III
PF04729	ASF1_hist_chap
PF01671	ASFV_360
PF05568	ASFV_J13L
PF05293	ASFV_L11L
PF25667	ASFV_P17
PF06556	ASFV_p27
PF25668	ASFV_p49
PF29950	ASG7
PF15780	ASH
PF21198	ASH2L-like_WH
PF15323	Ashwin
PF29505	ASI2
PF09010	AsiA
PF19039	ASK_PH
PF30440	AslA_C
PF22304	ASLyase_C
PF08328	ASL_C
PF14698	ASL_C2
PF05170	AsmA
PF19272	ASMase_C
PF03590	AsnA
PF01037	AsnC_trans_reg
PF17805	AsnC_trans_reg2
PF22482	AsnC_trans_reg_3
PF20917	AsnRS_N
PF21975	ASNSD1-SEP
PF00733	Asn_synthase
PF00026	Asp
PF06826	Asp-Al_Ex
PF05279	Asp-B-Hydro_N
PF16993	Asp1
PF16929	Asp2
PF03780	Asp23
PF16996	Asp4
PF17000	Asp5
PF00710	Asparaginase
PF01112	Asparaginase_2
PF17763	Asparaginase_C
PF06089	Asparaginase_II
PF29532	Asparagine-rich_beta
PF21801	ASPP2-like_RA
PF17641	ASPRs
PF14521	Aspzincin_M35
PF12897	Asp_aminotransf
PF05118	Asp_Arg_Hydrox
PF02261	Asp_decarbox
PF01958	Asp_DH_C
PF01177	Asp_Glu_race
PF14669	Asp_Glu_race_2
PF09668	Asp_protease
PF13650	Asp_protease_2
PF06392	Asr
PF28237	Asr1405_Asl0597
PF07100	ASRT
PF28876	Ast
PF04958	AstA
PF01400	Astacin
PF29831	AstA_C
PF04996	AstB
PF28380	AstC-like_C
PF03669	ASTER
PF27698	Asteroid_N
PF24827	AstE_AspA_cat
PF04952	AstE_AspA_hybrid
PF19743	ASTN1_2_fn3
PF19441	ASTN_1_2_N
PF18577	ASTN_2_hairpin
PF30852	Astrin_C
PF30853	Astrin_CC
PF12285	Astrovir_pp_1
PF19415	Astro_1A
PF03115	Astro_capsid_N
PF12226	Astro_capsid_p
PF16580	Astro_capsid_p2
PF19414	Astro_p19
PF19416	Astro_VPg
PF13919	ASXH
PF20435	ASY3-like
PF30490	At1g01500_N
PF30017	At1g48610
PF26584	At1g61900
PF30950	At1g65710
PF30939	At1g76070
PF30477	At1g76660
PF24769	At2g29880_C
PF03754	At2g31720-like
PF30539	At3g17950
PF28114	At3g27290_F_box_C
PF28741	At3g27390_C
PF28744	At3g27390_N
PF28782	At3g49055
PF29049	At3g54730_beta
PF28571	At4g04980_N
PF24046	At4g08330
PF28479	At4g13230
PF30881	At4g14450
PF25972	At4g15545_C
PF28424	At4g18257_C
PF30961	At4g18490
PF28732	At4g29660
PF30870	At4g37920_C
PF30872	At4g37920_M
PF30966	At4g38062_C
PF30964	At4g38062_N
PF30682	At5g19025_C
PF28125	At5g19025_N
PF25884	At5g19230
PF27773	At5g23160
PF31239	At5g26805_C
PF31233	At5g26805_N
PF22650	At5g48480-like_C
PF22656	At5g48480-like_N
PF24104	At5g52880_ARM
PF25489	At5g54830
PF28413	At5g65660_helical
PF31015	ATAD2_C
PF12037	ATAD3_N
PF15321	ATAD4
PF08982	AtaL
PF30084	Ataxin_7
PF30016	ATbp_N
PF27445	AtcA
PF27450	AtcB_C
PF27486	AtcB_N
PF29183	AtcC_C
PF29182	AtcC_N
PF14196	ATC_hydrolase
PF25052	AtDEF-like
PF27751	ATEG07667_C
PF04377	ATE_C
PF04376	ATE_N
PF16788	ATF7IP_BD
PF12063	ATG1-like_MIT1
PF21127	ATG1-like_MIT2
PF07855	ATG101
PF10377	ATG11
PF19697	Atg11_middle
PF10033	ATG13
PF10186	ATG14
PF08614	ATG16
PF04108	ATG17_like
PF12744	ATG19
PF11700	ATG22
PF29650	ATG23
PF09451	ATG27
PF18388	ATG29_N
PF13329	ATG2_CAD
PF30211	ATG30_helical
PF09795	ATG31
PF29921	ATG32_M
PF29336	ATG33
PF29379	ATG38_C
PF30193	ATG40_N
PF29920	ATG41
PF08589	ATG43
PF20166	ATG4_LIR
PF20637	ATG5_HBR
PF20638	ATG5_UblA
PF04106	ATG5_UblB
PF16420	ATG7_N
PF02991	ATG8
PF04109	ATG9
PF03078	ATHILA
PF07737	ATLF
PF30322	AtMg00530
PF30094	AtMg00590_C
PF29349	AtMg00660
PF29348	AtMg01050
PF29438	AtMg01310
PF29781	AtMg01350
PF30420	AtoS_N
PF03477	ATP-cone
PF02222	ATP-grasp
PF08442	ATP-grasp_2
PF02655	ATP-grasp_3
PF13535	ATP-grasp_4
PF13549	ATP-grasp_5
PF18419	ATP-grasp_6
PF24923	ATP-grasp_IQCH
PF30763	ATP-grasp_LDMS
PF00217	ATP-gua_Ptrans
PF02807	ATP-gua_PtransN
PF01747	ATP-sulfurylase
PF00231	ATP-synt
PF05176	ATP-synt_10
PF00895	ATP-synt_8
PF00119	ATP-synt_A
PF00006	ATP-synt_ab
PF00306	ATP-synt_ab_C
PF02874	ATP-synt_ab_N
PF16886	ATP-synt_ab_Xtn
PF00430	ATP-synt_B
PF00137	ATP-synt_C
PF01813	ATP-synt_D
PF00401	ATP-synt_DE
PF02823	ATP-synt_DE_N
PF05680	ATP-synt_E
PF04627	ATP-synt_Eps
PF08112	ATP-synt_E_2
PF01990	ATP-synt_F
PF05511	ATP-synt_F6
PF04718	ATP-synt_G
PF03899	ATP-synt_I
PF04911	ATP-synt_J
PF22919	ATP-synt_VA_C
PF16594	ATP-synt_Z
PF06644	ATP11
PF07542	ATP12
PF12921	ATP13
PF29978	ATP18_TPR
PF11022	ATP19
PF02038	ATP1G1_PLM_MAT8
PF27772	Atp22
PF06745	ATPase
PF12156	ATPase-cat_bd
PF07345	ATPaseInh_sub_z
PF01637	ATPase_2
PF30078	ATPase_expression_N
PF09527	ATPase_gene1
PF12592	ATPase_RavA_C
PF24788	AtPDCT1_2
PF21334	ATPD_C_fung
PF21335	ATPD_C_metazoa
PF21068	ATPgraspMvdD
PF18130	ATPgrasp_N
PF14397	ATPgrasp_ST
PF15632	ATPgrasp_Ter
PF14305	ATPgrasp_TupA
PF14398	ATPgrasp_YheCD
PF12966	AtpR
PF27912	ATPSCKMT_N
PF20716	ATPTG10
PF03029	ATP_bind_1
PF01171	ATP_bind_3
PF12424	ATP_Ca_trans_C
PF10775	ATP_sub_h
PF30978	ATP_synth_6
PF14960	ATP_synth_reg
PF27469	ATP_synt_eps_C
PF05493	ATP_synt_H
PF09830	ATP_transf
PF16829	ATR13
PF22223	ATR1_N
PF21421	ATR1_WY-dom
PF30938	ATR7
PF05353	Atracotoxin
PF28451	ATRAID_C
PF28426	ATRIP_C
PF28913	ATRIP_mid
PF28409	ATRIP_N
PF03154	Atrophin-1
PF26143	ATRX_C
PF15445	ATS
PF06232	ATS3
PF11263	Attachment_P66
PF03769	Attacin_C
PF03768	Attacin_N
PF25114	AtTam38
PF25111	AtTam9
PF27957	Attf-4-like
PF07143	AttH
PF18800	Atthog
PF08037	Attractin
PF27143	Atu0565
PF11512	Atu4866
PF07287	AtuA
PF23544	AtuA_ferredoxin
PF20828	ATV_ORF273
PF09759	Atx10homo_assoc
PF12547	ATXN-1_C
PF27759	ATXN7L3B
PF08098	ATX_III
PF18461	Atypical_Card
PF13318	AtzG-like
PF11533	AtzH-like
PF02178	AT_hook
PF22301	AUDH_beta_propeller
PF18637	AUDH_Cupin
PF30083	Augmin_dgt2_C
PF15187	Augurin
PF11583	AurF
PF29003	AurF_N
PF09041	Aurora-A_bind
PF25763	Aurora-A_bind_CEP192
PF25777	Aurora-A_bind_TACC3
PF03472	Autoind_bind
PF00765	Autoind_synth
PF03987	Autophagy_act_C
PF03797	Autotransporter
PF06677	Auto_anti-p27
PF15336	Auts2
PF02041	Auxin_BP
PF05703	Auxin_canalis
PF02519	Auxin_inducible
PF05564	Auxin_repressed
PF02309	AUX_IAA
PF17198	AveC_like
PF28377	AVEN
PF03708	Avian_gp85
PF01382	Avidin
PF26421	Avidin_like
PF11599	AviRa
PF09794	Avl9
PF22383	AVR-Pik_HID
PF24180	Avr2
PF05394	AvrB_AvrC
PF05655	AvrD
PF11725	AvrE_T3Es
PF11529	AvrL567-A
PF18661	AvrLm4-7
PF18241	AvrM-A
PF18247	AvrM_N
PF22347	AvrPiz-t
PF09143	AvrPphF-ORF-2
PF11592	AvrPto
PF09046	AvrPtoB-E3_ubiq
PF16847	AvrPtoB_bdg
PF05627	AvrRpt-cleavage
PF31212	AvrRxo1-ORF2
PF28166	AvrXv3
PF06536	Av_adeno_fibre
PF05512	AWPM-19
PF17907	AWS
PF05448	AXE1
PF08517	AXH
PF16646	AXIN1_TNKS_BD
PF08833	Axin_b-cat_bind
PF10211	Ax_dynein_light
PF27389	AZC_3924
PF28606	AziU2_like
PF03591	AzlC
PF05437	AzlD
PF28150	AzuC
PF16558	AZUL
PF09260	A_amylase_dom_C
PF01356	A_amylase_inhib
PF02137	A_deamin
PF00962	A_deaminase
PF08451	A_deaminase_N
PF18424	a_DG1_N2
PF26595	A_ENA
PF09713	A_thal_3526
PF02216	B
PF24604	B-barrel_PelB_C
PF04182	B-block_TFIIIC
PF11963	B-CoV_A_NSP1
PF24750	b-prop_At3g26010-like
PF04053	B-prop_COPA_B_2nd
PF29305	B0228-1_like
PF29357	B0252_5_C
PF29370	B0252_5_N
PF29924	B0285_3
PF30039	B0361
PF29353	B0403_3
PF30187	B0563_1_N
PF02246	B1
PF02310	B12-binding
PF02607	B12-binding_2
PF22034	B129_C2H2-zf
PF06522	B12D
PF11473	B2
PF09066	B2-adapt-app_C
PF17623	B277
PF30949	B2A19
PF02362	B3
PF29067	B3-At2g33720_helical
PF19341	B3GALT2_N
PF17057	B3R
PF03483	B3_4
PF03484	B5
PF01603	B56
PF07162	B9-C2
PF07886	BA14K
PF28094	BA3454
PF06989	BAALC_N
PF08840	BAAT_C
PF07234	Babuvirus_MP
PF02673	BacA
PF27797	BACC1_N
PF18138	bacHORMA_1
PF18173	bacHORMA_2
PF05791	Bacillus_HBL
PF05968	Bacillus_PapR
PF07707	BACK
PF24570	BACK_BPM_SPOP
PF26017	BACK_BTBD8
PF13004	BACON
PF19190	BACON_2
PF22057	BACOVA_00961-like
PF22489	BACOVA_N
PF10432	bact-PGI_C
PF12173	BacteriocIIc_cy
PF28044	Bacteriocin_BacA
PF27803	Bacteriocin_CLI3235
PF27802	Bacteriocin_CLOSPO-01332
PF01721	Bacteriocin_II
PF10439	Bacteriocin_IIc
PF09221	Bacteriocin_IId
PF11758	Bacteriocin_IIi
PF27784	Bacteriocin_sonorensin
PF27786	Bacteriocin_streptolysin_S_pre
PF14406	Bacteroid_pep
PF04519	Bactofilin
PF30429	Bact_A2M_1st
PF30426	Bact_A2M_3rd
PF30427	Bact_A2M_4th
PF26164	Bact_GSDM
PF20603	Bact_hydrolase
PF16403	Bact_surface_Ig-like
PF08379	Bact_transglu_N
PF21295	Bact_transglu_N_2
PF06143	Baculo_11_kDa
PF04798	Baculo_19
PF06096	Baculo_8kDa
PF06497	Baculo_Ac102
PF04786	Baculo_DNA_bind
PF05274	Baculo_E25
PF04639	Baculo_E56
PF04850	Baculo_E66
PF12259	Baculo_F
PF03258	Baculo_FP
PF25298	Baculo_FP_2nd
PF04700	Baculo_gp41
PF03273	Baculo_gp64
PF04735	Baculo_helicase
PF05290	Baculo_IE-1
PF07206	Baculo_LEF-10
PF06385	Baculo_LEF-11
PF03041	Baculo_LEF-2
PF05847	Baculo_LEF-3
PF04838	Baculo_LEF5
PF11792	Baculo_LEF5_C
PF06061	Baculo_ME53
PF05314	Baculo_ODV-E27
PF25651	Baculo_P15
PF05073	Baculo_p24
PF04766	Baculo_p26
PF05214	Baculo_p33
PF05112	Baculo_p47
PF04878	Baculo_p48
PF04583	Baculo_p74
PF08404	Baculo_p74_N
PF04513	Baculo_PEP_C
PF04512	Baculo_PEP_N
PF05311	Baculo_PP31
PF05883	Baculo_RING
PF05789	Baculo_VP1054
PF04501	Baculo_VP39
PF08475	Baculo_VP91_N
PF04913	Baculo_Y142
PF18612	Bac_A_amyl_C
PF02043	Bac_chlorC
PF00308	Bac_DnaA
PF08299	Bac_DnaA_C
PF00216	Bac_DNA_binding
PF01311	Bac_export_1
PF01312	Bac_export_2
PF01313	Bac_export_3
PF05088	Bac_GDH_CD
PF18034	Bac_GH3_C
PF01152	Bac_globin
PF00296	Bac_luciferase
PF18008	Bac_RepA_C
PF05592	Bac_rhamnosid
PF21209	Bac_rhamnosid-like_N
PF17389	Bac_rhamnosid6H
PF17390	Bac_rhamnosid_C
PF08531	Bac_rhamnosid_N
PF01036	Bac_rhodopsin
PF09501	Bac_small_YrzI
PF01338	Bac_thur_toxin
PF02397	Bac_transf
PF18854	baeRF_family10
PF18855	baeRF_family11
PF18856	baeRF_family12
PF18844	baeRF_family2
PF18845	baeRF_family3
PF18846	baeRF_family5
PF18848	baeRF_family6
PF18849	baeRF_family7
PF18851	baeRF_family8
PF04684	BAF1_ABF1
PF12031	BAF250_C
PF09256	BaffR-Tall_bind
PF02179	BAG
PF30007	BAG2_N
PF12057	BAG6
PF20960	Bag6_BAGS
PF28661	BAG7_N
PF08180	BAGE
PF27519	BAG_BAG5
PF01426	BAH
PF21744	BAHCC1-like_Tudor
PF06861	BALF1
PF29320	BAM2_N
PF06211	BAMBI
PF19337	BAMBI_C
PF29358	BamC-like_N
PF06804	BamC_C
PF04355	BamE
PF28840	BamG
PF14092	BamH
PF02923	BamHI
PF27177	BamI_lipocalin
PF28844	BamM_C
PF28836	BamP_C
PF31183	BAM_C
PF30089	BAM_helical
PF07565	Band_3_cyto
PF01145	Band_7
PF13421	Band_7_1
PF16200	Band_7_C
PF06639	BAP
PF05529	Bap31
PF18035	Bap31_Bap29_C
PF22783	BapA_N
PF03114	BAR
PF29313	BAR1_C
PF30399	BaraA2
PF22305	BARF1_ig2
PF01337	Barstar
PF15462	Barttin
PF00967	Barwin
PF10455	BAR_2
PF16746	BAR_3
PF10456	BAR_3_WASP_bdg
PF20400	BAR_4
PF28293	BAS2
PF29408	BAS3
PF28414	BAS4
PF04865	Baseplate_J
PF26079	Baseplate_J_C
PF26078	Baseplate_J_M
PF30658	Baseplate_J_M_2
PF26776	Baseplate_J_N
PF30656	Baseplate_N
PF23779	Baseplate_Tube_p140
PF23786	Baseplate_wedge
PF01586	Basic
PF31003	BASL
PF31013	Basonuclin_N
PF05466	BASP1
PF15915	BAT
PF07001	BAT2_N
PF07584	BatA
PF13584	BatD
PF06968	BATS
PF22296	bAvd
PF01027	Bax1-I
PF12811	BaxI_1
PF22372	BA_2335-like
PF24960	BB0158
PF29229	BB0187
PF28090	BB0208
PF08031	BBE
PF25672	BBH37
PF14777	BBIP10
PF07289	BBL5
PF29715	BBL5_2nd
PF04522	BBMV_Gp1_N
PF21190	Bbp16
PF15272	BBP1_C
PF15271	BBP1_N
PF07642	BBP2
PF10082	BBP2_2
PF07585	BBP7
PF14779	BBS1
PF23351	BBS2_CtH
PF14782	BBS2_GAE
PF23353	BBS2_hp
PF14783	BBS2_Mid
PF14781	BBS2_N
PF23350	BBS2_pf
PF23360	BBS7_GAE
PF23349	BBS7_hp
PF23361	BBS7_pf
PF29774	BB_0097
PF18063	BB_PF
PF06726	BC10
PF21592	Bc2l-C_N
PF05700	BCAS2
PF12490	BCAS3
PF21034	BCAS3_WD40
PF12399	BCA_ABC_TP_C
PF13862	BCCIP
PF02028	BCCT
PF15461	BCD
PF25790	BCD1
PF10436	BCDHK_Adom3
PF25340	BCD_RFX
PF10022	BcGHD
PF07284	BCHF
PF02327	BChl_A
PF00452	Bcl-2
PF12201	bcl-2I13
PF15286	Bcl-2_3
PF10514	Bcl-2_BAD
PF11502	BCL9
PF18573	BclA_C
PF12304	BCLP
PF15318	Bclt
PF08945	Bclx_interact
PF04714	BCL_N
PF09257	BCMA-Tall_bind
PF07572	BCNT
PF15808	BCOR
PF09399	bCoV_lipid_BD
PF16251	bCoV_NAB
PF12133	bCoV_NS6
PF08779	bCoV_NS7A
PF11395	bCoV_NS7B
PF12093	bCoV_NS8
PF11501	bCoV_NSP1
PF12379	bCoV_NSP3_N
PF17635	bCoV_Orf14
PF16451	bCoV_S1_N
PF09408	bCoV_S1_RBD
PF12124	bCoV_SUD_C
PF11633	bCoV_SUD_M
PF11289	bCoV_viroporin
PF09036	Bcr-Abl_Oligo
PF01869	BcrAD_BadFG
PF08740	BCS1_N
PF30416	BcsA_N
PF05420	BCSC_C
PF29872	BcsE_C
PF10995	BcsE_N
PF29399	BcsG_N
PF20434	BD-FAE
PF21596	Bd2520-like_N
PF14439	Bd3614-deam
PF14442	Bd3614_N
PF21603	Bdbt-like_TPR
PF08072	BDHCT
PF16204	BDHCT_assoc
PF21903	BDI_0842
PF22256	BDI_1685-like_C
PF20689	bDLD1
PF20707	bDLD2
PF20690	bDLD3
PF10684	BDM
PF06208	BDV_G
PF06515	BDV_P10
PF06595	BDV_P24
PF06407	BDV_P40
PF18820	BD_b_sandwich
PF02138	Beach
PF28336	BEAN1_helical
PF17454	Bee_toxin
PF27583	BEGAIN_coil
PF29413	BEM4-like_N
PF29499	BEM4_C
PF10523	BEN
PF03594	BenE
PF07255	Benyvirus_14KDa
PF05744	Benyvirus_P25
PF17841	Bep_C_terminal
PF05687	BES1_N
PF02944	BESS
PF01062	Bestrophin
PF14023	Bestrophin-like
PF25539	Bestrophin_2
PF17035	BET
PF07944	Beta-AFase-like_GH127_cat
PF03494	Beta-APP
PF25963	Beta-barrel_AAEA
PF25965	Beta-barrel_ALG44
PF26002	Beta-barrel_AprE
PF25455	Beta-barrel_CAF17_C
PF23763	Beta-barrel_GLAA-B_I
PF23764	Beta-barrel_GLAA-B_II
PF25462	Beta-barrel_INTS6
PF25944	Beta-barrel_RND
PF25954	Beta-barrel_RND_2
PF26011	Beta-barrel_RND_rel
PF25461	Beta-barrel_SelB
PF25990	Beta-barrel_YknX
PF10996	Beta-Casp
PF21394	Beta-ketacyl_N
PF00144	Beta-lactamase
PF13354	Beta-lactamase2
PF16458	Beta-prism_lec
PF13570	Beta-prop_ACSF4
PF25460	Beta-prop_Aladin
PF29948	Beta-prop_ApeH-3
PF25465	Beta-prop_At4g14310
PF23635	Beta-prop_AT5G49610-like
PF24981	Beta-prop_ATRN-LZTR1
PF23743	Beta-prop_BBS7
PF24067	Beta-prop_BT_1020
PF24105	Beta-prop_CAF1B_HIR1
PF13964	Beta-prop_Calicin
PF15020	Beta-prop_CATSPERD
PF22844	Beta-prop_CATSPERE
PF25292	Beta-prop_CGLA
PF23760	Beta-prop_DCAF12
PF23761	Beta-prop_DCAF4
PF24106	Beta-prop_EDC4L
PF23609	Beta-prop_EIPR1
PF04762	Beta-prop_ELP1_1st
PF23797	Beta-prop_ELP1_2nd
PF25293	Beta-prop_EMC1_N
PF23409	Beta-prop_EML
PF23414	Beta-prop_EML_2
PF23727	Beta-prop_FAM234A_B
PF13415	Beta-prop_FBX42
PF23756	Beta-prop_HPS5
PF23366	Beta-prop_HVO_0234
PF23381	Beta-prop_IFT122_1st
PF23377	Beta-prop_IFT122_2nd
PF23383	Beta-prop_IFT140_1st
PF23385	Beta-prop_IFT140_2nd
PF23335	Beta-prop_IFT80_2nd
PF23754	Beta-prop_IP5PC_F
PF03478	Beta-prop_KIB1-4
PF23748	Beta-prop_LRRK2
PF30506	Beta-prop_MIP2
PF23098	Beta-prop_NOL10_N
PF11715	Beta-prop_Nup120_160
PF16755	Beta-prop_NUP159_NUP214
PF23586	Beta-prop_NWD2_C
PF26607	Beta-prop_PLL
PF25499	Beta-prop_pof12
PF25440	Beta-prop_RIC1_2nd
PF23770	Beta-prop_RIG_1st
PF23775	Beta-prop_RIG_2nd
PF25494	Beta-prop_Rol-3
PF10433	Beta-prop_RSE1_1st
PF23726	Beta-prop_RSE1_2nd
PF24017	Beta-prop_SCAP
PF23798	Beta-prop_SPT8
PF25047	Beta-prop_TEP1_2nd
PF25048	Beta-prop_TEP1_C
PF25174	Beta-prop_THOC3
PF13418	Beta-prop_TYW4
PF23411	Beta-prop_Vps41
PF23410	Beta-prop_VPS8
PF23751	Beta-prop_WDR11_1st
PF23752	Beta-prop_WDR11_2nd
PF23389	Beta-prop_WDR19_1st
PF15911	Beta-prop_WDR19_2nd
PF23390	Beta-prop_WDR35_2nd
PF24797	Beta-prop_WDR35_TULP_N
PF25171	Beta-prop_WDR36-Utp21_1st
PF25168	Beta-prop_WDR36-Utp21_2nd
PF25173	Beta-prop_WDR3_1st
PF25172	Beta-prop_WDR3_2nd
PF25178	Beta-prop_WDR41
PF25175	Beta-prop_WDR5
PF23869	Beta-prop_WDR75_1st
PF23769	Beta-prop_WDR75_2nd
PF23393	Beta-prop_WDR90_POC16_2nd
PF27482	Beta-prop_YycP
PF24142	Beta-sand_ComC_1st
PF24143	Beta-sand_ComC_2nd
PF23722	Beta-sand_DEX1
PF24078	Beta-sol_PIC_HAP1_IgA0_2nd
PF12125	Beta-TrCP_D
PF24208	Beta-tre_PLH30
PF13364	BetaGal_ABD2
PF21317	BetaGal_ABD_1
PF10435	BetaGal_dom2
PF13363	BetaGal_dom3
PF21467	BetaGal_gal-bd
PF25686	Betaherpes_U91
PF16523	betaPIX_CC
PF01212	Beta_elim_lyase
PF13229	Beta_helix
PF18835	Beta_helix_2
PF18889	Beta_helix_3
PF28492	Beta_helix_4
PF17030	Beta_lactamase3
PF27054	Beta_methylindole_red_C
PF09826	Beta_propel
PF25279	Beta_prop_At2g24240
PF14350	Beta_protein
PF28325	Beta_trefoil_fun
PF26322	Beta_trefoil_Wo
PF08667	BetR
PF00407	Bet_v_1
PF28462	Bet_v_1_TRM44_N
PF04538	BEX
PF09210	BE_C
PF22452	BF9343_1606-like_C
PF21053	BFA1_C
PF22576	Bfc
PF18243	BfiI_DBD
PF21784	Bflower
PF21785	Bflower_2
PF21786	Bflower_3
PF02577	BFN_dom
PF28386	BfoA_C
PF28387	BfoA_N
PF30554	Bfr1
PF21606	BgaA-like_CBM
PF02929	Bgal_small_N
PF25890	BGLAP_C
PF28074	BH0509
PF21469	BH1974-like_central
PF15285	BH3
PF02180	BH4
PF10403	BHD_1
PF10404	BHD_2
PF10405	BHD_3
PF14215	bHLH-MYC_N
PF22754	bHLH-TF_ACT-like_plant
PF28581	BHLH144_N
PF23171	bHLH_HIF1A
PF23174	bHLH_ILI
PF23179	bHLH_INO2
PF23181	bHLH_INO4
PF23177	bHLH_IRO3
PF23176	bHLH_LHW
PF23172	bHLH_NCOA
PF23183	bHLH_NPAS4
PF23170	bHLH_PER
PF23173	bHLH_SAC51
PF23175	bHLH_STRA8
PF20959	BibA_N
PF09730	BicD
PF27654	BICDL2_C
PF28516	BIC_C
PF06393	BID
PF22359	Big-like
PF27678	BIG1_C
PF27676	BIG1_N
PF05688	BIg21
PF20252	BIG2_C
PF27417	BigA_3rd
PF27415	BigA_4th
PF25783	BigA_beta
PF25784	BigA_N
PF02369	Big_1
PF17964	Big_10
PF18200	Big_11
PF19078	Big_12
PF19077	Big_13
PF20251	Big_14
PF20622	Big_15
PF02368	Big_2
PF07523	Big_3
PF12245	Big_3_2
PF13750	Big_3_3
PF13754	Big_3_4
PF16640	Big_3_5
PF07532	Big_4
PF13205	Big_5
PF17936	Big_6
PF17957	Big_7
PF17961	Big_8
PF17963	Big_9
PF30505	Big_grain_1
PF27055	BilA_UBL_2
PF24702	BilB-like
PF18281	BILBO1_N
PF29668	BilD_C
PF27312	BilD_N
PF04775	Bile_Hydr_Trans
PF25732	BILF1
PF09166	Biliv-reduc_cat
PF20238	BIM1-like_dom
PF06773	Bim_N
PF21532	Bin2_C
PF06859	Bin3
PF30948	BIN4
PF03495	Binary_toxB
PF17475	Binary_toxB_2
PF17476	Binary_toxB_3
PF02084	Bindin
PF08149	BING4CT
PF04301	BioG
PF00351	Biopterin_H
PF27488	BioS
PF15368	BioT2
PF02785	Biotin_carb_C
PF00289	Biotin_carb_N
PF00364	Biotin_lipoyl
PF03744	BioW
PF02632	BioY
PF21018	BipA_C
PF06832	BiPBP_C
PF00653	BIR
PF12356	BIRC6
PF20489	Birna_RdRp_C
PF04197	Birna_RdRp_palm
PF20488	Birna_VP1_thumb
PF01766	Birna_VP2
PF01767	Birna_VP3
PF01768	Birna_VP4
PF03042	Birna_VP5
PF28452	BIVM
PF05858	BIV_Env
PF05853	BKACE
PF30743	BKI1
PF25695	BKRF4
PF03493	BK_channel_a
PF21492	bL31_N
PF25131	bL9m_N
PF21179	BldD-like_C
PF22677	Ble-like_N
PF21629	Bleomycin_resist_prot_dom
PF08939	Bles03
PF17752	BLF1
PF04273	BLH_phosphatase
PF17324	BLI1
PF07467	BLIP
PF16547	BLM10_N
PF16202	BLM_N
PF11642	Blo-t-5
PF15753	BLOC1S3
PF28963	BLOC1S4
PF10046	BLOC1_2
PF24673	Blr_divisome
PF25040	BLTP1_C
PF25039	BLTP1_M
PF20413	BLTP1_N
PF24917	BLTP3A_B
PF04940	BLUF
PF05289	BLYB
PF00936	BMC
PF12130	bMERB_dom
PF15185	BMF
PF04380	BMFP
PF17970	bMG1
PF17973	bMG10
PF11974	bMG3
PF17972	bMG5
PF17962	bMG6
PF09132	BmKX
PF02608	Bmp
PF15282	BMP2K_C
PF12141	BMT
PF11968	Bmt2
PF10354	BMT5-like
PF28656	BNI5_helical
PF12496	BNIP2
PF06553	BNIP3
PF25740	BNLF2a
PF02012	BNR
PF13088	BNR_2
PF13859	BNR_3
PF15892	BNR_4
PF15899	BNR_6
PF14873	BNR_assoc_N
PF04920	BNYVV_p31
PF06358	BNYVV_TGB3
PF04076	BOF
PF07441	BofA
PF08955	BofC_C
PF08977	BOFC_N
PF01722	BolA
PF02044	Bombesin
PF05298	Bombinin
PF08096	Bombolitin
PF04972	BON
PF21923	BON_like
PF08145	BOP1NT
PF29598	BopA_C
PF15280	BORA_N
PF10157	BORCS6
PF16088	BORCS7
PF10167	BORCS8
PF10512	Borealin
PF14957	BORG_CEP
PF31221	Borosin_clasp
PF02414	Borrelia_orfA
PF02999	Borrelia_orfD
PF04160	Borrelia_orfX
PF05628	Borrelia_P13
PF05262	Borrelia_P83
PF03978	Borrelia_REV
PF27021	BOS1_GOSR2_MEM11-like_N
PF12298	Bot1p
PF05588	Botulinum_HA-17
PF00228	Bowman-Birk_leg
PF08146	BP28CT
PF23621	BP74_N
PF10759	BPA
PF18040	BPA_C
PF00528	BPD_transp_1
PF19300	BPD_transp_1_N
PF02653	BPD_transp_2
PF22632	BphC_D1
PF06139	BphX
PF08000	bPH_1
PF23494	bPH_10
PF25362	bPH_11
PF30638	bPH_12
PF03703	bPH_2
PF14470	bPH_3
PF06713	bPH_4
PF10882	bPH_5
PF10756	bPH_6
PF20794	bPH_7
PF23491	bPH_8
PF23492	bPH_9
PF02237	BPL_C
PF03099	BPL_LplA_LipB
PF16917	BPL_LplA_LipB_2
PF09825	BPL_N
PF20030	bpMoxR
PF25716	BPP1_LPA
PF18338	BppL_N
PF21470	BppU-like_C
PF18667	BppU_IgG
PF10651	BppU_N
PF08947	BPS
PF03087	BPS1
PF01861	BpsA_C
PF07077	BPSS1818
PF11958	BPSS1860
PF17044	BPTA
PF25315	BPTI_nem
PF11564	BpuJI_N
PF15516	BpuSI_N
PF22008	BpuSI_TRD
PF19915	bpX0
PF19917	bpX1
PF29786	BpX2_C
PF19918	BpX2_N
PF19919	bpX3
PF19920	bpX4
PF19921	bpX5
PF19922	bpX6
PF28681	Bqt3_C
PF06753	Bradykinin
PF28680	Brambleberry_hb
PF02485	Branch
PF05525	Branch_AA_trans
PF28279	BRANT
PF07576	BRAP2
PF28344	BRAT1
PF13882	Bravo_FIGEY
PF31228	BRC-2_C
PF31223	BRC-2_M
PF31226	BRC-2_N
PF09169	BRCA-2_helical
PF09103	BRCA-2_OB1
PF09104	BRCA-2_OB3
PF00634	BRCA2
PF21318	BRCA2DBD_OB2
PF22687	BRCA2_TR2
PF18110	BRCC36_C
PF00533	BRCT
PF16589	BRCT_2
PF18428	BRCT_3
PF12820	BRCT_assoc
PF23294	BRCT_TopB1_SLF1
PF17105	BRD4_CDT
PF06113	BRE
PF08647	BRE1
PF26052	BRE1B
PF10334	BRE4
PF25796	BREX_BrxC_4th
PF25792	BREX_BrxC_helical
PF30824	BREX_PglY_2nd
PF26381	BREX_PglY_5th
PF26382	BREX_PglY_6th
PF07741	BRF1
PF21886	BRF2-like_C_cyclin_rpt
PF29605	BrfA
PF10164	BRI3
PF14965	BRI3BP
PF04089	BRICHOS
PF19052	BRINP_C
PF22299	BRISC_FAM175B_helical
PF04427	Brix
PF07533	BRK
PF09607	BrkDBD
PF15710	Brme1
PF14384	BrnA_antitoxin
PF04365	BrnT_toxin
PF02498	Bro-N
PF03097	BRO1
PF14961	BROMI
PF23440	BROMI_C
PF23431	BROMI_N
PF00439	Bromodomain
PF01318	Bromo_coat
PF01573	Bromo_MP
PF07524	Bromo_TP
PF17027	Bromo_TP_like
PF21188	BRR2_plug
PF10104	Brr6_like_C_C
PF05244	Brucella_OMP2
PF25437	BRWD1_N
PF25313	BRWD_AD
PF08381	BRX
PF08849	BrxA
PF08747	BrxB
PF11009	BrxC
PF19557	BrxC-PglY_N
PF27212	BrxC_7th
PF27153	BrxC_ab
PF10923	BrxC_BrxD
PF26412	BrxE
PF13337	BrxL_ATPase
PF20442	BrxL_N
PF26107	BrxR_CTD
PF16627	BRX_assoc
PF13713	BRX_N
PF26519	BsaP
PF20916	BscB_a-b
PF03909	BSD
PF25436	BSD2_CRD
PF28704	BSD2_N
PF07832	Bse634I
PF25964	BSH_ALG44
PF25919	BSH_CusB
PF25973	BSH_CzcB
PF26077	BSH_Fcp1
PF25935	BSH_LcnD
PF25917	BSH_RND
PF26018	BSH_RND_rel
PF25997	BSH_YhbJ
PF25984	BSH_YknX
PF17735	BslA
PF12280	BSMAP
PF22644	BsNagA_N
PF04450	BSP
PF18220	BspA_v
PF05432	BSP_II
PF18512	BssB_TutG
PF08201	BssC_TutF
PF13991	BssS
PF16716	BST2
PF26567	BstA_C
PF06616	BsuBI_PstI_RE
PF17728	BsuBI_PstI_RE_N
PF12690	BsuPI
PF03092	BT1
PF08800	BT4734-like_N
PF03704	BTAD
PF00651	BTB
PF25553	BTB-POZ_ANK-like
PF21059	BTBD16_C
PF15363	BTBD8_C
PF02214	BTB_2
PF16017	BTB_3
PF23998	BTB_BTBDG
PF21536	BTB_KLHL33
PF11822	BTB_SANBR
PF09270	BTD
PF07742	BTG
PF29664	BtgE-BtgC_glyc-hydro
PF28457	BtgE_N
PF18410	BTHB
PF21627	BTH_I2711-like
PF00779	BTK
PF29696	BTN2-like_N
PF29695	BTN2_C
PF05232	BTP
PF03437	BtpA
PF17660	BTRD1
PF14399	BtrH_N
PF04514	BTV_NS2
PF09405	Btz
PF16404	BT_2262-like_C
PF14274	BT_3044-like_C
PF22095	BT_3535-like
PF08522	BT_3987-like_N
PF16380	BT_4170-like_C
PF21139	BT_MCC_alpha
PF05560	Bt_P21
PF30248	BU584_C
PF09227	Bubble
PF20137	BubE
PF30977	Bucky_ball
PF09736	Bud13
PF09073	BUD22
PF01125	BUD31
PF12015	Bud3_N
PF29106	BUD4_C2
PF29315	BUD8_BUD9_C
PF10048	BufA1
PF04426	Bul1_C
PF04425	Bul1_N
PF05307	Bundlin
PF03557	Bunya_G1
PF03563	Bunya_G2
PF01104	Bunya_NS-S
PF00952	Bunya_nucleocap
PF04196	Bunya_RdRp
PF29927	BUR2_C
PF29928	BUR2_N
PF03181	BURP
PF09792	But2
PF28289	BV97_02767
PF18826	bVLRF1
PF22054	BVU_2266-like
PF25691	BW3TFN
PF30667	Byr4
PF04681	Bys1
PF05291	Bystin
PF00170	bZIP_1
PF07716	bZIP_2
PF12498	bZIP_C
PF28673	bZIP_CREBRF_C
PF03131	bZIP_Maf
PF27643	BZP1_C
PF27053	B_anthracis_pXO2_26
PF21221	B_lactamase-like_C
PF01453	B_lectin
PF18841	B_solenoid_dext
PF18836	B_solenoid_ydck
PF15617	C-C_Bond_Lyase
PF20160	C-JID
PF08782	c-SKI_SMAD_bind
PF28984	C02F5_12_N
PF30098	C03B1_C
PF30099	C03B1_N
PF29437	C05C10_C
PF29588	C06E1-9_M
PF29589	C06E1_9_N
PF29550	C09G5_7
PF29552	C09G5_7_C
PF22926	C1-like_CT
PF07654	C1-set
PF31177	C10orf126
PF28787	C11orf97
PF09404	C12orf66_like
PF30959	C13E7
PF29005	C13G5-2_N
PF28831	C13orf42
PF27972	C13orf46-like
PF28562	C14orf132
PF27955	C160412_helical
PF17615	C166
PF31231	C16C10_9
PF30865	C16C6_04
PF29064	C17orf100
PF28938	C17orf114
PF29345	C17orf58
PF20721	C19orf12
PF17703	C19orf84
PF28932	C19orf85_N
PF27946	C1orf162
PF15547	C1ORF64
PF00386	C1q
PF00130	C1_1
PF03107	C1_2
PF07975	C1_4
PF20821	C1_PlyCB
PF00168	C2
PF11618	C2-C2_1
PF05790	C2-set
PF08205	C2-set_2
PF22705	C2-set_3
PF22674	C2185-like_N
PF27940	C21orf140-like
PF27815	C24B10_03
PF27971	C27D6_3-like
PF22172	C2c1_helical
PF22202	C2c1_helical_1st
PF22077	C2c1_Nuc-II
PF22126	C2c1_RuvC-like
PF22204	C2c1_WED-II
PF23128	C2CD5_C
PF22995	C2CH-3rd_BIRD-IDD
PF22992	C2CH-4th_BIRD-IDD
PF22996	C2H2-2nd_BIRD-IDD
PF25095	C2H2-zf_KIN17
PF24757	C2H2_ASCIZ
PF24761	C2H2_ASCIZ_4th
PF24759	C2HC_ASCIZ
PF26708	C2orf42_C
PF10561	C2orf69
PF29107	C2orf92
PF25339	C2_C2CD3_N
PF25341	C2_CAPS
PF29403	C2_CERLI2
PF25338	C2_DCK_4th
PF25329	C2_GDE1
PF25334	C2_GRDP
PF23122	C2_ITFG1
PF25331	C2_Mug190_3rd
PF25330	C2_nem
PF25337	C2_N_APX
PF25332	C2_PACS_N
PF24147	C2_SHIP1-2_2nd
PF24150	C2_SHIP1-2_first
PF25336	C2_SYDE
PF24920	C2_TCB1
PF30235	C30G12_N
PF30205	C32D5_mid
PF29793	C35A5_10
PF28878	C3H64_C
PF28569	C3H7_08c_C
PF28644	C3H7_N
PF27898	C3orf18_N
PF27948	C3orf22
PF28264	C3orf49
PF28870	C3orf85_N
PF21406	C3_CUB1
PF21308	C3_CUB2
PF01413	C4
PF29165	C45G9_12
PF29458	C45G9_2nd
PF29461	C45G9_3rd
PF29459	C45G9_4th
PF29502	C45G9_6_C
PF29909	C45G9_C
PF29456	C45G9_N
PF18453	C4bp_oligo
PF21145	C4_MG1
PF06662	C5-epim_C
PF17982	C5HCH
PF29947	C5orf22
PF15025	C5orf34-like_N
PF22833	C5orf34_2nd
PF15016	C5orf34_C
PF29007	C5orf58
PF21309	C5_CUB
PF01681	C6
PF27909	C613_03_C
PF29328	C6orf89_C
PF28222	C6orf89_N
PF10170	C6_DPF
PF21284	C7_FIM2_N
PF08742	C8
PF23263	C8-3_MUC4
PF29333	C8orf90
PF15019	C9orf72-like
PF15011	CA109-like
PF20814	CAA3_Cox_suIV
PF09678	Caa3_CtaG
PF14159	CAAD
PF15335	CAAP1
PF12515	CaATP_NAI
PF15895	CAAX_1
PF21133	CAA_C
PF30992	CABIN1_C
PF30995	CABIN1_M
PF30993	CABIN1_N
PF12736	CABIT
PF15367	CABS1
PF16885	CAC1F_C
PF21796	Cac1_C
PF27776	CACHD1_C
PF30734	CACHD1_mid
PF30670	CACHD1_middle
PF17201	Cache_3-Cache_2
PF29282	Cache_BaeS_N
PF23846	Cache_WalK
PF09732	CactinC_cactus
PF10312	Cactin_mid
PF03596	Cad
PF29986	CadC_C
PF18500	CadC_C1
PF00028	Cadherin
PF12733	Cadherin-like
PF08266	Cadherin_2
PF16184	Cadherin_3
PF17803	Cadherin_4
PF17892	Cadherin_5
PF23592	Cadherin_CELSR2_9th
PF16492	Cadherin_C_2
PF25374	Cadherin_FAT4_N
PF08758	Cadherin_pro
PF15974	Cadherin_tail
PF01049	CADH_Y-type_LIR
PF09232	Caenor_Her-1
PF07440	Caerin_1
PF15512	CAF-1_p60_C
PF04857	CAF1
PF15539	CAF1-p150_C2
PF15557	CAF1-p150_N
PF30067	CAF130_C
PF30071	CAF130_M
PF30066	CAF130_N
PF11600	CAF1A_acidic
PF12253	CAF1A_dimeriz
PF12265	CAF1C_H4-bd
PF17052	CAF20
PF11615	Caf4
PF13117	Cag12
PF03507	CagA
PF18971	CagA_N
PF16567	CagD
PF15066	CAGE1
PF03135	CagE_TrbE_VirB
PF22450	CagL
PF16707	CagS
PF03524	CagX
PF14585	CagY_I
PF07337	CagY_M
PF09053	CagZ
PF07180	CaiF_GrlA
PF25811	CAK-anch_MAT1
PF03185	CaKB
PF28003	CAL67264-like
PF04847	Calcipressin
PF11535	Calci_bind_CcbP
PF07888	CALCOCO1
PF06387	Calcyon
PF00214	Calc_CGRP_IAPP
PF02029	Caldesmon
PF05042	Caleosin
PF00915	Calici_coat
PF08435	Calici_coat_C
PF05752	Calici_MSP
PF08405	Calici_PP_N
PF07887	Calmodulin_bind
PF20452	Calmod_bind_C
PF20451	Calmod_bind_M
PF01067	Calpain_III
PF00748	Calpain_inhib
PF16648	Calpain_u2
PF26741	CalpD_C
PF30284	Calphotin_C
PF00402	Calponin
PF00262	Calreticulin
PF25968	CALS1
PF05556	Calsarcin
PF01216	Calsequestrin
PF03160	Calx-beta
PF13944	Calycin_like
PF15170	CaM-KIIN
PF02888	CaMBD
PF08332	CaMKII_AD
PF05538	Campylo_MOMP
PF07373	CAMP_factor
PF07537	CamS
PF17095	CAMSAP_CC1
PF11971	CAMSAP_CH
PF08683	CAMSAP_CKK
PF10562	CaM_bdg_C0
PF16025	CaM_bind
PF07839	CaM_binding
PF21904	CAND6-7_N
PF28359	CandA_N
PF05792	Candida_ALS
PF11766	Candida_ALS_N
PF14816	CANIN
PF00188	CAP
PF23448	CAP-like_CFAP184
PF15255	CAP-ZIP_m
PF10137	CAP12-PCTIR_TIR
PF18153	Cap15_CD_rec
PF23471	Cap15_TM
PF07918	CAP160
PF18178	Cap17-like_N
PF12153	CAP18_C
PF28223	CAP22
PF26398	Cap2_linker
PF14130	Cap4_nuclease
PF11735	CAP59_mtransfer
PF27322	Cap8
PF30141	CAPA
PF31156	CapB_C
PF27533	CapK_C
PF21875	CAPN13-like_C_EFh
PF21817	CapR
PF12287	Caprin-1_C
PF18293	Caprin-1_dimer
PF11729	Capsid-VNN
PF16903	Capsid_N
PF04451	Capsid_NCLDV
PF11889	Capsid_pestivir
PF17071	Capsid_VP7
PF21991	capSnatchArena
PF05159	Capsule_synth
PF14052	Caps_assemb_Wzi
PF05704	Caps_synth
PF14102	Caps_synth_CapC
PF06251	Caps_syn_GfcC_C
PF20616	Caps_syn_GfcC_N
PF14504	CAP_assoc_N
PF08603	CAP_C
PF26986	Cap_depo
PF01302	CAP_GLY
PF21938	CAP_N
PF01213	CAP_N-CM
PF09147	CarA_N
PF16861	Carbam_trans_C
PF02543	Carbam_trans_N
PF13715	CarbopepD_reg_2
PF01039	Carboxyl_trans
PF13620	CarboxypepD_reg
PF02977	CarbpepA_inh
PF05388	Carbpep_Y_N
PF00194	Carb_anhydrase
PF10645	Carb_bind
PF01256	Carb_kinase
PF08261	Carcinustatin
PF00619	CARD
PF09002	Card1_endonuc
PF07705	CARDB
PF22509	CARDS-D2_trefoil
PF22346	CARDS_D3
PF16739	CARD_2
PF21095	CarD_C
PF02559	CarD_TRCF_RID
PF24744	CARF-assoc_HTH
PF23400	CARF_Card1
PF21955	CarG-like
PF01623	Carla_C4
PF11531	CARM1
PF07942	CARME
PF16000	CARMIL_C
PF08462	Carmo_coat_C
PF17888	Carm_PH
PF00755	Carn_acyltransf
PF04240	Caroten_synth
PF09150	Carot_N
PF01864	CarS-like
PF06373	CART
PF22335	Cas10-Cmr2_palm2
PF07282	Cas12f1-like_TNB
PF28350	Cas13a_C
PF28192	Cas13a_endoribonuclease
PF07779	Cas1_AcylT
PF21802	Cas3-like_C
PF22590	Cas3-like_C_2
PF30455	Cas3_4th
PF18395	Cas3_C
PF18019	Cas3_HD
PF21384	Cas3_I-F_Cas2
PF20158	Cas5fv_helical
PF09559	Cas6
PF17262	Cas6b_C
PF17955	Cas6b_N
PF28248	Cas6_csf5
PF21350	Cas6_I-A
PF17952	Cas6_N
PF28157	Cas7fv-like
PF24122	Cas8b_C
PF24121	Cas8b_N
PF16593	Cas9-BH
PF18470	Cas9_a
PF17893	Cas9_b_hairpin
PF18525	Cas9_C
PF22385	Cas9_C_2
PF16595	Cas9_PI
PF18070	Cas9_PI2
PF21574	Cas9_PI_C
PF16592	Cas9_REC
PF22702	Cas9_RuvC
PF17894	Cas9_Topo
PF12366	Casc1_C
PF15927	Casc1_N
PF00363	Casein
PF00997	Casein_kappa
PF16907	Caskin-Pro-rich
PF16632	Caskin-tail
PF16600	Caskin1-CID
PF08172	CASP_C
PF04535	CASP_dom
PF14526	Cass2
PF10174	Cast
PF21389	CASTOR1_ACT-like
PF18700	Castor1_N
PF06241	Castor_Poll_mid
PF09651	Cas_APE2256
PF12026	CAS_C
PF09670	Cas_Cas02710
PF01867	Cas_Cas1
PF09707	Cas_Cas2CT1978
PF01930	Cas_Cas4
PF09704	Cas_Cas5d
PF01881	Cas_Cas6_C
PF05107	Cas_Cas7
PF09700	Cas_Cmr3
PF09701	Cas_Cmr5
PF21918	cas_Cpf1_2nd
PF09703	Cas_Csa4
PF09702	Cas_Csa5
PF26241	Cas_Csc1
PF09709	Cas_Csd1
PF03378	CAS_CSE1
PF22206	Cas_Csm6_6H
PF22208	Cas_Csm6_CARF
PF09659	Cas_Csm6_HEPN
PF09711	Cas_Csn2
PF09620	Cas_csx3
PF09657	Cas_Csx8
PF09658	Cas_Csx9
PF09611	Cas_Csy1
PF09614	Cas_Csy2
PF09615	Cas_Csy3
PF09618	Cas_Csy4
PF09344	Cas_CT1975
PF09706	Cas_CXXC_CXXC
PF09617	Cas_GSU0053
PF09609	Cas_GSU0054
PF09623	Cas_NE0113
PF16813	Cas_St_Csn2
PF09484	Cas_TM1802
PF30841	Cas_TM1802_C
PF30840	Cas_TM1802_M
PF09652	Cas_VVA1548
PF00302	CAT
PF22815	CatAgl_D1
PF22816	CatAgl_D2
PF00199	Catalase
PF06628	Catalase-rel
PF18011	Catalase_C
PF20271	CATASP
PF00666	Cathelicidins
PF08773	CathepsinC_exc
PF13246	Cation_ATPase
PF00689	Cation_ATPase_C
PF00690	Cation_ATPase_N
PF01545	Cation_efflux
PF21772	CATIP_N
PF20270	CATRA-C
PF20269	CATRA-N
PF21541	CATSPERB_1st
PF21548	CATSPERB_2nd
PF15149	CATSPERB_C
PF22830	CATSPERB_head
PF22831	CATSPERB_Ig-like
PF22850	CATSPERD-E_C
PF22849	CATSPERE_Ig-like
PF22841	CATSPERE_NTD1
PF22843	CATSPERE_NTD2
PF15064	CATSPERG_beta-prop
PF22846	CATSPERG_C
PF22851	CATSPERG_Ig-like
PF22840	CATSPERG_NTD
PF28906	CATSPERZ_C
PF28873	CaTX_A
PF03123	CAT_RBD
PF04731	Caudal_act
PF20747	Caudo_bapla_N
PF08931	Caudo_bapla_RBP
PF21564	Caudo_bapla_RBP_neck
PF02413	Caudo_TAP
PF28596	Caudo_TAP_N
PF16792	Caud_bapl16_1st
PF20954	Caud_bapl16_2nd
PF20953	Caud_bapl16_3rd
PF20955	Caud_bapl16_4th
PF16838	Caud_tail_N
PF22909	Caulimovir_coat_dom
PF03233	Cauli_AT
PF03310	Cauli_DNA-bind
PF01693	Cauli_VI
PF31029	Cauli_VI_C
PF01146	Caveolin
PF04771	CAV_VP3
PF18249	Ca_bind_SSO6904
PF08763	Ca_chan_IQ
PF14798	Ca_hom_mod
PF10563	CA_like
PF26680	CbaC
PF02275	CBAH
PF27937	CBARP
PF08406	CbbQ_C
PF12123	CBD_PlyG
PF06154	CbeA_antitoxin
PF03914	CBF
PF02045	CBFB_NFYA
PF00808	CBFD_NFYB_HMF
PF08143	CBFNT
PF02312	CBF_beta
PF01656	CbiA
PF02570	CbiC
PF01888	CbiD
PF29030	CbiD_C
PF21437	CbiG-like_linker
PF01890	CbiG_C
PF11761	CbiG_mid
PF11760	CbiG_N
PF02571	CbiJ
PF06180	CbiK
PF01891	CbiM
PF02553	CbiN
PF02361	CbiQ
PF01903	CbiX
PF01955	CbiZ
PF18973	CBL
PF02262	Cbl_N
PF02761	Cbl_N2
PF02762	Cbl_N3
PF14683	CBM-like
PF21615	CBM-like_2
PF23449	CBM-like_CFAP184
PF22704	CBM13-like
PF16738	CBM26
PF09212	CBM27
PF21582	CBM30
PF18344	CBM32
PF15886	CBM39
PF18448	CBM46
PF09478	CBM49
PF16760	CBM53
PF16841	CBM60
PF18666	CBM64
PF18259	CBM65_1
PF22579	Cbm74
PF18283	CBM77
PF25116	CBM87_Agd3
PF24517	CBM96
PF06452	CBM9_1
PF16011	CBM9_2
PF00734	CBM_1
PF02013	CBM_10
PF03425	CBM_11
PF01607	CBM_14
PF03426	CBM_15
PF03424	CBM_17_28
PF03427	CBM_19
PF26120	CBM_1st_SusF
PF00553	CBM_2
PF00686	CBM_20
PF03370	CBM_21
PF03423	CBM_25
PF16824	CBM_26
PF00942	CBM_3
PF16990	CBM_35
PF18099	CBM_35_2
PF02922	CBM_48
PF02018	CBM_4_9
PF22637	CBM_4_9_1
PF22184	CBM_56
PF02839	CBM_5_12
PF14600	CBM_5_12_2
PF03422	CBM_6
PF24607	CBM_AftD
PF03170	CBM_BcsB_1st
PF29167	CBM_BcsB_2nd
PF26122	CBM_Mok13
PF03442	CBM_X2
PF12192	CBP
PF19042	CBP110
PF29558	CBP1_cbp8
PF29954	CBP1_middle
PF29957	CBP1_N
PF27692	Cbp2
PF19041	CBP30
PF07960	CBP4
PF19043	CBP66
PF20991	CBP66_1st
PF20992	CBP66_2nd
PF11120	CBP_BcsF
PF11658	CBP_BcsG
PF17038	CBP_BcsN
PF17037	CBP_BcsO
PF06564	CBP_BcsQ
PF10945	CBP_BcsR
PF17036	CBP_BcsS
PF17040	CBP_CCPA
PF26516	CBRB
PF00571	CBS
PF27338	CbsB
PF29803	CBT1
PF09490	CbtA
PF06755	CbtA_toxin
PF09489	CbtB
PF27266	CBUA0006_C
PF28076	CBU_0585_lpg0581
PF26604	CBU_0592
PF17218	CBX7_C
PF18064	CB_ParB_C
PF04942	CC
PF25081	CC142_N
PF09789	CC149
PF15768	CC190
PF27557	CC1_STRIPAK
PF16516	CC2-LZ
PF21528	CC2D1A-B_DM14
PF15625	CC2D2AN-C2
PF24555	CC4_CEP85
PF23332	CC4_RECK
PF11105	CCAP
PF12046	CCB1
PF11152	CCB2_CCB4
PF02325	CCB3_YggT
PF26644	CCC
PF15964	CCCAP
PF21555	CCC_C_1st_pro
PF21554	CCC_C_2nd_pro
PF07860	CCD
PF15799	CCD48
PF09747	CCD97-like_C
PF07362	CcdA
PF01845	CcdB
PF15188	CCDC-167
PF15794	CCDC106
PF28726	CCDC110
PF13870	CCDC113_CCDC96_CC
PF15810	CCDC117
PF28420	CCDC122
PF06244	Ccdc124
PF30757	CCDC125
PF28343	CCDC127
PF30485	CCDC13
PF28341	CCDC136_middle
PF28348	CCDC137
PF21035	CCDC138_C
PF21037	CCDC138_cc
PF15254	CCDC14
PF14923	CCDC142
PF14915	CCDC144C
PF30925	CCDC146_C
PF30882	CCDC146_CC_N
PF27813	CCDC148
PF15450	CCDC154
PF28226	CCDC157_N
PF15921	CCDC158
PF28517	CCDC15_C
PF28934	CCDC160
PF30981	CCDC162_C
PF28523	CCDC162_mid
PF30982	CCDC162_middle
PF30984	CCDC162_N
PF28879	CCDC163
PF15804	CCDC168_N
PF30671	CCDC170_1st
PF30673	CCDC170_2nd
PF28256	CCDC171
PF28385	CCDC172
PF25449	CCDC174_GRSR
PF30875	CCDC178_CC1
PF30876	CCDC178_CC2
PF28455	CCDC17_C
PF28454	CCDC17_middle_coil
PF28769	CCDC183_C
PF27942	CCDC186_helical
PF30676	CCDC186_middle
PF30674	CCDC186_N
PF30677	CCDC18_1st
PF30679	CCDC18_2nd
PF27954	CCDC192
PF28988	CCDC200
PF05667	CCDC22_CC
PF21674	CCDC22_N
PF15674	CCDC23
PF15669	CCDC24
PF28447	Ccdc27
PF13270	CCDC28
PF14989	CCDC32
PF26735	Ccdc33_N
PF13904	CCDC34
PF24161	CCDC39
PF28297	CCDC3_C
PF29257	CCDC3_N
PF27916	CCDC43_C
PF07946	CCDC47
PF15295	CCDC50_N
PF10152	CCDC53
PF27943	CCDC54
PF30917	CCDC57_N
PF27935	CCDC61_coil
PF27933	CCDC61_N
PF15236	CCDC66
PF15374	CCDC71L
PF15818	CCDC73
PF14917	CCDC74_C
PF30751	CCDC77
PF30843	CCDC8
PF14968	CCDC84
PF10226	CCDC85
PF28422	CCDC89
PF07798	CCDC90-like
PF30688	CCDC91
PF14916	CCDC92
PF09762	CCDC93_CC
PF21673	CCDC93_N
PF23626	CCD_aECM
PF15482	CCER1
PF25660	CcFV1_CP
PF02754	CCG
PF27941	CCHa1_2
PF25491	CCHC_BCL-11A
PF25445	CCHC_ZFPM2
PF21595	CCL2-like
PF16942	CclA_1
PF29347	CCM1_C
PF16545	CCM2_C
PF03379	CcmB
PF27518	CcmC
PF04995	CcmD
PF20077	CcmD_alt
PF03100	CcmE
PF16327	CcmF_C
PF03918	CcmH
PF26619	CcmS
PF26617	CcmS-like
PF27631	CCPG1_C
PF27636	CCPG1_N
PF03150	CCP_MauG
PF29470	Ccs4_C
PF15748	CCSAP
PF30346	CCSER
PF15013	CCSMST1
PF27599	CcsR_C
PF06203	CCT
PF24889	CCTL2_WNK
PF26095	CC_Bre1
PF24850	CC_BshC
PF23246	CC_CDK5RAP2
PF25771	CC_CEP152-bind
PF25774	CC_CEP250
PF25770	CC_CEP63-bind_CEP152
PF25828	CC_Cfap43
PF26022	CC_Liprin_beta
PF24568	CC_PcsB
PF28096	CC_Se_fam
PF25775	CC_STIL
PF30391	CC_TSC1
PF14283	CD1107-like
PF23792	CD1375-like
PF28825	CD19_TM
PF04103	CD20
PF04505	CD225
PF14984	CD24
PF06365	CD34_antigen
PF01130	CD36
PF09191	CD4-extracel
PF12567	CD45
PF04549	CD47
PF15116	CD52
PF28860	CD58_C
PF25152	CD59
PF12301	CD99L2
PF19293	CdaA_N
PF06153	CdAMP_rec
PF10372	CdaS_N
PF16853	CDC13_N
PF18691	Cdc13_OB2
PF18233	Cdc13_OB4_dimer
PF08045	CDC14
PF06395	CDC24
PF17246	CDC24_OB1
PF17245	CDC24_OB2
PF17244	CDC24_OB3
PF09507	CDC27
PF08564	CDC37_C
PF08565	CDC37_M
PF03234	CDC37_N
PF02724	CDC45
PF02933	CDC48_2
PF02359	CDC48_N
PF16856	CDC4_D
PF03381	CDC50
PF22606	Cdc6-ORC-like_ATPase_lid
PF22703	Cdc6_lid
PF05179	CDC73_C
PF16050	CDC73_N
PF18484	CDCA
PF30747	CDCA3
PF23665	CDCP1_CUB_6
PF11731	Cdd1
PF24238	CDGP
PF31215	CdgR_N
PF02611	CDH
PF16010	CDH-cyt
PF18375	CDH1_2_SANT_HL1
PF18196	Cdh1_DBD_1
PF29963	CDH23_a-b
PF03598	CdhC
PF03599	CdhD
PF31191	CDHR3_N
PF02234	CDI
PF18451	CdiA_C
PF31217	CdiA_CT_tRNase
PF18664	CdiA_C_tRNase
PF21483	CdiA_helical
PF12655	CDIF630_02480-like
PF07262	CdiI
PF28101	CdiI-like
PF18593	CdiI_2
PF18616	CdiI_3
PF18624	CdiI_4
PF19929	CdiI_5
PF24172	CdiI_ImmP
PF18228	CdiI_N
PF29878	CdiI_serr
PF28953	CDIPTOSP
PF28203	CDI_Immunity_Comp
PF21111	CDI_toxin_EC869_like
PF09806	CDK2AP
PF05600	CDK5RAP3
PF03261	CDK5_activator
PF05706	CDKN3
PF26947	CDL
PF05995	CDO_I
PF01066	CDP-OH_P_transf
PF08009	CDP-OH_P_tran_2
PF23601	CdpA_C
PF23600	CdpA_N
PF16715	CDPS
PF28999	CDPS_C
PF27644	CDR2_C
PF24252	CdrL_M
PF29953	CDRT15L
PF15213	CDRT4
PF24125	Cds6_C
PF23862	CdsD_C
PF23863	CdsD_PD1
PF22598	CdsD_PD2
PF08839	CDT1
PF16679	CDT1_C
PF03498	CDtoxinA
PF15359	CDV3
PF18822	CdvA
PF27303	CdvB_HTH
PF26305	CD_NTase_C
PF17996	CE2_N
PF16368	CEBP1_N
PF16366	CEBP_ZZ
PF14997	CECR6_TMEM121
PF00272	Cecropin
PF09209	CecR_C
PF10729	CedA
PF27251	CedA1
PF12662	cEGF
PF21908	Cel124_C
PF02927	CelD_N
PF03500	Cellsynth_D
PF00150	Cellulase
PF12876	Cellulase-like
PF03552	Cellulose_synt
PF18659	CelTOS
PF18054	CEL_III_C
PF03040	CemA
PF10511	Cementoin
PF24606	CEMIP_beta-hel
PF24605	CEMIP_X
PF15677	CEND1
PF09026	CENP-B_dimeris
PF04218	CENP-B_N
PF11699	CENP-C_C
PF15620	CENP-C_mid
PF10490	CENP-F_C_Rb_bdg
PF10473	CENP-F_leu_zip
PF10481	CENP-F_N
PF05837	CENP-H
PF07778	CENP-I
PF11802	CENP-K
PF13092	CENP-L
PF11111	CENP-M
PF05238	CENP-N
PF09496	CENP-O
PF13096	CENP-P
PF13094	CENP-Q
PF06729	CENP-R
PF15630	CENP-S
PF15511	CENP-T_C
PF16171	CENP-T_N
PF13097	CENP-U
PF15510	CENP-W
PF09415	CENP-X
PF28563	CENPC_C
PF20993	CENPH
PF20994	CENPU
PF15622	CENP_C_N
PF30878	Centrobin_CC
PF17730	Centro_C10orf90
PF09287	CEP1-DNA_bind
PF21038	CEP104_N
PF21040	CEP104_TOG
PF21039	CEP104_ZnF
PF28367	CEP128
PF27695	CEP131_C
PF27681	CEP131_CC
PF30381	CEP135_N
PF30378	CEP135_TSGA10_CC
PF15134	CEP15-like
PF30816	CEP152_CC1
PF30819	CEP152_CC2
PF27882	CEP162_C
PF27944	CEP162_coil_mid
PF27825	CEP162_helical_1
PF27821	CEP162_helical_3
PF30844	CEP164_CC
PF30846	CEP164_N
PF30268	CEP16_N
PF15308	CEP170_C
PF14933	CEP19
PF22060	Cep192_D1
PF22064	Cep192_D2
PF22067	Cep192_D3
PF22073	Cep192_D4
PF22074	Cep192_D5
PF22076	Cep192_D6
PF22065	Cep192_D7
PF22066	Cep192_D8
PF16574	CEP209_CC5
PF29971	Cep290_C
PF29967	Cep290_mid_CC
PF30056	Cep290_N
PF28375	CEP295NL
PF16846	Cep3
PF15007	CEP44
PF14073	Cep57_CLD
PF14197	Cep57_CLD_2
PF06657	Cep57_MT_bd
PF17045	CEP63
PF27977	CEP70
PF15627	CEP76-C2
PF24652	CEP76_C
PF24654	CEP76_N
PF30828	CEP83_CC_1st
PF30835	CEP83_CC_2nd
PF28159	CEP89
PF24656	CEPT76_peptidase
PF30920	CEP_precursor
PF12076	CER1-like_C
PF05875	Ceramidase
PF04734	Ceramidase_alk
PF17048	Ceramidse_alk_C
PF07249	Cerato-platanin
PF19280	CERK_C
PF29402	CERLI2_C
PF29397	CERLI2_mid
PF29398	CERLI2_mid_2nd
PF05932	CesT
PF22550	CesT_Tir_1
PF21011	CetZ_C
PF15661	CF222
PF05018	CFA20_dom
PF21049	CFA69_ARM_rpt
PF11912	CfaA_B_C
PF31151	CfaE_1st
PF07434	CfaE_2nd
PF05264	CfAFP
PF21286	CFAI_FIMAC_N
PF22595	CFAP107
PF22611	CFAP126
PF15104	CFAP141
PF22584	CFAP143
PF24569	CFAP161
PF30551	CFAP251_C
PF30552	CFAP251_N
PF11069	CFAP298
PF14926	CFAP300
PF22800	CFAP410_C
PF23185	CFAP43_N
PF24529	CFAP47
PF14858	CFAP54_N
PF21771	CFAP58_CC
PF23150	CFAP61_dimer
PF16092	CFAP61_N
PF06608	CFAP68
PF29377	CFAP70_C2
PF29410	CFAP70_helical
PF29386	CFAP70_mid_TPR
PF29378	CFAP70_N
PF29407	CFAP70_TPR_C
PF14825	CFAP77
PF15074	CFAP90
PF14738	CFAP91
PF15139	CFAP95
PF15239	CFAP96-like
PF27956	CFAP99_CC
PF27274	CfbE_C
PF09443	CFC
PF05730	CFEM
PF27473	CfpA_C
PF29780	CfpA_N
PF19079	CFSR
PF14396	CFTR_R
PF03859	CG-1
PF29846	CG1552_C
PF29848	CG1552_N
PF29126	CG45076_Coiled-coil
PF29112	CG45076_HTH
PF29482	CG4951_C
PF29483	CG4951_N
PF10233	Cg6151-P
PF28740	CG7065_bundle
PF28738	CG7065_mid
PF28739	CG7065_mid_helical
PF28908	CG7065_mid_helical_3
PF27895	CGA_synth-rel
PF19906	CGDB
PF30222	CgeA_C
PF28065	CgeC
PF30479	CGGBP1_C
PF30478	CGGBP1_N
PF08821	CGGC
PF21715	CggR_N
PF08617	CGI-121
PF22649	Cgl0159
PF24763	CGL160_C
PF27333	Cgl2226
PF25291	CGLA_C
PF25290	CGLA_M
PF06799	CGLD27-like
PF31274	CglI_C
PF26231	CgnE_B
PF03879	Cgr1
PF06306	CgtA
PF00307	CH
PF06150	ChaB
PF04752	ChaC
PF05235	CHAD
PF02431	Chalcone
PF16035	Chalcone_2
PF16036	Chalcone_3
PF18232	Chalcone_N
PF02797	Chal_sti_synt_C
PF00195	Chal_sti_synt_N
PF30902	CHAMP1_N
PF03502	Channel_Tsx
PF05257	CHAP
PF22554	Chap-C
PF07824	Chaperone_III
PF27896	Chaper_lep
PF13144	ChapFlgA
PF17656	ChapFlgA_N
PF09295	ChAPs
PF03924	CHASE
PF05226	CHASE2
PF05227	CHASE3
PF05228	CHASE4
PF17149	CHASE5
PF17150	CHASE6_C
PF17151	CHASE7
PF17152	CHASE8
PF17153	CHASE9
PF12770	CHAT
PF03173	CHB_HEX
PF03174	CHB_HEX_C
PF13290	CHB_HEX_C_1
PF06747	CHCH
PF29645	CHCH3_N
PF13907	CHD1-like_C
PF04420	CHD5
PF08074	CHDCT2
PF06461	CHDII_SANT-like
PF08073	CHDNT
PF28547	CHD_PDZ-protease
PF01339	CheB_methylest
PF04509	CheC
PF03975	CheD
PF04283	CheF-arch
PF01739	CheR
PF03705	CheR_N
PF01584	CheW
PF29238	CheW_CheR_link
PF13690	CheX
PF09078	CheY-binding
PF04344	CheZ
PF28017	CheZ_Pase
PF05679	CHGN
PF16981	Chi-conotoxin
PF14645	Chibby
PF06483	ChiC
PF25677	Chimallin_Phikzvirus
PF27792	CHIM_prot
PF11434	CHIPS
PF18391	CHIP_TPR_N
PF15355	Chisel
PF08329	ChitinaseA_N
PF23000	ChitinSynthase_IV_N
PF00187	Chitin_bind_1
PF00379	Chitin_bind_4
PF01644	Chitin_synth_1
PF08407	Chitin_synth_1N
PF03142	Chitin_synth_2
PF18683	ChiW_Ig_like
PF07548	ChlamPMP_M
PF09675	Chlamy_scaf
PF01308	Chlam_OMP
PF03503	Chlam_OMP3
PF03504	Chlam_OMP6
PF02415	Chlam_PMP
PF05475	Chlam_vir
PF13541	ChlI
PF00504	Chloroa_b-bind
PF07224	Chlorophyllase
PF14476	Chloroplast_duf
PF11098	Chlorosome_CsmC
PF06598	Chlorovi_GP_rpt
PF06778	Chlor_dismutase
PF02962	CHMI
PF22494	choice_anch_I
PF26766	Choice_anch_L
PF09193	CholecysA-Rec_N
PF01473	Choline_bind_1
PF19085	Choline_bind_2
PF19127	Choline_bind_3
PF21540	Choline_bind_4
PF01633	Choline_kinase
PF04428	Choline_kin_N
PF12411	Choline_sulf_C
PF04515	Choline_transpo
PF09129	Chol_subst-bind
PF14592	Chondroitinas_B
PF06566	Chon_Sulph_att
PF04968	CHORD
PF05961	Chordopox_A13L
PF05846	Chordopox_A15
PF05941	Chordopox_A20R
PF06015	Chordopox_A30L
PF05966	Chordopox_A33R
PF05989	Chordopox_A35R
PF06138	Chordopox_E11
PF05796	Chordopox_G2
PF06129	Chordopox_G3
PF05803	Chordopox_L2
PF05864	Chordopox_RPO7
PF01723	Chorion_1
PF03964	Chorion_2
PF05387	Chorion_3
PF29895	Chorion_E1
PF05836	Chorion_S16
PF00425	Chorismate_bind
PF30495	Chorismate_bind_2
PF01264	Chorismate_synt
PF04345	Chor_lyase
PF27115	Cho_C
PF27659	CHP02642
PF27779	CHP03076_Gly-cleavage
PF27794	CHP03809
PF27796	CHP03894
PF27865	CHP04376
PF27890	CHP04423
PF27907	CHP04442
PF21484	Chp1-like_PIN
PF22380	Chp1-like_SPOC
PF23340	Chp1_domII
PF03777	ChpA-C
PF10216	ChpXY
PF27851	CHP_AF_0576
PF09828	ChrB_C
PF20229	ChrB_N
PF07452	CHRD
PF19548	CHRDL_1_2_C
PF05535	Chromadorea_ALT
PF02417	Chromate_transp
PF00385	Chromo
PF13889	Chromosome_seg
PF18704	Chromo_2
PF23615	Chromo_MIT1
PF23327	Chromo_MORC2_6th
PF24294	Chromo_PTM
PF25386	Chromo_SEND1
PF01393	Chromo_shadow
PF19223	Chropara_Vmeth
PF22997	CHS4
PF16892	CHS5_N
PF12271	Chs7
PF06573	Churchill
PF06228	ChuX_HutX
PF13585	CHU_C
PF07538	ChW
PF23256	CHX17_2nd
PF23259	CHX17_C
PF22368	ChxR_N
PF09649	CHZ
PF06294	CH_2
PF25532	CH_CAMSAP2_N
PF26801	CH_HOOK_api
PF07347	CI-B14_5a
PF08547	CIA30
PF21862	CiaD
PF28048	CiaI
PF05093	CIAPIN1
PF15673	Ciart
PF16090	Cic
PF04818	CID
PF02017	CIDE-N
PF18562	CIDR1_gamma
PF16766	CID_GANP
PF16374	CIF
PF30058	CIF2
PF23591	CILP
PF23708	CILP_5th
PF23730	CILP_8th
PF23599	CILP_C
PF30240	CIM1
PF22581	CIMIP3
PF00878	CIMR
PF20738	Cin1_N
PF02464	CinA
PF18146	CinA_KH
PF28255	CIP1_helical
PF21044	CIP2A_N
PF30468	CIP7_M
PF30469	CIP7_N
PF15800	CiPC
PF06615	Circovir2_Orf1
PF07038	Circovir2_Orf4
PF05614	Circovir_ORF3
PF02443	Circo_capsid
PF06022	Cir_Bir_Yir
PF10197	Cir_N
PF30665	CIS_ATPase_hel
PF19267	CIS_spike_tip
PF19268	CIS_TMP
PF19266	CIS_tube
PF27541	CitB
PF30183	CitB_N
PF04487	CITED
PF04223	CitF
PF01874	CitG
PF03600	CitMHS
PF16980	CitMHS_2
PF16114	Citrate_bind
PF08218	Citrate_ly_lig
PF00285	Citrate_synt
PF24948	Citrate_synth_N
PF29555	Citrulline_exp
PF05520	Citrus_P18
PF03802	CitX
PF28266	Cj0814
PF22506	Cj1289-like_C
PF22131	CjCas9_PI_CTD
PF22129	CjCas9_WED-like
PF12605	CK1gamma_C
PF15297	CKAP2_C
PF17500	CKI
PF01111	CKS
PF01214	CK_II_beta
PF03805	CLAG
PF14769	CLAMP
PF28371	Clampless_N
PF13259	clamp_Gag1-like
PF25807	Clarin-2
PF30752	Claspin
PF12348	CLASP_N
PF22488	Class_2_docking_dom
PF04021	Class_IIIsignal
PF00637	Clathrin
PF09268	Clathrin-link
PF15045	Clathrin_bdg
PF13838	Clathrin_H_link
PF01086	Clathrin_lg_ch
PF01394	Clathrin_propel
PF01217	Clat_adaptor_s
PF13903	Claudin_2
PF06653	Claudin_3
PF26158	Claudin_TMEM179-179B
PF05452	Clavanin
PF27871	CLB_0814_fam
PF07062	Clc-like
PF08434	CLCA
PF28179	CLC_0170
PF28761	CLE
PF07675	Cleaved_Adhesin
PF29411	Clec-141-158
PF28847	CLEC14A_middle
PF19439	CLEC16A_C
PF29709	CLEC16A_helical
PF03505	Clenterotox
PF28699	CLE_peptide
PF27922	CLE_plant
PF22441	CLIC-like_N
PF19411	Clink
PF12032	CLIP
PF27241	CLIP1
PF16641	CLIP1_ZNF
PF01345	CLIPPER
PF24346	CLIPPER_2
PF18322	CLIP_1
PF18398	CLIP_SPH_mas
PF18399	CLIP_SPH_Scar
PF15675	CLLAC
PF02487	CLN3
PF15014	CLN5
PF15156	CLN6
PF27857	Clo7Bot_mod_Cys
PF03515	Cloacin
PF03513	Cloacin_immun
PF22374	Clospo_01618-like
PF01785	Closter_coat
PF06807	Clp1
PF28353	CLP1_C
PF16573	CLP1_N
PF16575	CLP1_P
PF10431	ClpB_D2-small
PF02617	ClpS
PF05602	CLPTM1
PF02861	Clp_N
PF00574	CLP_protease
PF29029	Clr-1_N
PF10383	Clr2
PF16761	Clr2_transil
PF14420	Clr5
PF19699	CLSTN_C
PF13236	CLU
PF27672	CLU5d_C
PF30466	CLU5d_N
PF10234	Cluap1
PF01093	Clusterin
PF15044	CLU_N
PF16526	CLZ
PF28351	CLZ1_N
PF03026	CM1
PF03021	CM2
PF02353	CMAS
PF08583	Cmc1
PF08991	CMC4
PF02627	CMD
PF29180	CMD1_TET_C
PF28155	CmeU
PF29535	CMFA_C
PF10629	CMI2B-like
PF15667	CMIP6
PF18456	CmlA_N
PF22045	CmlS_C
PF22407	Cmr1_C
PF30492	Cmr1_C_2
PF21452	Cmr1_like_C
PF30491	Cmr1_N
PF20822	Cmr2_hel_dom1
PF20824	Cmr2_hel_dom2
PF12469	Cmr2_N
PF20823	Cmr2_Zn-bd
PF19021	Cmr7A
PF22392	Cmr7b-like
PF14617	CMS1
PF12467	CMV_1a
PF12503	CMV_1a_C
PF25750	CMV_UL148C
PF25722	CMV_UL34
PF08001	CMV_US
PF09316	Cmyb_C
PF07736	CM_1
PF01817	CM_2
PF08077	Cm_res_leader
PF05738	Cna_B
PF25562	CNBH_CNNM2_C
PF29624	CnbZ
PF12717	Cnd1
PF12922	Cnd1_N
PF05786	Cnd2
PF12719	Cnd3
PF16858	CNDH2_C
PF16869	CNDH2_M
PF06278	CNDH2_N
PF05785	CNF1
PF00780	CNH
PF06663	CNK2_3_dom
PF30894	CNKSR_C
PF09447	Cnl2_NKP2
PF16643	cNMPbd_u2
PF00027	cNMP_binding
PF30280	CNN1_C
PF30279	CNN1_N
PF01595	CNNM
PF07989	Cnn_1N
PF27626	CNOT10_TPR
PF10155	CNOT11
PF27642	CNOT11_N
PF22940	CNOT1_1st
PF16415	CNOT1_CAF1_bind
PF16418	CNOT1_HEAT
PF16419	CNOT1_HEAT_N
PF16417	CNOT1_TTP_bind
PF08750	CNP1
PF05881	CNPase
PF17839	CNP_C_terminal
PF15043	CNRIP1
PF17524	CnrY
PF01110	CNTF
PF26317	CntK_N
PF16688	CNV-Replicase_N
PF00795	CN_hydrolase
PF22661	CO4A-B_CUB_C
PF08695	Coa1
PF17051	COA2
PF09813	Coa3_cc
PF10231	COA8
PF01121	CoaE
PF08764	Coagulase
PF02035	Coagulin
PF31131	COASY_N
PF07718	Coatamer_beta_C
PF14806	Coatomer_b_Cpla
PF04733	Coatomer_E
PF16381	Coatomer_g_Cpla
PF07875	Coat_F
PF22402	Coat_P
PF07552	Coat_X
PF02629	CoA_binding
PF13380	CoA_binding_2
PF13727	CoA_binding_3
PF01144	CoA_trans
PF02515	CoA_transf_3
PF01122	Cobalamin_bind
PF02572	CobA_CobO_BtuR
PF03186	CobD_Cbib
PF09469	Cobl
PF02514	CobN-Mg_chel
PF06209	COBRA1
PF04833	COBRA_N
PF02654	CobS
PF12556	CobS_N
PF06213	CobT
PF11775	CobT_C
PF02283	CobU
PF02492	cobW
PF07683	CobW_C
PF23319	CobW_C_DAAF9
PF01923	Cob_adeno_trans
PF25079	COB_C
PF15296	Codanin-1_C
PF18537	CODH_A_N
PF06018	CodY
PF16422	COE1_DBD
PF16423	COE1_HLH
PF00135	COesterase
PF04187	Cofac_haem_bdg
PF22228	CofB_beta-rpt
PF22229	CofB_C
PF21444	CofB_pilin_dom
PF01983	CofC
PF01933	CofD
PF19288	CofH_C
PF00241	Cofilin_ADF
PF21874	CofJ
PF30350	COG1_C
PF30131	COG1_M
PF22431	COG2p_C
PF12022	COG2_C
PF06148	COG2_N
PF20671	COG3_C
PF31184	COG3_Ccap
PF04136	COG3_N
PF20662	COG4_C
PF08318	COG4_m
PF20663	COG4_N
PF20649	COG5_C
PF10392	COG5_N
PF20653	COG6_C
PF06419	COG6_N
PF10191	COG7
PF29134	COG7_C
PF00963	Cohesin
PF12765	Cohesin_HEAT
PF10345	Cohesin_load
PF25166	CoiA_C
PF25164	CoiA_N
PF06054	CoiA_nuc
PF05710	Coiled
PF15862	Coilin_N
PF21431	Col-Pyo_DNase
PF22348	ColA_N
PF28714	ColD_2nd_Ig
PF26004	COLEC12
PF06286	Coleoptericin
PF01410	COLFI
PF18496	ColG_sub
PF01024	Colicin
PF12639	Colicin-DNase
PF11429	Colicin_D
PF12106	Colicin_E5
PF11504	Colicin_Ia
PF03857	Colicin_im
PF09204	Colicin_immun
PF14859	Colicin_M
PF01320	Colicin_Pyocin
PF02674	Colicin_V
PF01114	Colipase
PF15083	Colipase-like
PF02740	Colipase_C
PF01391	Collagen
PF05737	Collagen_bind
PF12904	Collagen_bind_2
PF15984	Collagen_mid
PF20010	Collagen_trimer
PF07484	Collar
PF16959	Collectrin
PF01484	Col_cuticle_N
PF02679	ComA
PF27342	ComB_N
PF03047	ComC
PF27480	ComC_C
PF30181	ComC_N
PF22933	ComC_SSD
PF28937	ComEC_C
PF27511	ComFA_N
PF10719	ComFB
PF26697	ComGC_C
PF11773	ComGE
PF15980	ComGF
PF14173	ComGG
PF11033	ComJ
PF06338	ComK
PF15957	Comm
PF17221	COMMD1_N
PF22838	COMMD8_HN
PF20923	COMMD9_HN
PF07258	COMM_domain
PF21672	COMM_HN
PF02247	Como_LCP
PF02248	Como_SCP
PF11598	COMP
PF05205	COMPASS-Shg1
PF03772	Competence
PF27757	Competence-induced_Ccs4_N
PF11546	CompInhib_SCIN
PF00329	Complex1_30kDa
PF00346	Complex1_49kDa
PF01512	Complex1_51K
PF05347	Complex1_LYR
PF13232	Complex1_LYR_1
PF13233	Complex1_LYR_2
PF16732	ComP_DUS
PF18710	ComR_TPR
PF17584	ComS
PF05952	ComX
PF10815	ComZ
PF06133	Com_YlbF
PF30906	Con-13
PF10346	Con-6
PF28480	Con-8
PF27979	CON7_helical
PF29322	ConA_2nd_BAM2
PF29324	ConA_3rd_BAM2
PF26430	ConA_BAM2
PF26321	ConA_like_dom_Wo
PF00668	Condensation
PF12422	Condensin2nSMC
PF27686	Conjugal_tfr_repressor_TrbA
PF27095	Conj_beta_prop_9
PF25274	Connectase_C
PF09894	Connectase_N
PF00029	Connexin
PF16791	Connexin40_C
PF03508	Connexin43
PF03509	Connexin50
PF02950	Conotoxin
PF17557	Conotoxin_I2
PF15281	Consortin_C
PF22883	Consortin_N
PF03601	Cons_hypoth698
PF03602	Cons_hypoth95
PF24473	CON_HrpB
PF15976	CooC_C
PF14395	COOH-NH2_lig
PF10133	CooT
PF08752	COP-gamma_platf
PF14218	COP23
PF22788	COP9_hel_rpt
PF05275	CopB
PF04234	CopC
PF05425	CopD
PF12441	CopG_antitoxin
PF07970	COPIIcoated_ERV
PF07002	Copine
PF08507	COPI_assoc
PF06957	COPI_C
PF11525	CopK
PF00127	Copper-bind
PF00649	Copper-fist
PF15340	COPR5
PF01218	Coprogen_oxidas
PF25983	COPS2_C
PF05019	Coq4
PF03232	COQ7
PF08511	COQ9
PF21392	COQ9_N
PF16095	COR-A
PF25497	COR-B
PF04803	Cor1
PF28971	COR15
PF30692	COR27
PF01544	CorA
PF26616	CorA-like
PF17308	Corazonin
PF03471	CorC_HlyC
PF21647	CORD_C
PF06075	CORD_N
PF03311	Cornichon
PF02389	Cornifin
PF04694	Corona_3
PF06336	Corona_5a
PF03262	Corona_6B_7B
PF02398	Corona_7
PF03187	Corona_I
PF06145	Corona_NS1
PF04753	Corona_NS12-7
PF05213	Corona_NS2A
PF03053	Corona_NS3b
PF03905	Corona_NS4
PF09727	CortBP2
PF09304	Cortex-I_coil
PF11057	Cortexin
PF18568	COS
PF29477	COS111_C
PF29474	COS111_N
PF14705	Costars
PF10628	CotE
PF08757	CotH
PF11007	CotJA
PF12652	CotJB
PF28849	Countin_C
PF28846	Countin_N
PF13657	Couple_hipA
PF22610	CovS-like_HAMP
PF02723	CoV_E
PF06471	CoV_ExoN
PF01635	CoV_M
PF06460	CoV_Methyltr_2
PF09401	CoV_NSP10
PF20631	CoV_NSP13_1B
PF20633	CoV_NSP13_stalk
PF20632	CoV_NSP13_ZBD
PF19215	CoV_NSP15_C
PF19216	CoV_NSP15_M
PF19219	CoV_NSP15_N
PF19212	CoV_NSP2_C
PF19211	CoV_NSP2_N
PF19218	CoV_NSP3_C
PF16348	CoV_NSP4_C
PF19217	CoV_NSP4_N
PF19213	CoV_NSP6
PF08716	CoV_NSP7
PF08717	CoV_NSP8
PF08710	CoV_NSP9
PF00937	CoV_nucleocap
PF08715	CoV_peptidase
PF06478	CoV_RPol_N
PF01600	CoV_S1
PF19209	CoV_S1_C
PF01601	CoV_S2
PF19214	CoV_S2_C
PF20543	CowN
PF00115	COX1
PF14880	COX14
PF02628	COX15-CtaA
PF14138	COX16
PF05051	COX17
PF00116	COX2
PF09125	COX2-transmemb
PF12597	Cox20
PF08213	COX24_C
PF29571	COX26
PF02790	COX2_TM
PF00510	COX3
PF02936	COX4
PF03626	COX4_pro
PF07835	COX4_pro_2
PF02284	COX5A
PF01215	COX5B
PF30944	COX5C
PF02046	COX6A
PF02297	COX6B
PF02937	COX6C
PF02238	COX7a
PF05392	COX7B
PF02935	COX7C
PF02285	COX8
PF30647	CoxE_N
PF06240	COXG
PF08113	CoxIIa
PF06481	COX_ARM
PF12557	Co_AT_N
PF03450	CO_deh_flav_C
PF02552	CO_dh
PF02672	CP12
PF04516	CP2
PF01383	CpcD
PF17223	CPCFC
PF28213	CPC_1213
PF07823	CPDase
PF09367	CpeS
PF06206	CpeT
PF29417	CPE_synthase
PF22222	Cpf1_PI-like
PF28789	CPG3_C
PF28758	CPG3_N
PF15481	CPG4
PF29746	CpgS_C
PF27272	CpgS_N
PF12269	CpG_bind_C
PF08144	CPL
PF21671	CPL1-like
PF18695	cPLA2_C2
PF00166	Cpn10
PF00118	Cpn60_TCP1
PF11833	CPP1-like
PF25860	CPPA
PF14507	CppA_C
PF14506	CppA_N
PF28583	CPR5_C
PF25596	CPSase_L_D1
PF02786	CPSase_L_D2
PF02787	CPSase_L_D3
PF00988	CPSase_sm_chain
PF19567	CpsB_CapC
PF13299	CPSF100_C
PF20692	cpSF2-GREB1
PF11718	CPSF73-100_C
PF03178	CPSF_A
PF07931	CPT
PF07254	Cpta_toxin
PF16484	CPT_N
PF17515	CPV_Polyhedrin
PF22213	CPV_RdRP_C
PF22209	CPV_RdRP_N
PF22212	CPV_RdRP_pol_dom
PF09717	CPW_WPC
PF16527	CpxA_peri
PF14353	CpXC
PF19769	CPxCG_zf
PF29350	Cpxcr1_C
PF12694	cpYpsA
PF04174	CP_ATPgrasp_1
PF14403	CP_ATPgrasp_2
PF22325	CR4_N
PF10147	CR6_interact
PF06589	CRA
PF00650	CRAL_TRIO
PF13716	CRAL_TRIO_2
PF03765	CRAL_TRIO_N
PF27753	Cramped_PI3K_like
PF07016	CRAM_rpt
PF22487	CRASP-2
PF25650	crAss_AuxCP
PF23898	Crass_capsid
PF25725	crAss_CARG1
PF25712	crAss_CARGO2
PF25731	crAss_MUZ
PF25729	crAss_MUZ_C
PF25709	crAss_PVA
PF24228	CrAss_Ring_1
PF25702	CrAss_Ring_2
PF25710	CrAss_Ring_3_4
PF25724	crAss_THA
PF25711	crAss_THB
PF07046	CRA_rpt
PF22395	Crb2-like_BRCT-like
PF22520	Crb2_Tudor
PF02537	CRCB
PF08624	CRC_subunit
PF28933	CRE9
PF05981	CreA
PF01321	Creatinase_N
PF16189	Creatinase_N_2
PF02633	Creatininase
PF09030	Creb_binding
PF20274	cREC_REC
PF06123	CreD
PF13883	CREG_beta-barrel
PF11520	Cren7
PF16566	CREPT
PF10472	CReP_N
PF25217	CreS_N
PF00473	CRF
PF23541	CRF-BP_C
PF05428	CRF-BP_N
PF10380	CRF1
PF06781	CrgA
PF10534	CRIC_ras_sig
PF16978	CRIM
PF19442	CRIM1_C
PF07416	Crinivirus_P26
PF20147	Crinkler
PF10235	Cript
PF08562	Crisp
PF27788	CRISPR-assoc_Cas5p
PF27787	CRISPR-assoc_Csp2
PF27799	CRISPR-assoc_Csx19
PF27795	CRISPR-assoc_prot_CsaX
PF08798	CRISPR_assoc
PF09827	CRISPR_Cas2
PF10040	CRISPR_Cas6
PF19308	CRISPR_Cas6_N
PF18061	CRISPR_Cas9_WED
PF09481	CRISPR_Cse1
PF09485	CRISPR_Cse2
PF07417	Crl
PF21605	CRLF2-like_D2
PF21604	CRLF2_D1
PF27985	CRLF3_C
PF27984	CRLF3_N
PF08767	CRM1_C
PF18777	CRM1_repeat
PF18784	CRM1_repeat_2
PF18787	CRM1_repeat_3
PF07190	CrmD_SECRET
PF09048	Cro
PF17691	Croc_4
PF00325	Crp
PF05745	CRPA
PF08762	CRPV_capsid
PF30626	Crp_cyano_N
PF28703	CRR41_C
PF11347	CRR42-like
PF08847	Crr6
PF12095	CRR7
PF30503	CRR9
PF01985	CRS1_YhbY
PF08627	CRT-like
PF08728	CRT10
PF27123	CrtC
PF31201	CRTF_DBD
PF18927	CrtO
PF01147	Crust_neurohorm
PF03858	Crust_neuro_H
PF27881	CRWN_N
PF30919	CRWN_second_CC
PF17997	Cry1Ac_D5
PF21463	Cry1Ac_dom-VII
PF07029	CryBP1
PF12546	Cryptochrome_C
PF25640	Crypto_dsRNA_S
PF00030	Crystall
PF00525	Crystallin
PF09076	Crystall_2
PF08964	Crystall_3
PF17945	Crystall_4
PF22812	CR_prot_dom_plant
PF04969	CS
PF29942	CS5_N
PF06023	Csa1
PF22662	Csa3_N
PF21681	Csa5_I-A
PF29672	CSAG
PF22512	Csa_translocation_dom
PF05532	CsbD
PF18320	Csc2
PF00313	CSD
PF17876	CSD2
PF18059	Csd3_N
PF19425	Csd3_N2
PF22401	Csd6-like_dimeriz
PF23456	CSDE1
PF23163	CSD_RNase_II
PF08506	Cse1
PF29787	CSEP_MPL124499
PF05337	CSF-1
PF27781	Csf1
PF25038	Csf1_C
PF21678	Csf1_N
PF27782	Csf3
PF16965	CSG2
PF17334	CsgA
PF10627	CsgE
PF10614	CsgF
PF03783	CsgG
PF21112	CsgH
PF18651	CshA_NR2
PF19076	CshA_repeat
PF08943	CsiD
PF30428	CsiE_C
PF10972	CsiV
PF21551	CSL4_N
PF24429	CSLinker
PF12539	Csm1
PF18211	Csm1_B
PF18504	Csm1_N
PF16834	CSM2
PF03750	Csm2_III-A
PF17953	Csm4_C
PF22205	Csm6_6H
PF27499	CsmB
PF30253	CSN11_C
PF30249	CSN11_N
PF21151	CSN1_C
PF21215	CSN3-like_C
PF18420	CSN4_RPN5_eIF3a
PF18323	CSN5_C
PF18392	CSN7a_helixI
PF22061	CSN7_HB_subdom
PF10075	CSN8_PSD8_EIF3K
PF27961	CSNKA2IP
PF27545	CsoS1D_N
PF12288	CsoS2_M
PF08936	CsoSCA_C
PF20686	CsoSCA_cat
PF20687	CsoSCA_N
PF03860	Csp
PF18425	CspB_prodomain
PF24578	CSPP1_C
PF29154	CSR2_N
PF02599	CsrA
PF16019	CSRNP_N
PF12792	CSS-motif
PF16831	CssAB
PF20982	CSS_CxxC
PF06002	CST-I
PF02554	CstA
PF16699	CSTF1_dimer
PF14327	CSTF2_hinge
PF14304	CSTF_C
PF27900	CSTPP1_N
PF21069	Csx12
PF22230	Csx1_CARF
PF09455	Csx1_HEPN
PF27077	CsxA
PF27268	CsxB
PF23602	CS_DNAAF11_C
PF24683	CT021
PF22087	CT0912-like_C
PF24481	CT398_CC
PF15623	CT47
PF30958	CT55_N
PF31227	CTAGE1
PF04442	CtaG_Cox11
PF28158	CTB
PF15489	CTC1_1st
PF30822	CTC1_2nd
PF30826	CTC1_2nd_plant
PF30827	CTC1_3rd
PF30830	CTC1_4th
PF30831	CTC1_5th
PF30832	CTC1_6th
PF30833	CTC1_7th
PF15491	CTC1_N_plant
PF12815	CTD
PF20276	CTD1
PF20275	CTD10
PF20277	CTD11
PF20279	CTD12
PF20278	CTD2
PF20395	CTD3
PF20280	CTD4
PF20281	CTD5
PF20282	CTD6
PF20283	CTD7
PF20284	CTD8
PF20285	CTD9
PF13959	CTE_SPB4
PF23119	CTE_TERT
PF30065	CTF13_C
PF30064	CTF13_N
PF30282	CTF19_C
PF30283	CTF19_N
PF22463	Ctf19_RWD1
PF22462	Ctf19_RWD2
PF28685	CTF3_C
PF28691	CTF3_TPR_M
PF20946	Ctf4_C
PF09696	Ctf8
PF00859	CTF_NFI
PF14262	Cthe_2159
PF25815	CTHRC1_C
PF28770	CTHT_0071780_C
PF06934	CTI
PF10482	CtIP_N
PF12243	CTK3
PF12350	CTK3_C
PF10607	CTLH
PF23138	CTLH_Armc9
PF27829	Ctm1
PF07863	CtnDOT_TraJ
PF08347	CTNNB1_binding
PF08216	CTNNBL
PF01982	CTP-dep_RFKase
PF22694	CtpB_N-like
PF06418	CTP_synth_N
PF01148	CTP_transf_1
PF02348	CTP_transf_3
PF01467	CTP_transf_like
PF04145	Ctr
PF05848	CtsR
PF15729	CTSRT
PF17727	CtsR_C
PF18244	CttA_N
PF23681	CTT_SPB4
PF10288	CTU2
PF30690	CtvD
PF06922	CTV_P13
PF04808	CTV_P23
PF07184	CTV_P33
PF06706	CTV_P6
PF27743	CTXL_C
PF27742	CTXL_M
PF16710	CTXphi_pIII-N1
PF07459	CTX_RstB
PF28261	CT_504-like
PF17435	CT_584-like
PF02626	CT_A_B
PF02682	CT_C_D
PF17563	Cu
PF11617	Cu-binding_MopE
PF00394	Cu-oxidase
PF07731	Cu-oxidase_2
PF07732	Cu-oxidase_3
PF02578	Cu-oxidase_4
PF01082	Cu2_monooxygen
PF03712	Cu2_monoox_C
PF00431	CUB
PF31265	Cuben
PF31270	Cuben_2
PF31269	Cubilin_N
PF02408	CUB_2
PF21765	CUB_A2MG
PF26080	CUB_animal
PF23667	CUB_CDCP1_1
PF23668	CUB_CDCP1_2
PF25142	CUB_CDCP1_4th
PF23060	CUB_M02D8_5_1st
PF23061	CUB_M02D8_5_2nd
PF23062	CUB_M02D8_5_3rd
PF23063	CUB_M02D8_5_4th
PF23064	CUB_M02D8_5_5th
PF23059	CUB_M02D8_5_6th
PF23068	CUB_M02D8_5_7th
PF18631	Cucumopine_C
PF03263	Cucumo_2B
PF00760	Cucumo_coat
PF02845	CUE
PF18499	Cue1_U7BR
PF29637	CUEC
PF27983	CUEDC2_N
PF21172	CueP
PF31072	CUE_1
PF11515	Cul7
PF23168	CUL7_CUL9_N
PF31199	CUL8_C
PF00888	Cullin
PF26557	Cullin_AB
PF03556	Cullin_binding
PF10557	Cullin_Nedd8
PF11819	CUPID
PF00190	Cupin_1
PF07883	Cupin_2
PF05899	Cupin_3
PF06172	Cupin_5
PF12852	Cupin_6
PF12973	Cupin_7
PF13621	Cupin_8
PF24419	Cupin_NOL9
PF13473	Cupredoxin_1
PF22621	CurL-like_PKS_C
PF07012	Curlin_rpt
PF07325	Curto_V2
PF07436	Curto_V3
PF11604	CusF_Ec
PF21085	CusS
PF23999	CUSTOS
PF02376	CUT
PF11500	Cut12
PF08559	Cut8
PF03091	CutA1
PF03932	CutC
PF08140	Cuticle_1
PF08184	Cuticle_2
PF11018	Cuticle_3
PF15955	Cuticle_4
PF01083	Cutinase
PF16557	CUTL
PF25301	CUT_C
PF25057	CUT_N
PF25398	CUX1_N
PF01179	Cu_amine_oxid
PF07833	Cu_amine_oxidN1
PF02727	Cu_amine_oxidN2
PF02728	Cu_amine_oxidN3
PF18252	Cu_bind_CorA
PF02298	Cu_bind_like
PF28674	Cu_res_D_N
PF21191	CvfB_1st
PF21543	CvfB_2nd
PF08881	CVNH
PF21617	CV_2116-like
PF30328	Cwc21_C
PF12542	CWC25
PF08315	cwf18
PF08312	cwf21
PF04677	CwfJ_C_1
PF04676	CwfJ_C_2
PF04889	Cwf_Cwc_15
PF21465	Cwp6_N
PF22093	Cwp8_D2
PF22135	Cwp8_D3
PF10814	CwsA
PF08230	CW_7
PF04122	CW_binding_2
PF01705	CX
PF16860	CX9C
PF18802	CxC1
PF18803	CxC2
PF18804	CxC3
PF18717	CxC4
PF18718	CxC5
PF18721	CxC6
PF18866	CxC7
PF20902	CXCL16
PF15211	CXCL17
PF12109	CXCR4_N
PF03128	CXCXC
PF28678	CXorf58_MFI
PF27959	CXorf66
PF03692	CxxCxxCC
PF05907	CXXC_Zn-b_euk
PF21187	CYAA_C
PF02560	Cyanate_lyase
PF18921	Cyanophycin_syn
PF20712	CyanoTRADDas_TM
PF27863	Cyano_EgtBD
PF15169	Cybc1_Eros
PF05328	CybS
PF10438	Cyc-maltodext_C
PF09087	Cyc-maltodext_N
PF04199	Cyclase
PF04673	Cyclase_polyket
PF08613	Cyclin
PF02984	Cyclin_C
PF16899	Cyclin_C_2
PF12014	Cyclin_D1_bind
PF00134	Cyclin_N
PF16500	Cyclin_N2
PF04126	Cyclophil_like
PF18050	Cyclophil_like2
PF03784	Cyclotide
PF21797	CycT2-like_C
PF28236	CydP
PF22282	CydS
PF09600	Cyd_oper_YbgE
PF28124	CYHR1_TRAF_C
PF28091	CylC-like
PF16607	CYLD_phos_site
PF15241	Cylicin_N
PF16941	CymA
PF21291	CYNS_N
PF21329	CYP38_PsbQ-like
PF06646	CypI
PF23018	Cypovirus_WIV_4
PF05865	Cypo_polyhedrin
PF07159	CYRIA-B_Rac1-bd
PF18638	CyRPA
PF26203	Cys1
PF17850	CysA_C_terminal
PF10414	CysG_dimeriser
PF24562	CysR_MRC2_N
PF23493	CysS_C
PF00031	Cystatin
PF12734	CYSTM
PF17869	Cys_box
PF00007	Cys_knot
PF17486	Cys_Knot_tox
PF30496	Cys_Met_Meta_N
PF01053	Cys_Met_Meta_PP
PF14206	Cys_rich_CPCC
PF14375	Cys_rich_CWC
PF00839	Cys_rich_FGFR
PF14205	Cys_rich_KTR
PF28035	Cys_rich_PSPA7_2676
PF14194	Cys_rich_VLP
PF00173	Cyt-b5
PF27734	Cytadherence_Hmw2
PF07271	Cytadhesin_P30
PF01928	CYTH
PF02224	Cytidylate_kin
PF13189	Cytidylate_kin2
PF15153	CYTL1
PF09786	CytochromB561_N
PF10643	Cytochrome-c551
PF00033	Cytochrome_B
PF13435	Cytochrome_C554
PF14522	Cytochrome_C7
PF11783	Cytochrome_cB
PF13442	Cytochrome_CBB3
PF16694	Cytochrome_P460
PF05038	Cytochrom_B558a
PF00283	Cytochrom_B559
PF00284	Cytochrom_B559a
PF03188	Cytochrom_B561
PF07361	Cytochrom_B562
PF00032	Cytochrom_B_C
PF13631	Cytochrom_B_N_2
PF00034	Cytochrom_C
PF02167	Cytochrom_C1
PF14537	Cytochrom_c3_2
PF14495	Cytochrom_C550
PF02335	Cytochrom_C552
PF02085	Cytochrom_CIII
PF01322	Cytochrom_C_2
PF01578	Cytochrom_C_asm
PF22678	Cytochrom_c_NrfB-like
PF02239	Cytochrom_D1
PF03264	Cytochrom_NNT
PF02276	CytoC_RC
PF09265	Cytokin-bind
PF10407	Cytokin_check_N
PF01801	Cytomega_gL
PF06084	Cytomega_TRL10
PF05984	Cytomega_UL20A
PF06284	Cytomega_UL84
PF05963	Cytomega_US3
PF09000	Cytotoxic
PF01265	Cyto_heme_lyase
PF10890	Cyt_b-c1_8
PF01654	Cyt_bd_oxida_I
PF02322	Cyt_bd_oxida_II
PF12270	Cyt_c_ox_IV
PF29945	Cyt_c_polyheme2
PF10873	CYYR1
PF13682	CZB
PF25975	CzcB_C
PF25971	CzcB_N
PF16986	CzcE
PF28244	CzcI
PF09719	C_GCAxxG_C_C
PF16821	C_Hendra
PF17538	C_LFY_FLO
PF02363	C_tripleX
PF07286	D-Glu_cyclase
PF14031	D-ser_dehydrat
PF29638	D1044-6_C
PF29639	D1044-6_helical
PF29642	D1044-6_M
PF07065	D123
PF13225	D27-like_C
PF08706	D5_N
PF23283	D8C_UMOD
PF22903	DA-like
PF12315	DA1-like
PF18752	DAAD
PF25204	DAAF9_2
PF23281	DAAF9_N
PF15773	DAAP1
PF12004	DAB2P_C
PF21792	DAB2_SBM
PF10070	DabA
PF07876	Dabb
PF02457	DAC
PF31017	DACH_C
PF21749	DACND
PF21752	DACNG
PF21750	DACNH
PF21753	DACNK
PF21751	DACNV
PF21754	DacZ_A
PF19294	DACZ_N
PF21755	DacZ_P
PF21756	DacZ_T
PF02109	DAD
PF31135	Dae2
PF05454	DAG1
PF03982	DAGAT
PF00609	DAGK_acc
PF00781	DAGK_cat
PF01219	DAGK_prokar
PF31009	DAGL_N
PF14513	DAG_kinase_N
PF19443	DAHL
PF18152	DAHP_snth_FXD
PF00793	DAHP_synth_1
PF01474	DAHP_synth_2
PF30068	Daisho
PF02733	Dak1
PF02734	Dak2
PF07478	Dala_Dala_lig_C
PF01820	Dala_Dala_lig_N
PF05746	DALR_1
PF09190	DALR_2
PF26758	DALR_N
PF05869	Dam
PF22555	DAM-like-phage1
PF22556	DAM-like-phage2
PF31277	Damicornin
PF03045	DAN
PF01266	DAO
PF15199	DAOA
PF16901	DAO_C
PF15228	DAP
PF07213	DAP10
PF10236	DAP3
PF05173	DapB_C
PF01113	DapB_N
PF16654	DAPDH_C
PF18089	DAPG_hydrolase
PF08503	DapH_N
PF15268	Dapper
PF07930	DAP_B
PF19328	DAP_DH_C
PF01678	DAP_epimerase
PF18789	DarA_C
PF18788	DarA_N
PF17074	Darcynin
PF22080	Dark_CARD
PF04751	DarP
PF05395	DARPP-32
PF14487	DarT
PF08655	DASH_Ask1
PF08649	DASH_Dad1
PF08654	DASH_Dad2
PF08656	DASH_Dad3
PF08650	DASH_Dad4
PF08653	DASH_Dam1
PF08651	DASH_Duo1
PF08227	DASH_Hsk3
PF08287	DASH_Spc19
PF08657	DASH_Spc34
PF04447	dATP-dGTP_PPHyd
PF03344	Daxx
PF20920	DAXX_hist_bd
PF18872	Daz
PF11029	DAZAP2
PF01682	DB
PF14545	DBB
PF14443	DBC1
PF18430	DBD_HTH
PF10683	DBD_Tnp_Hermes
PF03108	DBD_Tnp_Mut
PF22437	DBF4_BRCT
PF13892	DBINO
PF02277	DBI_PRT
PF20496	Dbl7
PF22672	DBL_C
PF12361	DBP
PF08147	DBP10CT
PF03880	DbpA
PF16610	dbPDZ_assoc
PF05011	DBR1
PF20890	Dbr1_C
PF18526	DB_JBP1
PF15349	DCA16
PF02743	dCache_1
PF22588	dCache_1_like
PF08269	dCache_2
PF14827	dCache_3
PF14939	DCAF15_WD40
PF15802	DCAF17
PF27601	DCAF1_4th
PF27600	DCAF1_helical
PF27670	DCAF1_N
PF19577	DcaP
PF16213	DCB
PF09724	Dcc1
PF04134	DCC1-like
PF22769	DCD
PF22569	DCD_C
PF06559	DCD_N
PF05258	DciA
PF30548	DciA_cyano_C
PF00383	dCMP_cyt_deam_1
PF08211	dCMP_cyt_deam_2
PF06058	DCP1
PF05026	DCP2
PF05652	DcpS
PF11969	DcpS_C
PF14047	DCR
PF22389	Dcr1-like_dsRNA-bd_dom
PF08786	DcrB
PF27100	DcsG_N
PF26039	Dcst2
PF29566	DCT6_C
PF29569	DCT6_helical
PF29539	DCT6_middle
PF29568	DCT6_N
PF06808	DctM
PF21711	DCTN5
PF03480	DctP
PF04290	DctQ
PF03605	DcuA_DcuB
PF03606	DcuC
PF03607	DCX
PF24478	DCX2_DCDC1
PF07782	DC_STAMP
PF28632	DD3_C
PF28666	DD3_cupredoxin
PF30987	DD3_N
PF10172	DDA1
PF27279	DdaG_C
PF19420	DDAH_eukar
PF30294	DDB_G0268226
PF30267	DDB_G0268712_C
PF28132	DDB_G0273449
PF28663	DDB_G0273701_N
PF29011	DDB_G0280785_1st_TPR
PF29155	DDB_G0281145
PF28615	DDB_G0281251
PF28996	DDB_G0281631_C
PF30293	DDB_G0284425_helix
PF29486	DDB_G0285495_C
PF29484	DDB_G0285495_M
PF30292	DDB_G0286829
PF29736	DDB_G0287209_beta-sheet
PF29730	DDB_G0287209_C
PF29751	DDB_G0287209_Ig-like
PF29740	DDB_G0287209_N
PF30330	DDB_G0289901_N
PF29008	DDB_G0292058_C
PF31203	DDB_G0293016
PF10161	DDDD
PF03455	dDENN
PF03184	DDE_1
PF02914	DDE_2
PF13358	DDE_3
PF13546	DDE_5
PF01609	DDE_Tnp_1
PF13586	DDE_Tnp_1_2
PF13612	DDE_Tnp_1_3
PF13701	DDE_Tnp_1_4
PF13737	DDE_Tnp_1_5
PF13751	DDE_Tnp_1_6
PF13843	DDE_Tnp_1_7
PF13808	DDE_Tnp_1_assoc
PF04693	DDE_Tnp_2
PF13359	DDE_Tnp_4
PF03400	DDE_Tnp_IS1
PF12762	DDE_Tnp_IS1595
PF13610	DDE_Tnp_IS240
PF03050	DDE_Tnp_IS66
PF13817	DDE_Tnp_IS66_C
PF07592	DDE_Tnp_ISAZ013
PF01610	DDE_Tnp_ISL3
PF01526	DDE_Tnp_Tn3
PF02862	DDHD
PF24669	Ddi2_HDD
PF22406	DdMyo7_FERM
PF08841	DDR
PF21114	DDR1-2_DS-like
PF12747	DdrB
PF18763	ddrB-ParB
PF26517	DDRD
PF09756	DDRGK
PF31238	DdrO_C
PF18427	DDR_swiveling
PF02791	DDT
PF25430	DDX23
PF26142	DD_DDX21-DDX50
PF30825	DD_IQCK
PF12121	DD_K
PF00270	DEAD
PF06733	DEAD_2
PF08494	DEAD_assoc
PF12343	DeaD_C
PF25399	DeaD_dimer
PF24241	Deam_C
PF00531	Death
PF14786	Death_2
PF21733	Death_3
PF24979	Death_EDAR
PF24978	Death_Lrrd1
PF23629	Death_MADD
PF24094	DEATH_SH3BP4
PF23630	Death_TNFRSF11B
PF04624	Dec-1
PF04626	DEC-1_C
PF04625	DEC-1_N
PF15859	DEC1
PF25296	Decapeptide
PF02352	Decorin_bind
PF01335	DED
PF21762	DEDDh_C
PF01548	DEDD_Tnp_IS110
PF31121	DEF1
PF29042	DEF258-like
PF29833	DEF263
PF30206	DEF265
PF30061	DEF293
PF30075	DEF39
PF29716	DEF78-80
PF17333	DEFB136
PF17546	Defb50
PF24552	Defensin
PF29352	Defensin-like_134
PF00323	Defensin_1
PF01097	Defensin_2
PF08131	Defensin_3
PF07936	Defensin_4
PF18251	Defensin_5
PF00711	Defensin_beta
PF13841	Defensin_beta_2
PF14862	Defensin_big
PF29103	Defensin_DF207
PF17858	Defensin_int
PF10868	Defensin_like
PF00879	Defensin_propep
PF17860	Defensin_RK-1
PF30538	DEFL268
PF30326	DEFL269
PF30038	DEFL301_C
PF30541	DEFL308
PF29525	DEFL_287
PF28001	DEFL_AtLURE1
PF08181	DegQ
PF30250	DegR
PF05384	DegS
PF01041	DegT_DnrJ_EryC1
PF02645	DegV
PF13486	Dehalogenase
PF10778	DehI
PF09098	Dehyd-heme_bind
PF13816	Dehydratase_hem
PF02286	Dehydratase_LU
PF02288	Dehydratase_MU
PF02287	Dehydratase_SU
PF00257	Dehydrin
PF08766	DEK_C
PF12041	DELLA
PF16020	Deltameth_res
PF05599	Deltaretro_Tax
PF05372	Delta_lysin
PF15498	Dendrin
PF02141	DENN
PF09804	DENND11
PF31030	DENND6_C
PF21023	DENR_N
PF02336	Denso_VP4
PF01791	DeoC
PF00455	DeoRC
PF00610	DEP
PF19418	DEPDC5_CTD
PF15343	DEPP
PF04511	DER1
PF25738	Derepression
PF14704	DERM
PF15291	Dermcidin
PF23540	DesK_N
PF06771	Desmo_N
PF05497	Destabilase
PF01880	Desulfoferrodox
PF06397	Desulfoferrod_N
PF09737	Det1
PF01905	DevR
PF27281	DevT_C
PF27372	DevT_N
PF10539	Dev_Cell_Death
PF28987	DewD
PF15198	Dexa_ind
PF24557	DExH14_plug
PF23703	DExH18_N
PF27261	DEXH1_3_5_N
PF22527	DEXQc_Suv3
PF29719	DF109_like
PF30860	DF190_C
PF29047	DF258-like_N
PF29582	DF298_C
PF29584	DF298_N
PF29590	DF306_C
PF09033	DFF-C
PF09230	DFF40
PF04127	DFP
PF08630	Dfp1_Him1_M
PF16543	DFRP_C
PF28397	DG1062_N
PF28697	DGAT3_N
PF08859	DGC
PF20975	DGCcoil
PF30448	DgcQ_link
PF07324	DGCR6
PF11024	DGF-1_4
PF11038	DGF-1_5
PF22274	DGF-1_beta-sheet
PF11040	DGF-1_C
PF22279	DGF-1_N
PF22944	DGKD_4H
PF23578	DGKI
PF05035	DGOK
PF29277	DGR1
PF30119	DGT4
PF29677	Dgt5
PF18909	dGTP_diPhyd_N
PF27927	DH2-like
PF00926	DHBP_synthase
PF09626	DHC
PF08385	DHC_N1
PF08393	DHC_N2
PF25867	DHD
PF00701	DHDPS
PF00186	DHFR_1
PF06442	DHFR_2
PF01368	DHH
PF02272	DHHA1
PF02833	DHHA2
PF01529	DHHC
PF14286	DHHW
PF21763	DHH_CID
PF04038	DHNA
PF12890	DHOase
PF10418	DHODB_Fe-S_bind
PF06537	DHOR
PF01180	DHO_dh
PF01959	DHQS
PF26558	DHQS_2nd
PF24621	DHQS_C
PF01487	DHquinase_I
PF01220	DHquinase_II
PF01761	DHQ_synthase
PF06920	DHR-2_Lobe_A
PF20422	DHR-2_Lobe_B
PF20421	DHR-2_Lobe_C
PF20919	DHU1_N
PF28719	Dhx29_hel
PF23362	DHX37_C
PF24340	DH_2
PF25389	DH_ALS2
PF25582	DH_Alsin
PF14571	Di19_C
PF28838	DIA1
PF30059	DIA2_
PF05651	Diacid_rec
PF25192	DiatomPyrShell
PF30424	DicA_C
PF05358	DicB
PF20860	Dicers_N
PF03368	Dicer_dimer
PF20932	Dicer_dsRBD
PF17895	Dicer_N
PF20930	Dicer_PBD
PF20931	Dicer_platform
PF11492	Dicistro_VP4
PF04706	Dickkopf_N
PF10069	DICT
PF09267	Dict-STAT-coil
PF05720	Dicty_CAD
PF05462	Dicty_CAR
PF00526	Dicty_CTDC
PF05086	Dicty_REP
PF04562	Dicty_spore_N
PF28056	DidA
PF04922	DIE2_ALG10
PF13164	Diedel
PF29655	DIG1_C
PF24820	Diguanyl_cycl_sensor
PF21481	DIKK1-2-4_C-subdom1
PF21479	DIKK1-2-4_C-subdom2
PF01843	DIL
PF28799	Diltia_deacet_C
PF08194	DIM
PF02966	DIM1
PF16844	DIMCO_N
PF08100	Dimerisation
PF21212	Dimerisation2-like_dom
PF26038	Dimer_MINDY4_N
PF05699	Dimer_Tnp_hAT
PF02281	Dimer_Tnp_Tn5
PF09505	Dimeth_Pyl
PF05163	DinB
PF12867	DinB_2
PF29372	DinD_C
PF06183	DinI
PF28061	DinQ
PF22247	Diox-like_N
PF00775	Dioxygenase_C
PF04444	Dioxygenase_N
PF14226	DIOX_N
PF17679	Dip
PF22313	DIP0205-like_N
PF22089	DIP2116-like_N
PF22168	DIP2311-like_C
PF01866	Diphthamide_syn
PF28410	Diphthami_syn_2_C
PF01902	Diphthami_syn_2_N
PF02763	Diphtheria_C
PF01324	Diphtheria_R
PF02764	Diphtheria_T
PF11763	DIPSY
PF26134	DIRC1
PF03018	Dirigent
PF06584	DIRP
PF22428	Dis32-like_C
PF17877	Dis3l2_C_term
PF19226	DisA
PF10635	DisA-linker
PF08480	Disaggr_assoc
PF06848	Disaggr_repeat
PF16506	DiSB-ORF2_chro
PF30493	DISC1
PF28234	DISC1_C
PF29671	Discoidin-inducing_B
PF02377	Dishevelled
PF00200	Disintegrin
PF28204	Dispersin
PF06491	Disulph_isomer
PF21869	Dit-like_CBM2
PF05141	DIT1_PvcA
PF21766	Dit_C
PF21821	Dit_like
PF16774	Dit_N
PF20307	divDNAB
PF20286	divDNApol
PF04977	DivIC
PF05103	DivIVA
PF00778	DIX
PF01965	DJ-1_PfpI
PF26976	DJC16_C
PF09350	DJC28_CD
PF27507	DjlA_TM
PF27158	DjlB_C_2nd
PF30223	DjlC_C
PF21738	DJR-like_dom
PF08068	DKCLD
PF13644	DKNYY
PF21173	DksA-like_N
PF21157	DksA_N
PF28484	DLEC1_helical
PF31180	DLEU1
PF15760	DLEU7
PF01738	DLH
PF05783	DLIC
PF12413	DLL_N
PF18709	DLP_helical
PF29375	DLT1_C
PF28931	DLT1_N
PF04914	DltD
PF12459	DltX
PF00751	DM
PF06565	DM10_dom
PF10517	DM13
PF07841	DM4_12
PF27651	DM7
PF11901	DM9
PF03474	DMA
PF15055	DMAC1_Dmo2
PF28705	DMAC2_N
PF05499	DMAP1
PF17024	DMAP1_like
PF06464	DMAP_binding
PF17587	Dmd
PF20254	DMFA2_C
PF26354	DMF_alpha
PF22289	DmmA-like_C
PF22290	DmmA-like_N
PF07263	DMP1
PF16779	DMP12
PF14300	DMP19
PF07836	DmpG_comm
PF08826	DMPK_coil
PF00885	DMRL_synthase
PF15791	DMRT-like
PF12374	Dmrt1
PF20624	DMRT5_DMB
PF04976	DmsC
PF16867	DMSP_lyase
PF24277	DmsR_N
PF20588	DMTF1_N
PF04342	DMT_6
PF04657	DMT_YdcZ
PF22134	DM_Arn
PF30785	DNA-mimic_put
PF20500	DNA-PKcs_N
PF26340	DNA-SBD_ScoMcrA
PF08696	Dna2
PF21123	Dna2_Rift
PF11638	DnaA_N
PF23007	DnaA_N-like_STI
PF00772	DnaB
PF07261	DnaB_2
PF10410	DnaB_bind
PF03796	DnaB_C
PF21984	DnaD_N
PF16730	DnaGprimase_HBD
PF21650	DnaG_cat_HB
PF30523	DnaG_cyano_C
PF08278	DnaG_DnaB_bind
PF22410	DnaG_helical
PF08275	DNAG_N
PF27785	DNAI3_N
PF28639	DNAI3_WD
PF07319	DnaI_N
PF00226	DnaJ
PF11875	DnaJ-like_C11_C
PF14308	DnaJ-X
PF22774	DNAJC11_beta-barrel
PF28356	DNAJC15_N
PF01556	DnaJ_C
PF00684	DnaJ_CXXCXGXG
PF30527	DnaJ_cyano_C
PF27439	DnaJ_C_2
PF30609	DnaJ_pico_M
PF12339	DNAJ_related
PF20502	DNAPKcs_CC1-2
PF08163	DNAPKcs_CC3
PF19704	DNAPKcs_CC5
PF09115	DNApol3-delta_C
PF22587	DNApolII_insertion
PF21474	DNApolII_N
PF11590	DNAPolymera_Pol
PF18136	DNApol_Exo
PF08452	DNAP_B_exo_N
PF03265	DNase_II
PF14040	DNase_NucA_NucB
PF17948	DnaT
PF20557	DnaT_2
PF22608	DNAX_ATPase_lid
PF20964	DnaX_C
PF08713	DNA_alkylation
PF01035	DNA_binding_1
PF13724	DNA_binding_2
PF07157	DNA_circ_N
PF03989	DNA_gyraseA_C
PF00204	DNA_gyraseB
PF00986	DNA_gyraseB_C
PF03603	DNA_III_psi
PF01653	DNA_ligase_aden
PF04679	DNA_ligase_A_C
PF01068	DNA_ligase_A_M
PF04675	DNA_ligase_A_N
PF17879	DNA_ligase_C
PF11411	DNA_ligase_IV
PF14743	DNA_ligase_OB_2
PF03119	DNA_ligase_ZBD
PF00145	DNA_methylase
PF18284	DNA_meth_N
PF01119	DNA_mis_repair
PF11053	DNA_Packaging
PF11123	DNA_Packaging_2
PF02499	DNA_pack_C
PF02500	DNA_pack_N
PF00875	DNA_photolyase
PF07733	DNA_pol3_alpha
PF28818	DNA_pol3_alpha_C
PF14480	DNA_pol3_a_NI
PF11490	DNA_pol3_a_NII
PF00712	DNA_pol3_beta
PF02767	DNA_pol3_beta_2
PF02768	DNA_pol3_beta_3
PF04364	DNA_pol3_chi
PF30512	DNA_pol3_delp_C
PF06144	DNA_pol3_delta
PF13177	DNA_pol3_delta2
PF21694	DNA_pol3_delta_C
PF14840	DNA_pol3_delt_C
PF17657	DNA_pol3_finger
PF12169	DNA_pol3_gamma3
PF22227	DNA_pol3_gamma_R_C
PF12168	DNA_pol3_tau_4
PF12170	DNA_pol3_tau_5
PF06440	DNA_pol3_theta
PF22619	DNA_polI_exo1
PF00476	DNA_pol_A
PF12254	DNA_pol_alpha_N
PF01612	DNA_pol_A_exo1
PF18305	DNA_pol_A_exoN
PF00136	DNA_pol_B
PF03175	DNA_pol_B_2
PF08408	DNA_pol_B_3
PF03104	DNA_pol_B_exo1
PF10108	DNA_pol_B_exo2
PF14792	DNA_pol_B_palm
PF14791	DNA_pol_B_thumb
PF04081	DNA_pol_delta_4
PF18018	DNA_pol_D_N
PF04042	DNA_pol_E_B
PF20914	DNA_pol_IIIA_C
PF10391	DNA_pol_lambd_f
PF04931	DNA_pol_phi
PF18049	DNA_pol_P_Exo
PF00336	DNA_pol_viral_C
PF00242	DNA_pol_viral_N
PF02916	DNA_PPF
PF04104	DNA_primase_lrg
PF26466	DNA_primase_lrg_N
PF01896	DNA_primase_S
PF02481	DNA_processg_A
PF14966	DNA_repr_REX1B
PF27807	DNA_S_mod_dnd_assoc_4
PF00521	DNA_topoisoIV
PF21654	DncV-like_NTFase
PF21713	DncV_C
PF14709	DND1_DSRM
PF14072	DndB
PF08870	DndE
PF19330	DNER_C
PF01712	dNK
PF22855	DNM3A_N
PF21448	DNMK
PF12047	DNMT1-RFD
PF21255	DNMT3_ADD_GATA1-like
PF21716	dnstrm_HI1420
PF18192	DNTTIP1_dimer
PF19975	DO-GTPase1
PF19993	DO-GTPase2
PF14429	DOCK-C2
PF00404	Dockerin_1
PF08990	Docking
PF11878	DOCK_C-D_N
PF16172	DOCK_N
PF07311	Dodecin
PF14144	DOG1
PF29172	Dolichol_kinase_N
PF28421	DOLK
PF03351	DOMON
PF27662	DONSON
PF30343	Don_juan
PF24598	DOP1_C
PF08883	DOPA_dioxygen
PF04118	Dopey_N
PF11466	Doppel
PF14839	DOR
PF04124	Dor1
PF21118	DosC_2nd
PF28757	DOS_OSM_C
PF08123	DOT1
PF11388	DotA
PF16816	DotD
PF23127	DotM_C
PF09850	DotU
PF23131	DotY
PF23129	DotZ
PF09475	Dot_icm_IcmQ
PF07680	DoxA
PF04173	DoxD
PF07681	DoxX
PF13564	DoxX_2
PF13781	DoxX_3
PF08781	DP
PF08985	DP-EP
PF16924	DpaA_N
PF21383	DPAGT1_ins
PF03330	DPBB_1
PF26429	DPBB_CI111
PF25395	DPBB_PEX6
PF25193	DPC1
PF25195	DPC2
PF25194	DPC3
PF25196	DPC4_C
PF25197	DPC4_N
PF14913	DPCD
PF23859	DpdA
PF28109	DpdD
PF28110	DpdG
PF14051	DPF1-3_N
PF07297	DPM2
PF08285	DPM3
PF14207	DpnD-PcfM
PF23117	DpnD_N
PF06044	DpnI
PF04556	DpnII
PF18742	DpnII-MboI
PF17726	DpnI_C
PF12213	Dpoe2NT
PF14049	Dppa2_A
PF00930	DPPIV_N
PF18811	DPPIV_rep
PF19520	Dpp_8_9_N
PF21102	DprA_N
PF27828	DPROP
PF04244	DPRP
PF31123	DptA
PF05186	Dpy-30
PF10034	Dpy19
PF18069	DR2241
PF30163	DrA0282_C
PF21586	DraIII
PF18092	DraK_HK_N
PF07357	DRAT
PF15550	Draxin
PF30720	DRBD_TcsH_C
PF11719	Drc1-Sld2
PF27661	DRC10_N
PF27107	DRC11_N
PF24671	DRC7_C
PF16803	DRE2_N
PF23724	Dredd_2nd
PF23725	Dredd_N
PF05558	DREPP
PF05219	DREV
PF06345	Drf_DAD
PF06346	Drf_FH1
PF06367	Drf_FH3
PF06371	Drf_GBD
PF20309	DRHyd-ASK
PF27989	DRICH1-like
PF28648	DRIP1
PF21135	DRL_cat
PF07522	DRMBL
PF24957	DrmE_C
PF24955	DrmE_N
PF31064	Dro
PF28000	DrpB
PF13732	DrrA1-3_C
PF14860	DrrA_P4M
PF13686	DrsE_2
PF07085	DRTGG
PF14236	DruA
PF29727	DruD
PF09750	DRY_EERY
PF12393	Dr_adhesin
PF01916	DS
PF01323	DSBA
PF21575	DsbA_N
PF02600	DsbB
PF10411	DsbC_N
PF13386	DsbD_2
PF30370	DsbD_link
PF11412	DsbD_N
PF02683	DsbD_TM
PF18257	DsbG_N
PF13373	Dsc3_C
PF10302	Dsc3_N
PF12355	Dscam_C
PF01984	dsDNA_bind
PF16332	DSE-like_N
PF29037	DSE1_N
PF08148	DSHCT
PF12316	Dsh_C
PF01414	DSL
PF11989	Dsl1_C
PF11988	Dsl1_N
PF00782	DSPc
PF14671	DSPn
PF10781	DSRB
PF17842	dsRBD2
PF04358	DsrC
PF08679	DsrD
PF02635	DsrE
PF04077	DsrH
PF00035	dsrm
PF24995	DSRM_2
PF26535	DSRM_CARF
PF26980	DSRM_DCL2
PF24385	DSRM_DHX29
PF22901	dsrm_Ferlin
PF22892	DSRM_MRPL44
PF25517	DSRM_RDM1
PF26536	DSRM_REH2
PF26840	DSR_AD1
PF05160	DSS1_SEM1
PF08828	DSX_dimer
PF18102	DTC
PF00908	dTDP_sugar_isom
PF08070	DTHCT
PF21424	DTP-pb9_A-dom_C
PF21425	DTP-pb9_A-dom_N
PF21430	DTP-pb9_B-dom
PF14348	DtrJ-like
PF03942	DTW
PF21717	DTX3L_a-b
PF18357	DtxR
PF08588	Duc1
PF24794	Duc1_FFAT_like
PF30525	DUF
PF06207	DUF1002
PF06210	DUF1003
PF06219	DUF1005
PF06226	DUF1007
PF06231	DUF1010
PF06245	DUF1015
PF17761	DUF1016_N
PF06260	DUF1024
PF06267	DUF1028
PF06269	DUF1029
PF06270	DUF1030
PF06275	DUF1031
PF06279	DUF1033
PF06282	DUF1036
PF06287	DUF1039
PF06288	DUF1040
PF06299	DUF1045
PF06304	DUF1048
PF06335	DUF1054
PF06341	DUF1056
PF06342	DUF1057
PF06348	DUF1059
PF06353	DUF1062
PF06356	DUF1064
PF06364	DUF1068
PF06380	DUF1072
PF06388	DUF1075
PF06435	DUF1079
PF06448	DUF1081
PF06465	DUF1087
PF06469	DUF1088
PF06476	DUF1090
PF06477	DUF1091
PF06486	DUF1093
PF06493	DUF1096
PF06496	DUF1097
PF06503	DUF1101
PF06510	DUF1102
PF06513	DUF1103
PF06518	DUF1104
PF06523	DUF1106
PF06526	DUF1107
PF06531	DUF1108
PF06533	DUF1110
PF06547	DUF1117
PF06549	DUF1118
PF06551	DUF1120
PF06557	DUF1122
PF06563	DUF1125
PF06569	DUF1128
PF06570	DUF1129
PF06572	DUF1131
PF06575	DUF1132
PF06576	DUF1133
PF06587	DUF1137
PF06592	DUF1138
PF06599	DUF1139
PF06600	DUF1140
PF06611	DUF1145
PF06612	DUF1146
PF06618	DUF1148
PF06619	DUF1149
PF06620	DUF1150
PF06625	DUF1151
PF06626	DUF1152
PF06627	DUF1153
PF06633	DUF1155
PF06634	DUF1156
PF06636	DUF1157
PF06643	DUF1158
PF01976	DUF116
PF06649	DUF1161
PF06651	DUF1163
PF06658	DUF1168
PF06666	DUF1173
PF06671	DUF1174
PF06674	DUF1176
PF06675	DUF1177
PF06676	DUF1178
PF06678	DUF1179
PF06679	DUF1180
PF06680	DUF1181
PF06681	DUF1182
PF06683	DUF1184
PF06685	DUF1186
PF06688	DUF1187
PF06691	DUF1189
PF06693	DUF1190
PF06697	DUF1191
PF06698	DUF1192
PF06707	DUF1194
PF06708	DUF1195
PF06711	DUF1198
PF06712	DUF1199
PF06717	DUF1202
PF06718	DUF1203
PF06721	DUF1204
PF06724	DUF1206
PF06727	DUF1207
PF06742	DUF1214
PF06746	DUF1216
PF06748	DUF1217
PF06749	DUF1218
PF06760	DUF1221
PF06764	DUF1223
PF06797	DUF1229
PF01986	DUF123
PF06802	DUF1231
PF06803	DUF1232
PF06806	DUF1233
PF06822	DUF1235
PF06823	DUF1236
PF06836	DUF1240
PF06842	DUF1242
PF06844	DUF1244
PF06849	DUF1246
PF06851	DUF1247
PF06852	DUF1248
PF06853	DUF1249
PF06863	DUF1254
PF06866	DUF1256
PF06868	DUF1257
PF06869	DUF1258
PF06880	DUF1262
PF06882	DUF1263
PF06884	DUF1264
PF06887	DUF1265
PF06889	DUF1266
PF06897	DUF1269
PF06900	DUF1270
PF06906	DUF1272
PF06912	DUF1275
PF06918	DUF1280
PF06924	DUF1281
PF18406	DUF1281_C
PF06932	DUF1283
PF06935	DUF1284
PF21028	DUF1285_C
PF06938	DUF1285_N
PF06939	DUF1286
PF06940	DUF1287
PF06945	DUF1289
PF06947	DUF1290
PF06949	DUF1292
PF06950	DUF1293
PF06961	DUF1294
PF06966	DUF1295
PF06973	DUF1297
PF06975	DUF1299
PF06980	DUF1302
PF06993	DUF1304
PF06998	DUF1307
PF07000	DUF1308
PF01998	DUF131
PF07006	DUF1310
PF07013	DUF1314
PF07023	DUF1315
PF07026	DUF1317
PF07027	DUF1318
PF07028	DUF1319
PF07032	DUF1322
PF07040	DUF1326
PF07041	DUF1327
PF07043	DUF1328
PF07044	DUF1329
PF07045	DUF1330
PF07048	DUF1331
PF07056	DUF1335
PF02001	DUF134
PF07067	DUF1340
PF07076	DUF1344
PF07079	DUF1347
PF07080	DUF1348
PF07081	DUF1349
PF07082	DUF1350
PF07083	DUF1351
PF07087	DUF1353
PF07094	DUF1357
PF07096	DUF1358
PF07097	DUF1359
PF07098	DUF1360
PF07099	DUF1361
PF07101	DUF1363
PF07103	DUF1365
PF07104	DUF1366
PF07105	DUF1367
PF07112	DUF1368
PF07116	DUF1372
PF07117	DUF1373
PF07118	DUF1374
PF07119	DUF1375
PF07120	DUF1376
PF07125	DUF1378
PF07128	DUF1380
PF07129	DUF1381
PF07131	DUF1382
PF07136	DUF1385
PF07142	DUF1388
PF07146	DUF1389
PF07150	DUF1390
PF07151	DUF1391
PF07154	DUF1392
PF07165	DUF1397
PF07166	DUF1398
PF07176	DUF1400
PF07182	DUF1402
PF07183	DUF1403
PF07185	DUF1404
PF07187	DUF1405
PF07193	DUF1408
PF07197	DUF1409
PF07198	DUF1410
PF07199	DUF1411
PF07203	DUF1412
PF07205	DUF1413
PF07208	DUF1414
PF07209	DUF1415
PF07210	DUF1416
PF07214	DUF1418
PF07215	DUF1419
PF07220	DUF1420
PF29472	DUF1420_C
PF07223	DUF1421
PF07226	DUF1422
PF07232	DUF1424
PF07233	DUF1425
PF07235	DUF1427
PF07237	DUF1428
PF07242	DUF1430
PF07248	DUF1431
PF07252	DUF1433
PF07256	DUF1435
PF07270	DUF1438
PF07273	DUF1439
PF07274	DUF1440
PF07278	DUF1441
PF07279	DUF1442
PF07285	DUF1444
PF07293	DUF1450
PF07295	DUF1451
PF07301	DUF1453
PF07305	DUF1454
PF07306	DUF1455
PF07308	DUF1456
PF07312	DUF1459
PF07315	DUF1462
PF07316	DUF1463
PF07318	DUF1464
PF07323	DUF1465
PF07330	DUF1467
PF07341	DUF1473
PF07343	DUF1475
PF07346	DUF1477
PF07349	DUF1478
PF07351	DUF1480
PF07356	DUF1481
PF07358	DUF1482
PF07363	DUF1484
PF07364	DUF1485
PF07368	DUF1487
PF07369	DUF1488
PF07370	DUF1489
PF07371	DUF1490
PF07372	DUF1491
PF07374	DUF1492
PF07377	DUF1493
PF07379	DUF1494
PF07383	DUF1496
PF07384	DUF1497
PF07386	DUF1499
PF07394	DUF1501
PF07397	DUF1502
PF07403	DUF1505
PF07405	DUF1506
PF07408	DUF1507
PF07411	DUF1508
PF07420	DUF1509
PF07423	DUF1510
PF07431	DUF1512
PF23542	DUF1512_C
PF07433	DUF1513
PF07438	DUF1514
PF07439	DUF1515
PF07457	DUF1516
PF07466	DUF1517
PF07469	DUF1518
PF07481	DUF1521
PF07482	DUF1522
PF07509	DUF1523
PF07511	DUF1525
PF07485	DUF1529
PF07556	DUF1538
PF07560	DUF1539
PF07561	DUF1540
PF07563	DUF1541
PF07564	DUF1542
PF07566	DUF1543
PF07577	DUF1547
PF07579	DUF1548
PF02582	DUF155
PF07588	DUF1554
PF07598	DUF1561
PF07599	DUF1563
PF07600	DUF1564
PF07602	DUF1565
PF07606	DUF1569
PF07607	DUF1570
PF07608	DUF1571
PF07609	DUF1572
PF07610	DUF1573
PF07611	DUF1574
PF07613	DUF1576
PF07614	DUF1577
PF07617	DUF1579
PF07618	DUF1580
PF07619	DUF1581
PF07621	DUF1582
PF07622	DUF1583
PF20407	DUF1583_N
PF07628	DUF1589
PF07643	DUF1598
PF07659	DUF1599
PF01519	DUF16
PF07667	DUF1600
PF07671	DUF1601
PF07713	DUF1604
PF07753	DUF1609
PF07755	DUF1611
PF17396	DUF1611_N
PF07756	DUF1612
PF07758	DUF1614
PF07759	DUF1615
PF07760	DUF1616
PF07761	DUF1617
PF07762	DUF1618
PF25752	DUF1619_N
PF07784	DUF1622
PF07785	DUF1623
PF07789	DUF1627
PF07793	DUF1631
PF26671	DUF1631_2nd
PF26672	DUF1631_3rd
PF26670	DUF1631_C
PF07794	DUF1633
PF07843	DUF1634
PF07795	DUF1635
PF07845	DUF1636
PF07796	DUF1638
PF07797	DUF1639
PF07852	DUF1642
PF07799	DUF1643
PF07800	DUF1644
PF07816	DUF1645
PF07854	DUF1646
PF07801	DUF1647
PF07853	DUF1648
PF07864	DUF1651
PF07865	DUF1652
PF07866	DUF1653
PF07867	DUF1654
PF07868	DUF1655
PF07869	DUF1656
PF07870	DUF1657
PF07872	DUF1659
PF02593	DUF166
PF07874	DUF1660
PF07877	DUF1661
PF07909	DUF1663
PF07889	DUF1664
PF07891	DUF1666
PF07892	DUF1667
PF07893	DUF1668
PF07900	DUF1670
PF07901	DUF1672
PF07895	DUF1673
PF07896	DUF1674
PF07898	DUF1676
PF07911	DUF1677
PF07913	DUF1678
PF07914	DUF1679
PF07933	DUF1681
PF07920	DUF1684
PF07939	DUF1685
PF07937	DUF1686
PF07955	DUF1687
PF07958	DUF1688
PF07954	DUF1689
PF02596	DUF169
PF07956	DUF1690
PF07997	DUF1694
PF08002	DUF1697
PF08004	DUF1699
PF28505	DUF1699_N
PF08012	DUF1702
PF08020	DUF1706
PF08044	DUF1707
PF05414	DUF1717
PF08224	DUF1719
PF08226	DUF1720
PF08349	DUF1722
PF08338	DUF1731
PF08410	DUF1737
PF08490	DUF1744
PF08508	DUF1746
PF08538	DUF1749
PF08551	DUF1751
PF08560	DUF1757
PF05585	DUF1758
PF03564	DUF1759
PF08570	DUF1761
PF08576	DUF1764
PF08578	DUF1765
PF08590	DUF1771
PF08611	DUF1774
PF07987	DUF1775
PF08643	DUF1776
PF08682	DUF1780
PF08735	DUF1786
PF02622	DUF179
PF08795	DUF1796
PF08796	DUF1797
PF08807	DUF1798
PF08809	DUF1799
PF08811	DUF1800
PF08818	DUF1801
PF08819	DUF1802
PF08820	DUF1803
PF08822	DUF1804
PF08827	DUF1805
PF08830	DUF1806
PF08837	DUF1810
PF08838	DUF1811
PF08844	DUF1815
PF08846	DUF1816
PF08848	DUF1818
PF08850	DUF1820
PF08852	DUF1822
PF08853	DUF1823
PF08854	DUF1824
PF08855	DUF1825
PF08856	DUF1826
PF08860	DUF1827
PF08861	DUF1828
PF08862	DUF1829
PF08865	DUF1830
PF08866	DUF1831
PF08875	DUF1833
PF08874	DUF1835
PF08876	DUF1836
PF08894	DUF1838
PF08893	DUF1839
PF30709	DUF1839_C
PF08895	DUF1840
PF08897	DUF1841
PF08896	DUF1842
PF08898	DUF1843
PF08899	DUF1844
PF08903	DUF1846
PF20921	DUF1846_C
PF08901	DUF1847
PF08902	DUF1848
PF08905	DUF1850
PF08907	DUF1853
PF08909	DUF1854
PF08984	DUF1858
PF08950	DUF1861
PF08952	DUF1866
PF08956	DUF1869
PF08958	DUF1871
PF08974	DUF1877
PF08963	DUF1878
PF02639	DUF188
PF08966	DUF1882
PF08980	DUF1883
PF08968	DUF1885
PF08986	DUF1889
PF09001	DUF1890
PF08987	DUF1892
PF08979	DUF1894
PF08989	DUF1896
PF08953	DUF1899
PF01579	DUF19
PF02641	DUF190
PF08972	DUF1902
PF08921	DUF1904
PF08922	DUF1905
PF08925	DUF1907
PF08926	DUF1908
PF08930	DUF1912
PF08940	DUF1918
PF08942	DUF1919
PF02643	DUF192
PF09082	DUF1922
PF09083	DUF1923
PF09086	DUF1924
PF09122	DUF1930
PF09123	DUF1931
PF09130	DUF1932
PF09148	DUF1934
PF09149	DUF1935
PF09151	DUF1936
PF09152	DUF1937
PF09155	DUF1940
PF09167	DUF1942
PF09183	DUF1947
PF09185	DUF1948
PF09186	DUF1949
PF09188	DUF1951
PF09196	DUF1953
PF09205	DUF1955
PF09211	DUF1958
PF09224	DUF1961
PF09234	DUF1963
PF09248	DUF1965
PF09269	DUF1967
PF09291	DUF1968
PF09301	DUF1970
PF09314	DUF1972
PF09320	DUF1977
PF09321	DUF1978
PF09322	DUF1979
PF09323	DUF1980
PF21537	DUF1980_C
PF09331	DUF1985
PF09347	DUF1989
PF09348	DUF1990
PF09351	DUF1993
PF09353	DUF1995
PF09362	DUF1996
PF09366	DUF1997
PF09390	DUF1999
PF09391	DUF2000
PF09393	DUF2001
PF09400	DUF2002
PF09406	DUF2004
PF09413	DUF2007
PF09418	DUF2009
PF09428	DUF2011
PF09427	DUF2014
PF09435	DUF2015
PF09436	DUF2016
PF09438	DUF2017
PF09442	DUF2018
PF09450	DUF2019
PF02656	DUF202
PF09449	DUF2020
PF09633	DUF2023
PF09630	DUF2024
PF09634	DUF2025
PF09641	DUF2026
PF09640	DUF2027
PF09667	DUF2028
PF09592	DUF2031
PF10217	DUF2039
PF09740	DUF2043
PF09741	DUF2045
PF09755	DUF2046
PF09767	DUF2053
PF09829	DUF2057
PF09831	DUF2058
PF09832	DUF2059
PF09834	DUF2061
PF09835	DUF2062
PF09837	DUF2064
PF09838	DUF2065
PF09839	DUF2066
PF09840	DUF2067
PF09842	DUF2069
PF09843	DUF2070
PF09844	DUF2071
PF09849	DUF2076
PF09852	DUF2079
PF09853	DUF2080
PF09858	DUF2085
PF09860	DUF2087
PF09862	DUF2089
PF09863	DUF2090
PF09865	DUF2092
PF09866	DUF2093
PF09868	DUF2095
PF23100	DUF2096_N
PF09870	DUF2097
PF09871	DUF2098
PF09872	DUF2099
PF09874	DUF2101
PF09875	DUF2102
PF09876	DUF2103
PF02680	DUF211
PF09883	DUF2110
PF24873	DUF2110_C
PF24872	DUF2110_N
PF09884	DUF2111
PF09885	DUF2112
PF09886	DUF2113
PF09887	DUF2114
PF09888	DUF2115
PF09889	DUF2116
PF09890	DUF2117
PF09891	DUF2118
PF09892	DUF2119
PF02681	DUF212
PF09893	DUF2120
PF09895	DUF2122
PF09897	DUF2124
PF09898	DUF2125
PF09899	DUF2126
PF09900	DUF2127
PF09902	DUF2129
PF09903	DUF2130
PF09909	DUF2138
PF09910	DUF2139
PF09911	DUF2140
PF09912	DUF2141
PF09913	DUF2142
PF09916	DUF2145
PF09917	DUF2147
PF09918	DUF2148
PF09919	DUF2149
PF09920	DUF2150
PF10222	DUF2152
PF09921	DUF2153
PF09923	DUF2155
PF09925	DUF2157
PF09926	DUF2158
PF09928	DUF2160
PF09929	DUF2161
PF09930	DUF2162
PF09932	DUF2164
PF09933	DUF2165
PF09935	DUF2167
PF09937	DUF2169
PF09938	DUF2170
PF09939	DUF2171
PF09940	DUF2172
PF09941	DUF2173
PF09943	DUF2175
PF09945	DUF2177
PF09946	DUF2178
PF10035	DUF2179
PF02698	DUF218
PF09947	DUF2180
PF09953	DUF2187
PF09954	DUF2188
PF09955	DUF2189
PF09958	DUF2192
PF09959	DUF2193
PF09960	DUF2194
PF09961	DUF2195
PF09962	DUF2196
PF09963	DUF2197
PF09964	DUF2198
PF09965	DUF2199
PF01629	DUF22
PF02713	DUF220
PF09966	DUF2200
PF09967	DUF2201
PF13203	DUF2201_N
PF09968	DUF2202
PF09969	DUF2203
PF09970	DUF2204
PF10224	DUF2205
PF09971	DUF2206
PF09972	DUF2207
PF20990	DUF2207_C
PF09973	DUF2208
PF09974	DUF2209
PF09980	DUF2214
PF09981	DUF2218
PF02720	DUF222
PF09986	DUF2225
PF09987	DUF2226
PF09988	DUF2227
PF09989	DUF2229
PF02721	DUF223
PF09990	DUF2231
PF09991	DUF2232
PF09996	DUF2237
PF09997	DUF2238
PF09998	DUF2239
PF09999	DUF2240
PF10001	DUF2242
PF10002	DUF2243
PF10003	DUF2244
PF10004	DUF2247
PF10006	DUF2249
PF10007	DUF2250
PF10008	DUF2251
PF10009	DUF2252
PF10011	DUF2254
PF10012	DUF2255
PF10013	DUF2256
PF10016	DUF2259
PF02890	DUF226
PF10020	DUF2262
PF20938	DUF2264_C
PF10025	DUF2267
PF10026	DUF2268
PF10027	DUF2269
PF10028	DUF2270
PF10029	DUF2271
PF10030	DUF2272
PF10031	DUF2273
PF10038	DUF2274
PF10039	DUF2275
PF10041	DUF2277
PF10042	DUF2278
PF10043	DUF2279
PF02989	DUF228
PF10045	DUF2280
PF10047	DUF2281
PF10049	DUF2283
PF10050	DUF2284
PF10051	DUF2286
PF10052	DUF2288
PF02995	DUF229
PF10053	DUF2290
PF10054	DUF2291
PF10055	DUF2292
PF10056	DUF2293
PF10060	DUF2298
PF10061	DUF2299
PF10062	DUF2300
PF10063	DUF2301
PF10065	DUF2303
PF10066	DUF2304
PF10067	DUF2306
PF10071	DUF2310
PF10077	DUF2314
PF10078	DUF2316
PF10083	DUF2321
PF10084	DUF2322
PF10087	DUF2325
PF10088	DUF2326
PF10092	DUF2330
PF10094	DUF2332
PF10095	DUF2333
PF10096	DUF2334
PF10097	DUF2335
PF10098	DUF2336
PF10101	DUF2339
PF03008	DUF234
PF10209	DUF2340
PF10102	DUF2341
PF10105	DUF2344
PF10106	DUF2345
PF09823	DUF2357
PF10184	DUF2358
PF03057	DUF236
PF10166	DUF2368
PF03072	DUF237
PF10177	DUF2371
PF09574	DUF2374
PF09558	DUF2375
PF09536	DUF2378
PF09543	DUF2379
PF09533	DUF2380
PF09544	DUF2381
PF09557	DUF2382
PF09537	DUF2383
PF09539	DUF2385
PF09526	DUF2387
PF09498	DUF2388
PF09493	DUF2389
PF09523	DUF2390
PF09622	DUF2391
PF09624	DUF2393
PF09654	DUF2396
PF09660	DUF2397
PF09661	DUF2398
PF09664	DUF2399
PF03086	DUF240
PF09674	DUF2400
PF10295	DUF2406
PF10303	DUF2408
PF10313	DUF2415
PF10329	DUF2417
PF10332	DUF2418
PF10336	DUF2420
PF10348	DUF2427
PF10350	DUF2428
PF03103	DUF243
PF10353	DUF2430
PF10360	DUF2433
PF10361	DUF2434
PF10365	DUF2436
PF03112	DUF244
PF10386	DUF2441
PF10387	DUF2442
PF10398	DUF2443
PF10476	DUF2448
PF10504	DUF2452
PF10445	DUF2456
PF10446	DUF2457
PF10454	DUF2458
PF09601	DUF2459
PF09343	DUF2460
PF09365	DUF2461
PF09495	DUF2462
PF09591	DUF2463
PF10239	DUF2465
PF10611	DUF2469
PF03140	DUF247
PF10615	DUF2470
PF10616	DUF2471
PF10617	DUF2474
PF10630	DUF2476
PF10631	DUF2477
PF10649	DUF2478
PF10652	DUF2480
PF10654	DUF2481
PF10655	DUF2482
PF10656	DUF2483
PF10658	DUF2484
PF10667	DUF2486
PF10673	DUF2487
PF10675	DUF2489
PF03158	DUF249
PF10677	DUF2490
PF10679	DUF2491
PF10678	DUF2492
PF10689	DUF2496
PF10691	DUF2497
PF10692	DUF2498
PF10693	DUF2499
PF10694	DUF2500
PF10696	DUF2501
PF10697	DUF2502
PF10698	DUF2505
PF10702	DUF2507
PF10704	DUF2508
PF10713	DUF2509
PF10708	DUF2510
PF10710	DUF2512
PF10711	DUF2513
PF10721	DUF2514
PF10720	DUF2515
PF10724	DUF2516
PF10725	DUF2517
PF10726	DUF2518
PF10728	DUF2520
PF10730	DUF2521
PF10734	DUF2523
PF10732	DUF2524
PF10733	DUF2525
PF10735	DUF2526
PF10736	DUF2527
PF10800	DUF2528
PF10740	DUF2529
PF10745	DUF2530
PF10811	DUF2532
PF10752	DUF2533
PF10749	DUF2534
PF10751	DUF2535
PF10750	DUF2536
PF10801	DUF2537
PF10804	DUF2538
PF10802	DUF2540
PF10807	DUF2541
PF10808	DUF2542
PF10820	DUF2543
PF11245	DUF2544
PF10810	DUF2545
PF10739	DUF2550
PF10826	DUF2551
PF10827	DUF2552
PF10830	DUF2553
PF10829	DUF2554
PF10742	DUF2555
PF10831	DUF2556
PF10834	DUF2560
PF10812	DUF2561
PF10817	DUF2563
PF10819	DUF2564
PF10821	DUF2567
PF10823	DUF2568
PF10754	DUF2569
PF03192	DUF257
PF10828	DUF2570
PF10833	DUF2572
PF10835	DUF2573
PF10836	DUF2574
PF10845	DUF2576
PF10844	DUF2577
PF10771	DUF2582
PF10762	DUF2583
PF10763	DUF2584
PF10755	DUF2585
PF10758	DUF2586
PF29510	DUF2586_C
PF11655	DUF2589
PF10761	DUF2590
PF10769	DUF2594
PF10783	DUF2599
PF10776	DUF2600
PF10788	DUF2603
PF10790	DUF2604
PF10792	DUF2605
PF10794	DUF2606
PF10795	DUF2607
PF11019	DUF2608
PF03196	DUF261
PF11020	DUF2610
PF11021	DUF2613
PF11023	DUF2614
PF11027	DUF2615
PF11077	DUF2616
PF10936	DUF2617
PF10942	DUF2619
PF10941	DUF2620
PF11084	DUF2621
PF11115	DUF2623
PF11116	DUF2624
PF10946	DUF2625
PF11117	DUF2626
PF11118	DUF2627
PF10947	DUF2628
PF10944	DUF2630
PF10939	DUF2631
PF10943	DUF2632
PF11119	DUF2633
PF10948	DUF2635
PF10935	DUF2637
PF11121	DUF2639
PF10842	DUF2642
PF10841	DUF2644
PF10840	DUF2645
PF10839	DUF2647
PF10854	DUF2649
PF10853	DUF2650
PF10852	DUF2651
PF10851	DUF2652
PF10850	DUF2653
PF10849	DUF2654
PF10847	DUF2656
PF10858	DUF2659
PF10859	DUF2660
PF10860	DUF2661
PF10864	DUF2663
PF10867	DUF2664
PF10869	DUF2666
PF03268	DUF267
PF10875	DUF2670
PF10877	DUF2671
PF10878	DUF2672
PF10880	DUF2673
PF10879	DUF2674
PF10838	DUF2677
PF10856	DUF2678
PF03269	DUF268
PF10925	DUF2680
PF10883	DUF2681
PF10909	DUF2682
PF10884	DUF2683
PF10886	DUF2685
PF10887	DUF2686
PF10892	DUF2688
PF10894	DUF2689
PF03270	DUF269
PF10901	DUF2690
PF10903	DUF2691
PF10904	DUF2694
PF10905	DUF2695
PF10857	DUF2701
PF10865	DUF2703
PF10866	DUF2704
PF10920	DUF2705
PF10913	DUF2706
PF10915	DUF2709
PF10921	DUF2710
PF10924	DUF2711
PF10916	DUF2712
PF10897	DUF2713
PF10896	DUF2714
PF10895	DUF2715
PF10898	DUF2716
PF10918	DUF2718
PF10891	DUF2719
PF03312	DUF272
PF11026	DUF2721
PF10846	DUF2722
PF10881	DUF2726
PF10870	DUF2729
PF26704	DUF272_C
PF03314	DUF273
PF10805	DUF2730
PF10809	DUF2732
PF10931	DUF2735
PF10930	DUF2737
PF10927	DUF2738
PF10872	DUF2740
PF10888	DUF2742
PF10874	DUF2746
PF10871	DUF2748
PF10907	DUF2749
PF11042	DUF2750
PF10825	DUF2752
PF10952	DUF2753
PF10953	DUF2754
PF10954	DUF2755
PF10956	DUF2756
PF10958	DUF2759
PF03434	DUF276
PF10816	DUF2760
PF10959	DUF2761
PF10962	DUF2764
PF10964	DUF2766
PF10965	DUF2767
PF10966	DUF2768
PF10967	DUF2769
PF10968	DUF2770
PF10969	DUF2771
PF10971	DUF2773
PF11242	DUF2774
PF10951	DUF2776
PF10949	DUF2777
PF11074	DUF2779
PF11075	DUF2780
PF11191	DUF2782
PF10932	DUF2783
PF10861	DUF2784
PF10978	DUF2785
PF10979	DUF2786
PF10980	DUF2787
PF10981	DUF2788
PF10982	DUF2789
PF10976	DUF2790
PF10983	DUF2793
PF10984	DUF2794
PF11387	DUF2795
PF10977	DUF2797
PF11391	DUF2798
PF10973	DUF2799
PF10926	DUF2800
PF10975	DUF2802
PF10974	DUF2804
PF10985	DUF2805
PF10987	DUF2806
PF10988	DUF2807
PF10989	DUF2808
PF10990	DUF2809
PF03436	DUF281
PF10928	DUF2810
PF10929	DUF2811
PF11193	DUF2812
PF11398	DUF2813
PF10994	DUF2817
PF10993	DUF2818
PF03380	DUF282
PF11039	DUF2824
PF11442	DUF2826
PF10933	DUF2827
PF11443	DUF2828
PF11196	DUF2834
PF11197	DUF2835
PF10998	DUF2838
PF10999	DUF2839
PF11000	DUF2840
PF11003	DUF2842
PF11005	DUF2844
PF11006	DUF2845
PF11008	DUF2846
PF11010	DUF2848
PF11011	DUF2849
PF03382	DUF285
PF11012	DUF2850
PF11013	DUF2851
PF11014	DUF2852
PF11015	DUF2853
PF11016	DUF2854
PF11017	DUF2855
PF11198	DUF2857
PF11072	DUF2859
PF11059	DUF2860
PF11060	DUF2861
PF11062	DUF2863
PF11064	DUF2865
PF11065	DUF2866
PF11066	DUF2867
PF11067	DUF2868
PF03384	DUF287
PF11070	DUF2871
PF11086	DUF2878
PF11082	DUF2880
PF11097	DUF2883
PF11101	DUF2884
PF11103	DUF2887
PF11135	DUF2888
PF11136	DUF2889
PF11199	DUF2891
PF11445	DUF2894
PF11444	DUF2895
PF11446	DUF2897
PF01724	DUF29
PF11146	DUF2905
PF11137	DUF2909
PF11138	DUF2911
PF11140	DUF2913
PF11141	DUF2914
PF11142	DUF2917
PF11143	DUF2919
PF11144	DUF2920
PF11145	DUF2921
PF25333	DUF2921_N
PF11148	DUF2922
PF11149	DUF2924
PF11150	DUF2927
PF11151	DUF2929
PF11153	DUF2931
PF11666	DUF2933
PF11154	DUF2934
PF11155	DUF2935
PF11157	DUF2937
PF11158	DUF2938
PF11159	DUF2939
PF03445	DUF294
PF11161	DUF2944
PF11162	DUF2946
PF11163	DUF2947
PF11164	DUF2948
PF11165	DUF2949
PF10335	DUF294_C
PF11453	DUF2950
PF11166	DUF2951
PF11167	DUF2953
PF11168	DUF2955
PF11169	DUF2956
PF11170	DUF2957
PF11171	DUF2958
PF11172	DUF2959
PF11173	DUF2960
PF11178	DUF2963
PF11177	DUF2964
PF11179	DUF2967
PF11180	DUF2968
PF11184	DUF2969
PF11174	DUF2970
PF11185	DUF2971
PF11186	DUF2972
PF11189	DUF2973
PF11188	DUF2975
PF11190	DUF2976
PF11192	DUF2977
PF11200	DUF2981
PF11201	DUF2982
PF11204	DUF2985
PF11661	DUF2986
PF11205	DUF2987
PF11207	DUF2989
PF11693	DUF2990
PF11208	DUF2992
PF11210	DUF2996
PF11211	DUF2997
PF11212	DUF2999
PF11452	DUF3000
PF11448	DUF3005
PF11213	DUF3006
PF11460	DUF3007
PF11450	DUF3008
PF11215	DUF3010
PF11218	DUF3011
PF11216	DUF3012
PF11217	DUF3013
PF11219	DUF3014
PF11220	DUF3015
PF11454	DUF3016
PF11222	DUF3017
PF11456	DUF3019
PF03625	DUF302
PF11223	DUF3020
PF11457	DUF3021
PF11226	DUF3022
PF11224	DUF3023
PF11225	DUF3024
PF11227	DUF3025
PF11228	DUF3027
PF11231	DUF3034
PF11233	DUF3035
PF11236	DUF3037
PF11237	DUF3038
PF11238	DUF3039
PF11239	DUF3040
PF11240	DUF3042
PF11241	DUF3043
PF11243	DUF3045
PF11248	DUF3046
PF11249	DUF3047
PF11258	DUF3048
PF17479	DUF3048_C
PF03713	DUF305
PF11252	DUF3051
PF11253	DUF3052
PF11254	DUF3053
PF11255	DUF3054
PF11259	DUF3060
PF11267	DUF3067
PF11269	DUF3069
PF11268	DUF3071
PF11272	DUF3072
PF11273	DUF3073
PF11274	DUF3074
PF11275	DUF3077
PF11276	DUF3078
PF11278	DUF3079
PF03729	DUF308
PF11279	DUF3080
PF11280	DUF3081
PF11282	DUF3082
PF11281	DUF3083
PF11283	DUF3084
PF30500	DUF3084_C
PF11284	DUF3085
PF11285	DUF3086
PF11286	DUF3087
PF11287	DUF3088
PF11288	DUF3089
PF03745	DUF309
PF11290	DUF3090
PF11291	DUF3091
PF11292	DUF3093
PF11293	DUF3094
PF11294	DUF3095
PF11295	DUF3096
PF11296	DUF3097_C
PF22845	DUF3097_N
PF11297	DUF3098
PF11298	DUF3099
PF11299	DUF3100
PF11300	DUF3102
PF11301	DUF3103
PF11302	DUF3104
PF11303	DUF3105
PF11304	DUF3106
PF11305	DUF3107
PF11306	DUF3108
PF21347	DUF3108_like
PF11360	DUF3110
PF11309	DUF3112
PF11310	DUF3113
PF11311	DUF3114
PF11313	DUF3116
PF11314	DUF3117
PF11317	DUF3119
PF11318	DUF3120
PF11320	DUF3122
PF11321	DUF3123
PF11322	DUF3124
PF11324	DUF3126
PF11325	DUF3127
PF11328	DUF3130
PF11329	DUF3131
PF11332	DUF3134
PF11333	DUF3135
PF11334	DUF3136
PF11335	DUF3137
PF11336	DUF3138
PF11337	DUF3139
PF11338	DUF3140
PF11339	DUF3141
PF11340	DUF3142
PF11341	DUF3143
PF11342	DUF3144
PF11343	DUF3145
PF11344	DUF3146
PF11345	DUF3147
PF11346	DUF3149
PF11348	DUF3150
PF11349	DUF3151
PF11350	DUF3152
PF11353	DUF3153
PF11352	DUF3155
PF11354	DUF3156
PF11355	DUF3157
PF11358	DUF3158
PF11361	DUF3159
PF03761	DUF316
PF11369	DUF3160
PF11362	DUF3161
PF11363	DUF3164
PF11364	DUF3165
PF11368	DUF3169
PF11371	DUF3172
PF11372	DUF3173
PF11373	DUF3175
PF11374	DUF3176
PF11375	DUF3177
PF11376	DUF3179
PF11377	DUF3180
PF11378	DUF3181
PF11379	DUF3182
PF11381	DUF3185
PF11383	DUF3187
PF11384	DUF3188
PF11385	DUF3189
PF11399	DUF3192
PF11419	DUF3194
PF11424	DUF3195
PF20997	DUF3195_C
PF11428	DUF3196
PF11432	DUF3197
PF11433	DUF3198
PF11436	DUF3199
PF11447	DUF3201
PF11462	DUF3203
PF11472	DUF3206
PF11482	DUF3208
PF11483	DUF3209
PF03778	DUF321
PF11486	DUF3212
PF11491	DUF3213
PF11505	DUF3216
PF11506	DUF3217
PF11508	DUF3218
PF11514	DUF3219
PF11516	DUF3220
PF11518	DUF3221
PF11519	DUF3222
PF11523	DUF3223
PF11528	DUF3224
PF11536	DUF3226
PF11539	DUF3228
PF11553	DUF3231
PF11554	DUF3232
PF11572	DUF3234
PF11578	DUF3237
PF11579	DUF3238
PF11580	DUF3239
PF11582	DUF3240
PF11586	DUF3242
PF11588	DUF3243
PF11589	DUF3244
PF11595	DUF3245
PF11596	DUF3246
PF11607	DUF3247
PF11609	DUF3248
PF03804	DUF325
PF11622	DUF3251
PF11625	DUF3253
PF11631	DUF3255
PF11644	DUF3256
PF11646	DUF3258
PF11659	DUF3261
PF11660	DUF3262
PF11662	DUF3263
PF11667	DUF3267
PF11672	DUF3268
PF11673	DUF3269
PF03885	DUF327
PF11674	DUF3270
PF11675	DUF3271
PF11676	DUF3272
PF11677	DUF3273
PF11679	DUF3275
PF11680	DUF3276
PF11683	DUF3278
PF11684	DUF3280
PF11685	DUF3281
PF11686	DUF3283
PF11687	DUF3284
PF11688	DUF3285
PF11690	DUF3287
PF11691	DUF3288
PF11692	DUF3289
PF11694	DUF3290
PF11695	DUF3291
PF11696	DUF3292
PF11697	DUF3293
PF07957	DUF3294
PF11702	DUF3295
PF11730	DUF3297
PF11738	DUF3298
PF11736	DUF3299
PF11737	DUF3300
PF11743	DUF3301
PF11742	DUF3302
PF11746	DUF3303
PF11745	DUF3304
PF11749	DUF3305
PF11748	DUF3306
PF11750	DUF3307
PF11752	DUF3309
PF11753	DUF3310
PF11755	DUF3311
PF11769	DUF3313
PF11771	DUF3314
PF11777	DUF3316
PF11780	DUF3318
PF11782	DUF3319
PF11784	DUF3320
PF11795	DUF3322
PF11796	DUF3323
PF11804	DUF3325
PF11805	DUF3326
PF03891	DUF333
PF11809	DUF3330
PF11811	DUF3331
PF11810	DUF3332
PF11812	DUF3333
PF11813	DUF3334
PF11814	DUF3335
PF11815	DUF3336
PF11820	DUF3339
PF03904	DUF334
PF11818	DUF3340
PF11824	DUF3344
PF11827	DUF3347
PF11828	DUF3348
PF11829	DUF3349
PF11830	DUF3350
PF11832	DUF3352
PF11840	DUF3360
PF11842	DUF3362
PF11843	DUF3363
PF11844	DUF3364
PF11848	DUF3368
PF11849	DUF3369
PF11850	DUF3370
PF11851	DUF3371
PF11853	DUF3373
PF11855	DUF3375
PF11856	DUF3376
PF11857	DUF3377
PF11858	DUF3378
PF11859	DUF3379
PF11861	DUF3381
PF11862	DUF3382
PF11864	DUF3384
PF11866	DUF3386
PF11868	DUF3388
PF11869	DUF3389
PF11871	DUF3391
PF11872	DUF3392
PF11874	DUF3394
PF11877	DUF3397
PF11879	DUF3399
PF11880	DUF3400
PF11882	DUF3402
PF11883	DUF3403
PF11884	DUF3404
PF11885	DUF3405
PF11888	DUF3408
PF11890	DUF3410
PF11893	DUF3413
PF11897	DUF3417
PF11898	DUF3418
PF11899	DUF3419
PF11900	DUF3420
PF11902	DUF3422
PF11905	DUF3425
PF11906	DUF3426
PF11907	DUF3427
PF11911	DUF3429
PF11913	DUF3431
PF11914	DUF3432
PF11915	DUF3433
PF11917	DUF3435
PF11920	DUF3438
PF11922	DUF3440
PF11925	DUF3443
PF11926	DUF3444
PF11928	DUF3446
PF11929	DUF3447
PF11932	DUF3450
PF11934	DUF3452
PF11937	DUF3455
PF11938	DUF3456
PF11940	DUF3458
PF17432	DUF3458_C
PF11941	DUF3459
PF03984	DUF346
PF11943	DUF3460
PF11944	DUF3461
PF11946	DUF3463
PF11947	DUF3464
PF11948	DUF3465
PF11949	DUF3466
PF11950	DUF3467
PF03988	DUF347
PF11953	DUF3470
PF11954	DUF3471
PF11959	DUF3473
PF11960	DUF3474
PF11961	DUF3475
PF11965	DUF3479
PF03990	DUF348
PF11980	DUF3481
PF11981	DUF3482
PF11982	DUF3483
PF11990	DUF3487
PF11994	DUF3489
PF03993	DUF349
PF11995	DUF3490
PF11997	DUF3492
PF11998	DUF3493
PF12001	DUF3496
PF12005	DUF3499
PF01784	DUF34_NIF3
PF03994	DUF350
PF12006	DUF3500
PF12007	DUF3501
PF12010	DUF3502
PF12012	DUF3504
PF12021	DUF3509
PF12023	DUF3511
PF12024	DUF3512
PF12027	DUF3514
PF12028	DUF3515
PF12029	DUF3516
PF12030	DUF3517
PF12033	DUF3519
PF12036	DUF3522
PF12039	DUF3525
PF12040	DUF3526
PF12043	DUF3527
PF12045	DUF3528
PF12048	DUF3530
PF12049	DUF3531
PF12051	DUF3533
PF12054	DUF3535
PF12055	DUF3536
PF12056	DUF3537
PF04007	DUF354
PF12059	DUF3540
PF12060	DUF3541
PF12064	DUF3544
PF12065	DUF3545
PF12069	DUF3549
PF12071	DUF3551
PF12073	DUF3553
PF12077	DUF3556
PF12078	DUF3557
PF12079	DUF3558
PF04009	DUF356
PF12083	DUF3560
PF12084	DUF3561
PF12085	DUF3562
PF12086	DUF3563
PF12087	DUF3564
PF12088	DUF3565
PF12089	DUF3566
PF12091	DUF3567
PF12092	DUF3568
PF04010	DUF357
PF12094	DUF3570
PF12096	DUF3572
PF12097	DUF3573
PF12098	DUF3574
PF12099	DUF3575
PF12100	DUF3576
PF12101	DUF3577
PF12112	DUF3579
PF12119	DUF3581
PF12128	DUF3584
PF12131	DUF3586
PF12132	DUF3587
PF04019	DUF359
PF12157	DUF3591
PF12158	DUF3592
PF12159	DUF3593
PF12200	DUF3597
PF12204	DUF3598_N
PF12206	DUF3599
PF12207	DUF3600
PF12208	DUF3601
PF12223	DUF3602
PF12227	DUF3603
PF12228	DUF3604
PF12239	DUF3605
PF12244	DUF3606
PF12263	DUF3611
PF12268	DUF3612
PF12266	DUF3613
PF12267	DUF3614
PF12274	DUF3615
PF12275	DUF3616
PF12276	DUF3617
PF12277	DUF3618
PF12279	DUF3619
PF04015	DUF362
PF12286	DUF3622
PF12291	DUF3623
PF12292	DUF3624
PF12294	DUF3626
PF12299	DUF3627
PF12302	DUF3629
PF12305	DUF3630
PF12307	DUF3631
PF12311	DUF3632
PF12321	DUF3634
PF12337	DUF3637
PF12340	DUF3638
PF04016	DUF364
PF12342	DUF3640
PF12345	DUF3641
PF12182	DUF3642
PF12358	DUF3644
PF12359	DUF3645
PF12362	DUF3646
PF12364	DUF3648
PF12365	DUF3649
PF04033	DUF365
PF12375	DUF3653
PF12376	DUF3654
PF12392	DUF3656
PF12394	DUF3657
PF12395	DUF3658
PF12396	DUF3659
PF04017	DUF366
PF12398	DUF3660
PF12404	DUF3663
PF12406	DUF3664
PF12408	DUF3666
PF12412	DUF3667
PF12416	DUF3668
PF12417	DUF3669
PF12419	DUF3670
PF12420	DUF3671
PF12425	DUF3673
PF12426	DUF3674
PF12428	DUF3675
PF12429	DUF3676
PF12435	DUF3678
PF12438	DUF3679
PF12442	DUF3681
PF12446	DUF3682
PF12447	DUF3683
PF12449	DUF3684
PF12452	DUF3685
PF12458	DUF3686
PF12461	DUF3688
PF12463	DUF3689
PF12472	DUF3693
PF12473	DUF3694
PF12494	DUF3695
PF12476	DUF3696
PF12479	DUF3698
PF12481	DUF3700
PF12482	DUF3701
PF12487	DUF3703
PF12488	DUF3704
PF12499	DUF3707
PF12501	DUF3708
PF12493	DUF3709
PF04027	DUF371
PF12502	DUF3710
PF12505	DUF3712
PF12506	DUF3713
PF12509	DUF3715
PF12511	DUF3716
PF12512	DUF3717
PF12514	DUF3718
PF12516	DUF3719
PF12517	DUF3720
PF12518	DUF3721
PF12520	DUF3723
PF29418	DUF3723_N
PF12521	DUF3724
PF12523	DUF3725
PF12525	DUF3726
PF12527	DUF3727
PF12526	DUF3729
PF04123	DUF373
PF12530	DUF3730
PF12531	DUF3731
PF12536	DUF3734
PF12540	DUF3736
PF12541	DUF3737
PF12543	DUF3738
PF12545	DUF3739
PF04028	DUF374
PF12548	DUF3740
PF12552	DUF3741
PF12553	DUF3742
PF12558	DUF3744
PF12565	DUF3747
PF12566	DUF3748
PF12570	DUF3750
PF12572	DUF3752
PF12576	DUF3754
PF12579	DUF3755
PF12581	DUF3756
PF12582	DUF3757
PF12585	DUF3759
PF12586	DUF3760
PF12587	DUF3761
PF12591	DUF3762
PF12594	DUF3764
PF12599	DUF3768
PF12600	DUF3769
PF12607	DUF3772
PF12609	DUF3774
PF12616	DUF3775
PF12620	DUF3778
PF04070	DUF378
PF12635	DUF3780
PF12636	DUF3781
PF12644	DUF3782
PF12646	DUF3783
PF12650	DUF3784
PF12653	DUF3785
PF12654	DUF3786
PF12663	DUF3788
PF12664	DUF3789
PF12668	DUF3791
PF12670	DUF3792
PF12672	DUF3793
PF12675	DUF3795
PF12677	DUF3797
PF12683	DUF3798
PF12684	DUF3799
PF12686	DUF3800
PF12687	DUF3801
PF12290	DUF3802
PF12707	DUF3804
PF12712	DUF3805
PF12713	DUF3806
PF12720	DUF3807
PF12723	DUF3809
PF12725	DUF3810
PF11656	DUF3811
PF12758	DUF3813
PF12823	DUF3817
PF12825	DUF3818
PF12842	DUF3819
PF04037	DUF382
PF12863	DUF3821
PF12864	DUF3822
PF12866	DUF3823
PF18003	DUF3823_C
PF12868	DUF3824
PF12873	DUF3825
PF12875	DUF3826
PF12883	DUF3828
PF12889	DUF3829
PF22219	DUF3829_2nd
PF04063	DUF383
PF12903	DUF3830
PF12915	DUF3833
PF12916	DUF3834
PF12927	DUF3835
PF12930	DUF3836
PF12939	DUF3837
PF12943	DUF3839
PF04064	DUF384
PF12952	DUF3841
PF12953	DUF3842
PF12954	DUF3843
PF12956	DUF3845
PF12957	DUF3846
PF12958	DUF3847
PF12959	DUF3848
PF12960	DUF3849
PF12961	DUF3850
PF12962	DUF3851
PF12963	DUF3852
PF12964	DUF3853
PF12965	DUF3854
PF12967	DUF3855
PF12968	DUF3856
PF12969	DUF3857
PF12970	DUF3858
PF12975	DUF3859
PF04074	DUF386
PF12976	DUF3860
PF21441	DUF3860-like
PF12977	DUF3861
PF12978	DUF3862
PF12979	DUF3863
PF12980	DUF3864
PF12981	DUF3865
PF12982	DUF3866
PF12983	DUF3867
PF12984	DUF3868
PF12985	DUF3869
PF12986	DUF3870
PF12987	DUF3871
PF12989	DUF3873
PF12990	DUF3874
PF12991	DUF3875
PF12992	DUF3876
PF12993	DUF3877
PF12994	DUF3878
PF12995	DUF3879
PF12997	DUF3881
PF07066	DUF3882
PF13024	DUF3884
PF13021	DUF3885
PF13025	DUF3886
PF13026	DUF3887
PF13027	DUF3888
PF13028	DUF3889
PF04087	DUF389
PF13029	DUF3890
PF13030	DUF3891
PF13031	DUF3892
PF13033	DUF3894
PF13034	DUF3895
PF13035	DUF3896
PF13038	DUF3899
PF13039	DUF3900
PF13042	DUF3902
PF13043	DUF3903
PF13045	DUF3905
PF13046	DUF3906
PF13047	DUF3907
PF13048	DUF3908
PF13077	DUF3909
PF13049	DUF3910
PF13050	DUF3911
PF13051	DUF3912
PF13052	DUF3913
PF13053	DUF3914
PF13054	DUF3915
PF13079	DUF3916
PF13055	DUF3917
PF13056	DUF3918
PF13057	DUF3919
PF13058	DUF3920
PF13060	DUF3921
PF13059	DUF3922
PF13061	DUF3923
PF13062	DUF3924
PF13063	DUF3925
PF13080	DUF3926
PF13064	DUF3927
PF13065	DUF3928
PF13066	DUF3929
PF13067	DUF3930
PF13082	DUF3931
PF13068	DUF3932
PF13069	DUF3933
PF13070	DUF3934
PF13071	DUF3935
PF13073	DUF3937
PF13074	DUF3938
PF13075	DUF3939
PF13081	DUF3941
PF13078	DUF3942
PF13084	DUF3943
PF13099	DUF3944
PF13101	DUF3945
PF13135	DUF3947
PF13134	DUF3948
PF13133	DUF3949
PF13132	DUF3950
PF13131	DUF3951
PF13130	DUF3952
PF13129	DUF3953
PF13128	DUF3954
PF13127	DUF3955
PF13104	DUF3956
PF13125	DUF3958
PF13105	DUF3959
PF13142	DUF3960
PF13106	DUF3961
PF13124	DUF3963
PF13107	DUF3964
PF13112	DUF3965
PF13110	DUF3966
PF13152	DUF3967
PF13108	DUF3969
PF04149	DUF397
PF13113	DUF3970
PF13118	DUF3972
PF13119	DUF3973
PF13120	DUF3974
PF13126	DUF3975
PF13121	DUF3976
PF13122	DUF3977
PF13123	DUF3978
PF13141	DUF3979
PF13140	DUF3980
PF13139	DUF3981
PF13137	DUF3983
PF13136	DUF3984
PF13153	DUF3985
PF13143	DUF3986
PF13148	DUF3987
PF13151	DUF3990
PF13154	DUF3991
PF13158	DUF3993
PF13159	DUF3994
PF13160	DUF3995
PF13161	DUF3996
PF13162	DUF3997
PF13163	DUF3999
PF13170	DUF4003
PF13171	DUF4004
PF13178	DUF4005
PF13179	DUF4006
PF13182	DUF4007
PF04165	DUF401
PF13194	DUF4010
PF13195	DUF4011
PF13196	DUF4012
PF13197	DUF4013
PF13198	DUF4014
PF13200	DUF4015
PF13209	DUF4017
PF13210	DUF4018
PF13211	DUF4019
PF04167	DUF402
PF13212	DUF4020
PF13213	DUF4021
PF13214	DUF4022
PF13215	DUF4023
PF13216	DUF4024
PF13217	DUF4025
PF22789	DUF4026_C
PF13218	DUF4026_N
PF13219	DUF4027
PF13220	DUF4028
PF13221	DUF4029
PF13222	DUF4030
PF13223	DUF4031
PF13224	DUF4032
PF13226	DUF4034
PF13228	DUF4037
PF13251	DUF4042
PF13253	DUF4044
PF13254	DUF4045
PF13255	DUF4046
PF13256	DUF4047
PF13257	DUF4048
PF13258	DUF4049
PF13261	DUF4052
PF13264	DUF4055
PF13265	DUF4056
PF13266	DUF4057
PF13267	DUF4058
PF13268	DUF4059
PF04175	DUF406
PF13269	DUF4060
PF13271	DUF4062
PF13273	DUF4064
PF13282	DUF4070
PF13284	DUF4072
PF13285	DUF4073
PF13293	DUF4074
PF13294	DUF4075
PF13295	DUF4077
PF13300	DUF4078
PF13301	DUF4079
PF13311	DUF4080
PF13312	DUF4081
PF13313	DUF4082
PF13314	DUF4083
PF13321	DUF4084
PF13315	DUF4085
PF13316	DUF4087
PF13317	DUF4088
PF13319	DUF4090
PF13322	DUF4092
PF13331	DUF4093
PF13334	DUF4094
PF13340	DUF4096
PF13349	DUF4097
PF13351	DUF4099
PF13352	DUF4100
PF13388	DUF4106
PF13389	DUF4107
PF13390	DUF4108
PF04214	DUF411
PF13422	DUF4110
PF13430	DUF4112
PF13438	DUF4113
PF13448	DUF4114
PF13475	DUF4116
PF13493	DUF4118
PF13494	DUF4119
PF04217	DUF412
PF13496	DUF4120
PF13497	DUF4121
PF13498	DUF4122
PF13503	DUF4123
PF13511	DUF4124
PF13526	DUF4125
PF13548	DUF4126
PF13552	DUF4127
PF13559	DUF4129
PF04219	DUF413
PF13566	DUF4130
PF13567	DUF4131
PF13569	DUF4132
PF13571	DUF4133
PF13572	DUF4134
PF13575	DUF4135
PF13590	DUF4136
PF13595	DUF4138
PF13598	DUF4139
PF13600	DUF4140
PF13605	DUF4141
PF13628	DUF4142
PF13635	DUF4143
PF13642	DUF4144
PF13643	DUF4145
PF13660	DUF4147
PF13663	DUF4148
PF13664	DUF4149
PF13680	DUF4152
PF13687	DUF4153
PF13689	DUF4154
PF13698	DUF4156
PF13700	DUF4158
PF13709	DUF4159
PF04222	DUF416
PF13711	DUF4160
PF13747	DUF4164
PF13752	DUF4165
PF13761	DUF4166
PF13763	DUF4167
PF13767	DUF4168
PF13770	DUF4169
PF04224	DUF417
PF13773	DUF4170
PF13775	DUF4171
PF13776	DUF4172
PF13778	DUF4174
PF13779	DUF4175
PF13780	DUF4176
PF13783	DUF4177
PF13785	DUF4178
PF13786	DUF4179
PF04235	DUF418
PF13788	DUF4180
PF13789	DUF4181
PF13803	DUF4184
PF13810	DUF4185
PF13811	DUF4186
PF13821	DUF4187
PF13827	DUF4189
PF13828	DUF4190
PF13829	DUF4191
PF13830	DUF4192
PF13834	DUF4193
PF13836	DUF4195
PF13846	DUF4196
PF13852	DUF4197
PF10670	DUF4198
PF13858	DUF4199
PF04238	DUF420
PF13863	DUF4200
PF13875	DUF4202
PF04239	DUF421
PF13915	DUF4210
PF13926	DUF4211
PF13937	DUF4212
PF13938	DUF4213
PF13946	DUF4214
PF13948	DUF4215
PF13952	DUF4216
PF13960	DUF4218
PF13961	DUF4219
PF13968	DUF4220
PF13970	DUF4221
PF13973	DUF4222
PF13978	DUF4223
PF13986	DUF4224
PF13988	DUF4225
PF10774	DUF4226
PF14004	DUF4227
PF14012	DUF4229
PF04241	DUF423
PF14014	DUF4230
PF14015	DUF4231
PF14016	DUF4232
PF14017	DUF4233
PF14018	DUF4234
PF14019	DUF4235
PF14020	DUF4236
PF14022	DUF4238
PF04242	DUF424
PF14024	DUF4240
PF14025	DUF4241
PF14029	DUF4244
PF14030	DUF4245
PF14033	DUF4246
PF21666	DUF4246_N
PF14042	DUF4247
PF14053	DUF4248
PF14054	DUF4249
PF14056	DUF4250
PF14059	DUF4251
PF14060	DUF4252
PF14062	DUF4253
PF14063	DUF4254
PF14066	DUF4256
PF14074	DUF4257
PF14076	DUF4258
PF14078	DUF4259
PF14079	DUF4260
PF14080	DUF4261
PF14081	DUF4262
PF14084	DUF4264
PF14085	DUF4265
PF14086	DUF4266
PF14087	DUF4267
PF14088	DUF4268
PF14091	DUF4269
PF14093	DUF4271
PF14094	DUF4272
PF14096	DUF4274
PF14101	DUF4275
PF14103	DUF4276
PF14104	DUF4277
PF14105	DUF4278
PF14106	DUF4279
PF14107	DUF4280
PF14110	DUF4282
PF14111	DUF4283
PF14112	DUF4284
PF14114	DUF4286
PF14117	DUF4287
PF14119	DUF4288
PF04250	DUF429
PF14123	DUF4290
PF14124	DUF4291
PF14125	DUF4292
PF14126	DUF4293
PF14127	DUF4294
PF14128	DUF4295
PF14129	DUF4296
PF14131	DUF4298
PF14132	DUF4299
PF14133	DUF4300
PF14134	DUF4301
PF14135	DUF4302
PF14136	DUF4303
PF14137	DUF4304
PF14146	DUF4305
PF14154	DUF4306
PF14155	DUF4307
PF14172	DUF4309
PF14187	DUF4310
PF14188	DUF4311
PF14189	DUF4312
PF14190	DUF4313
PF14192	DUF4314
PF14193	DUF4315
PF14195	DUF4316
PF14199	DUF4317
PF14201	DUF4318
PF04254	DUF432
PF14208	DUF4320
PF14209	DUF4321
PF14210	DUF4322
PF14213	DUF4325
PF14216	DUF4326
PF14217	DUF4327
PF14219	DUF4328
PF14220	DUF4329
PF04255	DUF433
PF14221	DUF4330
PF14224	DUF4331
PF14229	DUF4332
PF14230	DUF4333
PF14232	DUF4334
PF14233	DUF4335
PF14234	DUF4336
PF14235	DUF4337
PF04256	DUF434
PF14238	DUF4340
PF14242	DUF4342
PF14247	DUF4344
PF14248	DUF4345
PF14252	DUF4347
PF14254	DUF4348
PF14257	DUF4349
PF14258	DUF4350
PF29026	DUF4350_C
PF14261	DUF4351
PF11611	DUF4352
PF14263	DUF4354
PF14265	DUF4355
PF14267	DUF4357
PF14270	DUF4358
PF14271	DUF4359
PF04260	DUF436
PF14273	DUF4360
PF14275	DUF4362
PF14276	DUF4363
PF14277	DUF4364
PF14280	DUF4365
PF14285	DUF4367
PF14287	DUF4368
PF14289	DUF4369
PF14291	DUF4371
PF14294	DUF4372
PF14301	DUF4376
PF14302	DUF4377
PF14309	DUF4378
PF14311	DUF4379
PF04282	DUF438
PF14315	DUF4380
PF14316	DUF4381
PF14321	DUF4382
PF14325	DUF4383
PF14326	DUF4384
PF14328	DUF4385
PF14329	DUF4386
PF14330	DUF4387
PF14333	DUF4389
PF14334	DUF4390
PF14335	DUF4391
PF14339	DUF4394
PF14340	DUF4395
PF14342	DUF4396
PF14344	DUF4397
PF14346	DUF4398
PF14347	DUF4399
PF04269	DUF440
PF14351	DUF4401
PF14352	DUF4402
PF14356	DUF4403
PF14357	DUF4404
PF14358	DUF4405
PF14359	DUF4406
PF14362	DUF4407
PF14364	DUF4408
PF04284	DUF441
PF14366	DUF4410
PF14367	DUF4411
PF14371	DUF4412
PF14385	DUF4416
PF14386	DUF4417
PF14387	DUF4418
PF14388	DUF4419
PF14390	DUF4420
PF14391	DUF4421
PF14393	DUF4422
PF14394	DUF4423
PF14415	DUF4424
PF14467	DUF4426
PF14468	DUF4427
PF14471	DUF4428
PF14472	DUF4429
PF04276	DUF443
PF14478	DUF4430
PF14485	DUF4431
PF14486	DUF4432
PF14488	DUF4434
PF14491	DUF4435
PF14494	DUF4436
PF14499	DUF4437
PF14505	DUF4438
PF20999	DUF4438_C
PF14530	DUF4439
PF04285	DUF444
PF14534	DUF4440
PF14536	DUF4441
PF14539	DUF4442
PF14544	DUF4443
PF14563	DUF4444
PF14584	DUF4446
PF14590	DUF4447
PF04286	DUF445
PF14614	DUF4450
PF14618	DUF4452
PF14627	DUF4453
PF14628	DUF4454
PF14643	DUF4455
PF14644	DUF4456
PF14652	DUF4457
PF14660	DUF4458
PF14673	DUF4459
PF04287	DUF446
PF14687	DUF4460
PF14688	DUF4461
PF14692	DUF4462
PF14713	DUF4464
PF14717	DUF4465
PF14725	DUF4466
PF14729	DUF4467
PF14730	DUF4468
PF14734	DUF4469
PF14737	DUF4470
PF14740	DUF4471
PF14739	DUF4472
PF14747	DUF4473
PF14751	DUF4474
PF14771	DUF4476
PF14793	DUF4478
PF14794	DUF4479
PF20766	DUF447_C
PF04289	DUF447_N
PF14800	DUF4481
PF14831	DUF4484
PF14846	DUF4485
PF14868	DUF4487
PF14869	DUF4488
PF14879	DUF4489
PF14898	DUF4491
PF14899	DUF4492
PF14900	DUF4493
PF14902	DUF4494
PF14906	DUF4495
PF14937	DUF4500
PF14946	DUF4501
PF14950	DUF4502
PF14951	DUF4503
PF14953	DUF4504
PF14956	DUF4505
PF14969	DUF4508
PF14975	DUF4512
PF14986	DUF4514
PF14988	DUF4515
PF14990	DUF4516
PF15006	DUF4517
PF15008	DUF4518
PF29669	DUF4518_N
PF15012	DUF4519
PF15022	DUF4522
PF15023	DUF4523
PF15030	DUF4527
PF15031	DUF4528
PF15032	DUF4529
PF15039	DUF4530
PF15046	DUF4532
PF15047	DUF4533
PF15049	DUF4534
PF15054	DUF4535
PF15057	DUF4537
PF04304	DUF454
PF15076	DUF4543
PF15078	DUF4545
PF15080	DUF4547
PF15081	DUF4548
PF15082	DUF4549
PF04305	DUF455
PF15084	DUF4550
PF15087	DUF4551
PF15090	DUF4553
PF15091	DUF4554
PF15094	DUF4556
PF15112	DUF4559
PF04306	DUF456
PF15118	DUF4560
PF15123	DUF4562
PF15130	DUF4566
PF15131	DUF4567
PF15132	DUF4568
PF15143	DUF4575
PF15144	DUF4576
PF15145	DUF4577
PF15147	DUF4578
PF15167	DUF4581
PF15232	DUF4585
PF15248	DUF4587
PF15252	DUF4589
PF04311	DUF459
PF15257	DUF4590
PF15262	DUF4592
PF15266	DUF4594
PF15283	DUF4595
PF15366	DUF4597
PF15371	DUF4599
PF04312	DUF460
PF15372	DUF4600
PF15376	DUF4603
PF15377	DUF4604
PF15378	DUF4605
PF15379	DUF4606
PF15380	DUF4607
PF15382	DUF4609
PF15387	DUF4611
PF15389	DUF4612
PF15391	DUF4614
PF15393	DUF4615
PF15394	DUF4616
PF15397	DUF4618
PF15398	DUF4619
PF15399	DUF4620
PF15414	DUF4621
PF15416	DUF4623
PF15417	DUF4624
PF15418	DUF4625
PF15425	DUF4627
PF15429	DUF4628
PF15442	DUF4629
PF04317	DUF463
PF15443	DUF4630
PF15451	DUF4632
PF15464	DUF4633
PF15465	DUF4634
PF15466	DUF4635
PF15468	DUF4636
PF15470	DUF4637
PF15472	DUF4638
PF15479	DUF4639
PF15480	DUF4640
PF15483	DUF4641
PF15484	DUF4642
PF15485	DUF4643
PF15486	DUF4644
PF15488	DUF4645
PF15496	DUF4646
PF15504	DUF4647
PF15507	DUF4649
PF04325	DUF465
PF15509	DUF4650
PF15513	DUF4651
PF15525	DUF4652
PF15546	DUF4653
PF15548	DUF4655
PF15551	DUF4656
PF15552	DUF4657
PF15555	DUF4658
PF15558	DUF4659
PF15559	DUF4660
PF15576	DUF4661
PF15578	DUF4662
PF15668	DUF4663
PF15679	DUF4665
PF15697	DUF4666
PF15700	DUF4667
PF15701	DUF4668
PF15709	DUF4670
PF15716	DUF4672
PF15720	DUF4675
PF15726	DUF4677
PF15727	DUF4678
PF15728	DUF4679
PF04318	DUF468
PF15730	DUF4680
PF15732	DUF4681
PF15733	DUF4682
PF15735	DUF4683
PF15736	DUF4684
PF15737	DUF4685
PF15742	DUF4686
PF15747	DUF4687
PF15752	DUF4688
PF15755	DUF4689
PF15756	DUF4690
PF15762	DUF4691
PF15763	DUF4692
PF15764	DUF4693
PF15765	DUF4694
PF15766	DUF4695
PF15769	DUF4698
PF15770	DUF4699
PF15774	DUF4702
PF15775	DUF4703
PF15787	DUF4704
PF15788	DUF4705
PF15797	DUF4706
PF15813	DUF4708
PF15821	DUF4709
PF15829	DUF4711
PF15830	DUF4712
PF15833	DUF4714
PF15835	DUF4715
PF15842	DUF4718
PF15843	DUF4719
PF15846	DUF4720
PF15849	DUF4722
PF15851	DUF4723
PF15852	DUF4724
PF15855	DUF4726
PF15856	DUF4727
PF15860	DUF4728
PF15866	DUF4729
PF04322	DUF473
PF15873	DUF4730
PF15875	DUF4731
PF15876	DUF4732
PF15881	DUF4734
PF15882	DUF4735
PF15883	DUF4736
PF15889	DUF4738
PF15893	DUF4739
PF15897	DUF4741
PF15916	DUF4743
PF15918	DUF4744
PF15923	DUF4745
PF15928	DUF4746
PF15931	DUF4747
PF15932	DUF4748
PF15936	DUF4749
PF04332	DUF475
PF15938	DUF4750
PF15942	DUF4751
PF15944	DUF4752
PF15946	DUF4754
PF15947	DUF4755
PF15948	DUF4756
PF15949	DUF4757
PF15950	DUF4758
PF15956	DUF4760
PF15958	DUF4761
PF15959	DUF4762
PF15960	DUF4763
PF15961	DUF4764
PF15962	DUF4765
PF15973	DUF4766
PF15983	DUF4767
PF15989	DUF4768
PF15992	DUF4769
PF15994	DUF4770
PF15995	DUF4771
PF15997	DUF4772
PF15998	DUF4773
PF15999	DUF4774
PF16001	DUF4775
PF16003	DUF4776
PF16007	DUF4777
PF16008	DUF4778
PF16009	DUF4779
PF04334	DUF478
PF16012	DUF4780
PF16013	DUF4781
PF16022	DUF4783
PF16023	DUF4784
PF20264	DUF4784_N
PF16024	DUF4785_1st
PF20942	DUF4785_2nd
PF20943	DUF4785_3rd
PF16027	DUF4786
PF16029	DUF4787
PF16032	DUF4788
PF16033	DUF4789
PF16037	DUF4790
PF16039	DUF4791
PF16042	DUF4794
PF16043	DUF4795
PF16044	DUF4796_C
PF22795	DUF4796_N
PF16051	DUF4797
PF16055	DUF4798
PF16056	DUF4799
PF04337	DUF480
PF16057	DUF4800
PF16060	DUF4802
PF16061	DUF4803
PF16063	DUF4805
PF16064	DUF4806
PF16065	DUF4807
PF16066	DUF4808
PF16067	DUF4809
PF04338	DUF481
PF16068	DUF4810
PF16069	DUF4811
PF16071	DUF4812
PF16072	DUF4813
PF16075	DUF4815
PF16086	DUF4816
PF16087	DUF4817
PF16089	DUF4818
PF16091	DUF4820
PF16103	DUF4822
PF16105	DUF4823
PF16106	DUF4824
PF16107	DUF4825
PF16108	DUF4826
PF16109	DUF4827
PF16110	DUF4828
PF16111	DUF4829
PF04467	DUF483
PF16112	DUF4830
PF16115	DUF4831
PF16116	DUF4832
PF16117	DUF4833
PF16118	DUF4834
PF16119	DUF4835
PF16120	DUF4836
PF16125	DUF4837
PF16126	DUF4838
PF16127	DUF4839
PF04340	DUF484
PF16128	DUF4840
PF16129	DUF4841
PF16130	DUF4842
PF16132	DUF4843
PF16133	DUF4844
PF16137	DUF4845
PF16138	DUF4846
PF16139	DUF4847
PF16140	DUF4848
PF04341	DUF485
PF16142	DUF4850
PF16143	DUF4851
PF16144	DUF4852
PF16145	DUF4853
PF16146	DUF4854
PF16147	DUF4855
PF16148	DUF4856
PF16149	DUF4857
PF16150	DUF4858
PF16151	DUF4859
PF16152	DUF4860
PF16153	DUF4861
PF16154	DUF4862
PF16156	DUF4864
PF16157	DUF4865
PF16160	DUF4866
PF16161	DUF4867
PF16163	DUF4869
PF16167	DUF4871
PF16169	DUF4872
PF16170	DUF4873
PF16173	DUF4874
PF16175	DUF4875
PF16215	DUF4876
PF12870	DUF4878
PF16219	DUF4879
PF04343	DUF488
PF22751	DUF488-N3a
PF22752	DUF488-N3i
PF16220	DUF4880
PF16222	DUF4881
PF16223	DUF4882
PF16224	DUF4883
PF16225	DUF4884
PF16226	DUF4885
PF16227	DUF4886
PF16228	DUF4887
PF16229	DUF4888
PF16230	DUF4889
PF04356	DUF489
PF16231	DUF4890
PF16232	DUF4891
PF16234	DUF4892
PF16233	DUF4893
PF16235	DUF4894
PF16236	DUF4895
PF16237	DUF4896
PF16238	DUF4897
PF16239	DUF4898
PF16240	DUF4899
PF16241	DUF4900
PF16244	DUF4901
PF16245	DUF4902
PF16246	DUF4903
PF16247	DUF4904
PF16248	DUF4905
PF16249	DUF4906
PF16250	DUF4907
PF16252	DUF4908
PF16253	DUF4909
PF16254	DUF4910
PF16256	DUF4911
PF16258	DUF4912
PF16259	DUF4913
PF16260	DUF4914
PF16261	DUF4915
PF16262	DUF4916
PF16263	DUF4917
PF16266	DUF4919
PF16267	DUF4920
PF16268	DUF4921
PF16269	DUF4922
PF16270	DUF4923
PF16271	DUF4924
PF16272	DUF4925
PF16277	DUF4926
PF16279	DUF4927
PF16280	DUF4928
PF16283	DUF4929
PF04359	DUF493
PF16284	DUF4930
PF20956	DUF4931_C
PF16285	DUF4931_N
PF16286	DUF4932
PF16287	DUF4933
PF16288	DUF4934
PF16290	DUF4936
PF16291	DUF4937
PF16292	DUF4938
PF04361	DUF494
PF16298	DUF4940
PF16299	DUF4941
PF13708	DUF4942
PF16301	DUF4943
PF16302	DUF4944
PF16303	DUF4945
PF16304	DUF4946
PF16305	DUF4947
PF16306	DUF4948
PF16307	DUF4949
PF16308	DUF4950
PF16309	DUF4951
PF16310	DUF4952
PF16313	DUF4953
PF16314	DUF4954
PF16315	DUF4955
PF16316	DUF4956
PF16318	DUF4957
PF16323	DUF4959
PF04363	DUF496
PF16328	DUF4961
PF16334	DUF4964
PF16339	DUF4969
PF16341	DUF4971
PF16342	DUF4972
PF16343	DUF4973
PF16349	DUF4978
PF16351	DUF4979
PF04430	DUF498
PF16352	DUF4980
PF16355	DUF4982
PF16356	DUF4983
PF16372	DUF4984
PF16373	DUF4985
PF16375	DUF4986
PF16377	DUF4987
PF16378	DUF4988
PF16379	DUF4989
PF04465	DUF499
PF16383	DUF4992
PF16386	DUF4995
PF16387	DUF4996
PF16389	DUF4998
PF16390	DUF4999
PF30797	DUF499_2nd
PF30798	DUF499_3rd
PF30799	DUF499_4th
PF30800	DUF499_5th
PF30801	DUF499_6th
PF16391	DUF5000
PF16392	DUF5001
PF16394	DUF5003
PF16395	DUF5004
PF16396	DUF5005
PF16397	DUF5006
PF16398	DUF5007
PF16400	DUF5008
PF16401	DUF5009
PF04417	DUF501
PF16402	DUF5010
PF16405	DUF5013
PF16406	DUF5014
PF16408	DUF5016
PF16409	DUF5017
PF16410	DUF5018
PF22243	DUF5018-rel
PF04367	DUF502
PF16412	DUF5020
PF16424	DUF5021
PF16425	DUF5022
PF16426	DUF5023
PF16427	DUF5024
PF16428	DUF5025
PF16429	DUF5026
PF16430	DUF5027
PF16431	DUF5028
PF16432	DUF5029
PF04456	DUF503
PF16433	DUF5030
PF16434	DUF5031
PF16435	DUF5032
PF16436	DUF5033
PF16437	DUF5034
PF16438	DUF5035
PF16439	DUF5036
PF16440	DUF5037
PF16441	DUF5038
PF16442	DUF5039
PF16443	DUF5040
PF16444	DUF5041
PF16445	DUF5042
PF16446	DUF5043
PF16447	DUF5044
PF16464	DUF5045
PF16465	DUF5046
PF16466	DUF5047
PF16467	DUF5048
PF16468	DUF5049
PF04458	DUF505
PF16475	DUF5052
PF16476	DUF5053
PF16477	DUF5054
PF16478	DUF5055
PF16479	DUF5056
PF16480	DUF5057
PF16481	DUF5058
PF16502	DUF5059
PF16586	DUF5060
PF16691	DUF5062
PF16702	DUF5063
PF16703	DUF5064
PF16723	DUF5065
PF16728	DUF5066
PF16729	DUF5067
PF16781	DUF5068
PF16798	DUF5069
PF04368	DUF507
PF16802	DUF5070
PF16804	DUF5071
PF16817	DUF5073
PF16819	DUF5074
PF16825	DUF5075
PF16826	DUF5076
PF16871	DUF5077
PF16877	DUF5078
PF16882	DUF5079
PF04370	DUF508
PF16883	DUF5080
PF16887	DUF5081
PF16890	DUF5083
PF16894	DUF5084
PF16895	DUF5085
PF16985	DUF5086
PF17006	DUF5087
PF17008	DUF5088
PF17002	DUF5089
PF17009	DUF5090
PF17012	DUF5091
PF17010	DUF5092
PF17011	DUF5093
PF17015	DUF5094
PF17016	DUF5095
PF17019	DUF5096
PF17020	DUF5097
PF17023	DUF5098
PF17025	DUF5099
PF17029	DUF5100
PF17031	DUF5101
PF17117	DUF5104
PF17118	DUF5105
PF17127	DUF5106
PF17128	DUF5107
PF17133	DUF5108
PF17137	DUF5110
PF17138	DUF5111
PF17139	DUF5112
PF17140	DUF5113
PF17141	DUF5114
PF17148	DUF5117
PF17162	DUF5118
PF17145	DUF5119
PF04459	DUF512
PF17165	DUF5121
PF17164	DUF5122
PF17161	DUF5123
PF17160	DUF5124
PF17163	DUF5125
PF17166	DUF5126
PF17168	DUF5127
PF17170	DUF5128
PF17173	DUF5129
PF17174	DUF5130
PF07505	DUF5131
PF17195	DUF5132
PF17196	DUF5133
PF17197	DUF5134
PF17220	DUF5137
PF04415	DUF515
PF04379	DUF525
PF04409	DUF530
PF17224	DUF5300
PF17225	DUF5301
PF17227	DUF5302
PF17230	DUF5304
PF17231	DUF5305
PF17233	DUF5308
PF04407	DUF531
PF17239	DUF5312
PF17240	DUF5313
PF17242	DUF5315
PF17247	DUF5316
PF17248	DUF5317
PF17249	DUF5318
PF17252	DUF5319
PF17253	DUF5320
PF17254	DUF5321
PF17257	DUF5323
PF17258	DUF5324
PF17259	DUF5325
PF17260	DUF5326
PF17261	DUF5327
PF17263	DUF5329
PF04391	DUF533
PF17264	DUF5330
PF17265	DUF5331
PF17266	DUF5332
PF17267	DUF5333
PF17268	DUF5334
PF17269	DUF5335
PF17272	DUF5337
PF17273	DUF5338
PF17274	DUF5339
PF17275	DUF5340
PF17276	DUF5341
PF17277	DUF5342
PF17278	DUF5343
PF17279	DUF5344
PF17280	DUF5345
PF17281	DUF5346
PF17282	DUF5347
PF17295	DUF5348
PF17298	DUF5349
PF04393	DUF535
PF17299	DUF5350
PF17302	DUF5351
PF17303	DUF5352
PF17305	DUF5354
PF17306	DUF5355
PF17309	DUF5356
PF17310	DUF5357
PF17311	DUF5358
PF17313	DUF5359
PF04394	DUF536
PF17314	DUF5360
PF17318	DUF5361
PF17319	DUF5362
PF17320	DUF5363
PF17322	DUF5364
PF17326	DUF5365
PF17328	DUF5366
PF17329	DUF5367
PF17336	DUF5368
PF17340	DUF5370
PF17341	DUF5371
PF17342	DUF5372
PF17343	DUF5373
PF17344	DUF5374
PF17345	DUF5375
PF17346	DUF5376
PF17347	DUF5377
PF17349	DUF5378
PF04398	DUF538
PF17351	DUF5380
PF17353	DUF5381
PF17354	DUF5382
PF20839	DUF5382_C
PF20840	DUF5382_N
PF17358	DUF5384
PF17359	DUF5385
PF17360	DUF5386
PF17361	DUF5387
PF17363	DUF5388
PF17364	DUF5389
PF17365	DUF5390
PF17369	DUF5391
PF17370	DUF5392
PF17371	DUF5393
PF17372	DUF5394
PF17373	DUF5395
PF17374	DUF5396
PF17375	DUF5397
PF17376	DUF5398
PF17377	DUF5399
PF17379	DUF5400
PF17380	DUF5401
PF17393	DUF5402
PF17395	DUF5403
PF17399	DUF5405
PF17400	DUF5406
PF17401	DUF5407
PF17402	DUF5408
PF17421	DUF5409
PF17422	DUF5410
PF17424	DUF5411
PF17428	DUF5412
PF17434	DUF5413
PF17436	DUF5415
PF17437	DUF5416
PF17438	DUF5417
PF17439	DUF5418
PF17441	DUF5419
PF17457	DUF5420
PF17458	DUF5421
PF17459	DUF5422
PF17461	DUF5423
PF17462	DUF5424
PF17472	DUF5425
PF17473	DUF5426
PF10310	DUF5427
PF17493	DUF5428
PF17494	DUF5429
PF04418	DUF543
PF17496	DUF5431
PF17497	DUF5432
PF17498	DUF5433
PF17502	DUF5434
PF17503	DUF5435
PF17504	DUF5436
PF17505	DUF5437
PF17506	DUF5438
PF17507	DUF5439
PF17509	DUF5440
PF17513	DUF5441
PF17514	DUF5442
PF17518	DUF5443
PF17519	DUF5444
PF17520	DUF5445
PF17522	DUF5446
PF17525	DUF5447
PF17526	DUF5448
PF17529	DUF5450
PF17532	DUF5451
PF17533	DUF5452
PF17534	DUF5453
PF17535	DUF5454
PF17537	DUF5455
PF17540	DUF5457
PF17544	DUF5460
PF17545	DUF5461
PF17547	DUF5462
PF17551	DUF5463
PF17552	DUF5464
PF17553	DUF5465
PF17554	DUF5466
PF04784	DUF547
PF17564	DUF5470
PF17565	DUF5471
PF17566	DUF5472
PF17567	DUF5473
PF17568	DUF5474
PF17569	DUF5475
PF17571	DUF5477
PF17572	DUF5478
PF17575	DUF5479
PF17576	DUF5480
PF17578	DUF5481
PF17579	DUF5482
PF17581	DUF5483
PF17583	DUF5484
PF17586	DUF5485
PF17588	DUF5486
PF17589	DUF5487
PF17590	DUF5488
PF17592	DUF5489
PF17593	DUF5490
PF17595	DUF5491
PF17596	DUF5492
PF17597	DUF5493
PF17598	DUF5494
PF17599	DUF5495
PF17600	DUF5496
PF17601	DUF5497
PF17602	DUF5498
PF17603	DUF5499
PF17604	DUF5500
PF17605	DUF5501
PF17606	DUF5502
PF17607	DUF5503
PF17610	DUF5505
PF17611	DUF5506
PF17621	DUF5508
PF17625	DUF5509
PF04448	DUF551
PF17629	DUF5510
PF17630	DUF5511
PF17631	DUF5512
PF17632	DUF5513
PF17633	DUF5514
PF17637	DUF5516
PF17639	DUF5517
PF17647	DUF5518
PF17658	DUF5520
PF17653	DUF5522
PF17661	DUF5523
PF17662	DUF5524
PF17663	DUF5525
PF17665	DUF5527
PF17666	DUF5528
PF17669	DUF5529
PF04473	DUF553
PF17670	DUF5530
PF17671	DUF5531
PF17673	DUF5532
PF17686	DUF5534
PF17687	DUF5535
PF17688	DUF5536
PF17690	DUF5537
PF17692	DUF5538
PF17693	DUF5539
PF04474	DUF554
PF17694	DUF5540
PF17695	DUF5541
PF17697	DUF5543
PF17698	DUF5544
PF17699	DUF5545
PF17700	DUF5546
PF17701	DUF5547
PF17702	DUF5548
PF04475	DUF555
PF17704	DUF5550
PF17705	DUF5551
PF17706	DUF5552
PF17707	DUF5553
PF17709	DUF5554
PF17710	DUF5555
PF17711	DUF5556
PF17712	DUF5557
PF17713	DUF5558
PF17714	DUF5559
PF17715	DUF5560
PF17717	DUF5562
PF17718	DUF5563
PF17719	DUF5564
PF17724	DUF5568
PF17729	DUF5569
PF17731	DUF5570
PF17732	DUF5571
PF17738	DUF5575
PF20784	DUF5575_C
PF20783	DUF5575_N
PF17739	DUF5576
PF17740	DUF5577
PF17741	DUF5578
PF17743	DUF5580
PF20743	DUF5580_C
PF20742	DUF5580_M
PF17744	DUF5581
PF20996	DUF5581_N
PF17821	DUF5583
PF17823	DUF5585
PF17824	DUF5586
PF17826	DUF5588
PF04480	DUF559
PF17884	DUF5591
PF17332	DUF5592
PF18057	DUF5594
PF18077	DUF5595
PF18120	DUF5597
PF18150	DUF5600
PF18151	DUF5601
PF18300	DUF5604
PF18310	DUF5605
PF18347	DUF5606
PF18355	DUF5607
PF18356	DUF5608
PF18429	DUF5609
PF04481	DUF561
PF18433	DUF5610
PF18446	DUF5611
PF18462	DUF5612
PF18467	DUF5613
PF18474	DUF5614
PF18480	DUF5615
PF18481	DUF5616
PF18493	DUF5617
PF18498	DUF5618
PF18505	DUF5619
PF04763	DUF562
PF18522	DUF5620
PF18532	DUF5621
PF18533	DUF5622
PF18536	DUF5623
PF18538	DUF5624
PF18539	DUF5625
PF18540	DUF5626
PF18620	DUF5627
PF18629	DUF5629
PF18632	DUF5630
PF18645	DUF5631
PF18646	DUF5632
PF18656	DUF5633
PF18681	DUF5634
PF18685	DUF5635
PF18686	DUF5636
PF18687	DUF5637
PF18688	DUF5638
PF18690	DUF5639
PF18692	DUF5640
PF18701	DUF5641
PF18702	DUF5642
PF18705	DUF5643
PF18712	DUF5644
PF18713	DUF5645
PF18881	DUF5646
PF18882	DUF5647
PF18885	DUF5648
PF18886	DUF5649
PF04483	DUF565
PF18888	DUF5650
PF18892	DUF5651
PF18893	DUF5652
PF18898	DUF5654
PF18899	DUF5655
PF18900	DUF5656
PF18901	DUF5657
PF18902	DUF5658
PF18903	DUF5659
PF18904	DUF5660
PF18905	DUF5661
PF18907	DUF5662
PF18908	DUF5663
PF18910	DUF5665
PF18914	DUF5666
PF18915	DUF5667
PF18918	DUF5669
PF18919	DUF5670
PF18920	DUF5671
PF18922	DUF5672
PF18923	DUF5673
PF18924	DUF5674
PF18925	DUF5675
PF18926	DUF5676
PF18928	DUF5677
PF18929	DUF5678
PF18930	DUF5679
PF04526	DUF568
PF18931	DUF5680
PF18932	DUF5681
PF18934	DUF5682
PF18935	DUF5683
PF18936	DUF5684
PF18937	DUF5685
PF18939	DUF5686
PF31095	DUF5686_C
PF18940	DUF5687
PF18941	DUF5688
PF18942	DUF5689
PF04601	DUF569
PF18943	DUF5690
PF18944	DUF5691
PF18948	DUF5692
PF18949	DUF5693
PF18950	DUF5694
PF18951	DUF5695
PF18952	DUF5696
PF18954	DUF5697
PF18955	DUF5698
PF18956	DUF5699
PF04489	DUF570
PF18958	DUF5700
PF18959	DUF5701
PF18960	DUF5702
PF18963	DUF5703
PF18961	DUF5703_N
PF18964	DUF5704
PF18968	DUF5707
PF18969	DUF5708
PF18970	DUF5709
PF18974	DUF5710
PF18975	DUF5711
PF18976	DUF5712
PF18977	DUF5713
PF18978	DUF5714
PF18979	DUF5715
PF18980	DUF5716_C
PF18983	DUF5717
PF18984	DUF5717_N
PF18985	DUF5718
PF18986	DUF5719
PF18987	DUF5720
PF18988	DUF5721
PF18989	DUF5722
PF18990	DUF5723
PF18991	DUF5724
PF18992	DUF5725
PF18996	DUF5726
PF18997	DUF5727
PF18999	DUF5728
PF19000	DUF5729
PF19001	DUF5730
PF19002	DUF5731
PF19003	DUF5732
PF19004	DUF5733
PF19005	DUF5734
PF19006	DUF5735
PF19007	DUF5736
PF19008	DUF5737
PF19009	DUF5738
PF19010	DUF5739
PF19011	DUF5740
PF19012	DUF5741
PF19013	DUF5742
PF19014	DUF5743
PF19015	DUF5744
PF19016	DUF5745
PF19017	DUF5746
PF19022	DUF5748
PF19023	DUF5749
PF04746	DUF575
PF19024	DUF5750
PF19025	DUF5751
PF19027	DUF5752
PF19054	DUF5753
PF19058	DUF5754
PF19059	DUF5755
PF19061	DUF5757
PF19062	DUF5758
PF19063	DUF5759
PF04507	DUF576
PF19064	DUF5760
PF19067	DUF5763
PF19068	DUF5764
PF19069	DUF5765
PF19070	DUF5766
PF19071	DUF5767
PF19072	DUF5768
PF19073	DUF5769
PF04510	DUF577
PF19074	DUF5770
PF19075	DUF5771
PF19080	DUF5772
PF19082	DUF5773
PF19083	DUF5774
PF19084	DUF5775
PF19087	DUF5776
PF19089	DUF5777
PF19090	DUF5778
PF19091	DUF5779
PF19092	DUF5780
PF19093	DUF5781
PF19095	DUF5783
PF19096	DUF5784
PF19098	DUF5785
PF19099	DUF5786
PF19100	DUF5787
PF19101	DUF5788
PF19102	DUF5789
PF19103	DUF5790
PF19104	DUF5791
PF19105	DUF5792
PF19106	DUF5793
PF19107	DUF5794
PF19108	DUF5795
PF19109	DUF5796
PF19110	DUF5797
PF19111	DUF5798
PF19113	DUF5799
PF01882	DUF58
PF19115	DUF5800
PF19116	DUF5801
PF19118	DUF5802
PF19119	DUF5803
PF19120	DUF5804
PF19121	DUF5805
PF19122	DUF5806
PF19123	DUF5807
PF19124	DUF5808
PF19125	DUF5809
PF19126	DUF5810
PF19128	DUF5811
PF19129	DUF5812
PF19130	DUF5813
PF19131	DUF5814
PF19132	DUF5815
PF19133	DUF5816
PF19134	DUF5817
PF22798	DUF5817_CT
PF19135	DUF5818
PF19136	DUF5819
PF19137	DUF5820
PF19139	DUF5822
PF19140	DUF5823
PF19141	DUF5824
PF19142	DUF5825
PF19144	DUF5826
PF19145	DUF5827
PF19146	DUF5828
PF19147	DUF5829
PF19148	DUF5830
PF19149	DUF5831
PF19150	DUF5832
PF19152	DUF5834
PF19153	DUF5835
PF19154	DUF5836
PF19155	DUF5837
PF19156	DUF5838
PF19157	DUF5839
PF19158	DUF5840
PF19159	DUF5841
PF19161	DUF5843
PF19162	DUF5844
PF19163	DUF5845
PF19164	DUF5846
PF19165	DUF5847
PF19166	DUF5848
PF19167	DUF5849
PF19168	DUF5850
PF19169	DUF5851
PF19170	DUF5852
PF19171	DUF5853
PF19172	DUF5854
PF19173	DUF5855
PF19174	DUF5856
PF19175	DUF5857
PF19176	DUF5858
PF19177	DUF5859
PF19178	DUF5860
PF19180	DUF5862
PF19181	DUF5863
PF19182	DUF5864
PF19183	DUF5865
PF19184	DUF5866
PF19185	DUF5867
PF19186	DUF5868
PF19194	DUF5869
PF04532	DUF587
PF19195	DUF5870
PF19196	DUF5871
PF19197	DUF5872
PF19201	DUF5873
PF19202	DUF5874
PF19203	DUF5875
PF19204	DUF5876
PF19205	DUF5877
PF19206	DUF5878
PF19207	DUF5879
PF19208	DUF5880
PF19228	DUF5881
PF19229	DUF5882
PF19230	DUF5883
PF19231	DUF5884
PF19232	DUF5885
PF19233	DUF5886
PF19234	DUF5887
PF19235	DUF5888
PF19237	DUF5889
PF19240	DUF5890
PF19241	DUF5891
PF19243	DUF5892
PF19245	DUF5893
PF19246	DUF5894
PF19247	DUF5895
PF19248	DUF5896
PF19249	DUF5897
PF19250	DUF5898
PF19251	DUF5899
PF19253	DUF5900
PF19254	DUF5901
PF19255	DUF5902
PF19260	DUF5903
PF19261	DUF5904
PF19262	DUF5905
PF19263	DUF5906
PF19264	DUF5907
PF19265	DUF5908
PF04569	DUF591
PF19287	DUF5910
PF19299	DUF5914
PF19302	DUF5915
PF19313	DUF5916
PF19314	DUF5917
PF19318	DUF5918
PF19319	DUF5919
PF04574	DUF592
PF19334	DUF5920
PF19336	DUF5921
PF19346	DUF5924
PF19347	DUF5925
PF19348	DUF5926
PF19349	DUF5927
PF19350	DUF5928
PF19351	DUF5929
PF19353	DUF5930
PF19354	DUF5931
PF19355	DUF5932
PF19356	DUF5933
PF19358	DUF5935
PF19359	DUF5936
PF19361	DUF5937
PF19362	DUF5938
PF19363	DUF5939
PF04578	DUF594
PF19364	DUF5940
PF19365	DUF5941
PF19366	DUF5942
PF19367	DUF5943
PF19369	DUF5944
PF19370	DUF5945
PF19371	DUF5946
PF19372	DUF5947
PF19373	DUF5948
PF19374	DUF5949
PF19376	DUF5951
PF19377	DUF5952
PF19378	DUF5953
PF19379	DUF5954
PF19380	DUF5955
PF19381	DUF5956
PF19382	DUF5957
PF19383	DUF5958
PF19384	DUF5959
PF04591	DUF596
PF19385	DUF5960
PF19386	DUF5961
PF19387	DUF5962
PF19388	DUF5963
PF19389	DUF5964
PF19390	DUF5965
PF19391	DUF5966
PF19392	DUF5967
PF19393	DUF5968
PF19394	DUF5969
PF19395	DUF5970
PF19397	DUF5972
PF19399	DUF5974
PF19400	DUF5975
PF19401	DUF5976
PF19404	DUF5977
PF19405	DUF5978
PF19407	DUF5979
PF19410	DUF5980
PF12225	DUF5981
PF19412	DUF5982
PF19419	DUF5983
PF25638	DUF5983_N
PF19446	DUF5984
PF19447	DUF5985
PF19448	DUF5986
PF19449	DUF5987
PF19450	DUF5988
PF19451	DUF5989
PF04654	DUF599
PF19452	DUF5990
PF19453	DUF5991
PF19454	DUF5992
PF19455	DUF5993
PF19457	DUF5994
PF19458	DUF5995
PF19459	DUF5996
PF19460	DUF5997
PF19461	DUF5998
PF19462	DUF5999
PF19463	DUF6000
PF19464	DUF6001
PF19465	DUF6002
PF19466	DUF6003
PF19467	DUF6004
PF19468	DUF6005
PF30710	DUF6005_C
PF19469	DUF6006
PF19470	DUF6007
PF19471	DUF6008
PF19472	DUF6009
PF04642	DUF601
PF19473	DUF6010
PF19474	DUF6011
PF19475	DUF6012
PF19476	DUF6013
PF19477	DUF6014
PF19479	DUF6015
PF19480	DUF6016
PF19481	DUF6017
PF19482	DUF6018
PF19483	DUF6019
PF19484	DUF6020
PF19485	DUF6021
PF19486	DUF6022
PF19487	DUF6023
PF19488	DUF6024
PF19490	DUF6025
PF19491	DUF6026
PF19492	DUF6027
PF19494	DUF6029
PF04645	DUF603
PF19495	DUF6030
PF19496	DUF6031
PF19497	DUF6032
PF19498	DUF6033
PF19499	DUF6034
PF19500	DUF6035
PF19502	DUF6036
PF19503	DUF6037
PF19504	DUF6038
PF19505	DUF6039
PF04646	DUF604
PF19506	DUF6040
PF19507	DUF6041
PF19508	DUF6042
PF19509	DUF6043
PF19510	DUF6044
PF19512	DUF6046
PF19513	DUF6047
PF19515	DUF6048
PF19516	DUF6049
PF19517	DUF6050
PF19519	DUF6051
PF19522	DUF6052
PF19523	DUF6053
PF19524	DUF6054
PF19527	DUF6055
PF19529	DUF6057
PF19531	DUF6058
PF19534	DUF6059
PF19535	DUF6060
PF19537	DUF6061
PF19538	DUF6062
PF19539	DUF6063
PF19540	DUF6064
PF19541	DUF6065
PF19542	DUF6066
PF19544	DUF6068
PF19545	DUF6069
PF19546	DUF6070
PF19547	DUF6071
PF19549	DUF6072
PF19550	DUF6073
PF19551	DUF6074
PF19552	DUF6075
PF19553	DUF6076
PF19554	DUF6077
PF19555	DUF6078
PF26383	DUF6079_2nd
PF26384	DUF6079_3rd
PF26385	DUF6079_4th
PF26387	DUF6079_5th
PF26388	DUF6079_6th
PF19558	DUF6080
PF19559	DUF6081
PF19560	DUF6082
PF19561	DUF6083
PF19562	DUF6084
PF19563	DUF6085
PF19564	DUF6086
PF19565	DUF6087
PF19570	DUF6088
PF19573	DUF6089
PF19578	DUF6090
PF19585	DUF6092
PF19586	DUF6093
PF19587	DUF6094
PF19589	DUF6095
PF19591	DUF6096
PF19592	DUF6097
PF19593	DUF6098
PF19594	DUF6099
PF01886	DUF61
PF19595	DUF6100
PF19596	DUF6101
PF19598	DUF6103
PF19599	DUF6104
PF19600	DUF6105
PF19601	DUF6106
PF19602	DUF6107
PF19603	DUF6108
PF19604	DUF6109
PF19605	DUF6110
PF19606	DUF6111
PF19607	DUF6112
PF19608	DUF6113
PF19609	DUF6114
PF19610	DUF6115
PF19611	DUF6116
PF19612	DUF6117
PF19613	DUF6118
PF19614	DUF6119
PF04747	DUF612
PF19615	DUF6120
PF19616	DUF6121
PF19617	DUF6122
PF19618	DUF6123
PF19619	DUF6124
PF19620	DUF6125
PF19621	DUF6126
PF19622	DUF6127
PF19623	DUF6128
PF19624	DUF6129
PF04764	DUF613
PF19625	DUF6130
PF19626	DUF6131
PF19628	DUF6132
PF19629	DUF6133
PF19630	DUF6134
PF19632	DUF6136
PF19634	DUF6137
PF19635	DUF6138
PF19636	DUF6139
PF19637	DUF6140
PF19638	DUF6141
PF19639	DUF6142
PF19640	DUF6143
PF19641	DUF6144
PF19642	DUF6145
PF19643	DUF6146
PF19644	DUF6147
PF19645	DUF6148
PF19646	DUF6149
PF19648	DUF6151
PF19649	DUF6152
PF19650	DUF6153
PF19651	DUF6154
PF19652	DUF6155
PF19653	DUF6156
PF19654	DUF6157
PF19655	DUF6158
PF19656	DUF6159
PF19657	DUF6160
PF19658	DUF6161
PF19659	DUF6162
PF19660	DUF6163
PF19661	DUF6164
PF19662	DUF6165
PF19663	DUF6166
PF19664	DUF6167
PF19665	DUF6168
PF19666	DUF6169
PF04759	DUF617
PF19667	DUF6170
PF19668	DUF6171
PF19669	DUF6172
PF19670	DUF6173
PF19671	DUF6174
PF19672	DUF6175
PF19673	DUF6176
PF19674	DUF6177
PF30002	DUF6177_N
PF19676	DUF6178
PF19677	DUF6179
PF19678	DUF6180
PF19679	DUF6181
PF19680	DUF6182
PF19681	DUF6183
PF19682	DUF6184
PF19683	DUF6185
PF19684	DUF6186
PF19685	DUF6187
PF19686	DUF6188
PF19688	DUF6189
PF19689	DUF6190
PF19690	DUF6191
PF19691	DUF6192
PF19692	DUF6193
PF19694	DUF6194
PF19695	DUF6195
PF19696	DUF6196
PF19698	DUF6197
PF19700	DUF6198
PF19701	DUF6199
PF04788	DUF620
PF19702	DUF6200
PF19703	DUF6201
PF19706	DUF6203
PF19707	DUF6204
PF19708	DUF6205
PF19709	DUF6206
PF19711	DUF6207
PF19713	DUF6208
PF19714	DUF6209
PF04789	DUF621
PF19715	DUF6210
PF19716	DUF6211
PF19717	DUF6212
PF19719	DUF6213
PF19720	DUF6214
PF19721	DUF6215
PF19723	DUF6216
PF19724	DUF6217
PF19726	DUF6218
PF19727	DUF6219
PF19728	DUF6220
PF19730	DUF6221
PF19731	DUF6222
PF19733	DUF6223
PF19734	DUF6224
PF19735	DUF6225
PF19736	DUF6226
PF19738	DUF6227
PF19739	DUF6228
PF19740	DUF6229
PF19741	DUF6230
PF19742	DUF6231
PF19744	DUF6232
PF19746	DUF6233
PF19747	DUF6234
PF19748	DUF6235
PF19749	DUF6236
PF19750	DUF6237
PF19751	DUF6238
PF19752	DUF6239
PF04854	DUF624
PF19753	DUF6240
PF19754	DUF6241
PF19755	DUF6242
PF25852	DUF6242_C
PF19756	DUF6243
PF19757	DUF6244
PF19758	DUF6245
PF19759	DUF6246
PF19760	DUF6247
PF19761	DUF6248
PF19762	DUF6249
PF19763	DUF6250
PF19764	DUF6251
PF19765	DUF6252
PF19766	DUF6253
PF19767	DUF6254
PF19768	DUF6255
PF19770	DUF6256
PF19771	DUF6257
PF19772	DUF6258
PF19773	DUF6259
PF19774	DUF6260
PF19775	DUF6261
PF19776	DUF6262
PF19777	DUF6263
PF19779	DUF6264
PF19780	DUF6265
PF19781	DUF6266
PF19782	DUF6267
PF19783	DUF6268
PF19784	DUF6269
PF04781	DUF627
PF19786	DUF6270
PF19787	DUF6271
PF19788	DUF6272
PF19789	DUF6273
PF19790	DUF6274
PF19791	DUF6275
PF19792	DUF6276
PF19793	DUF6277
PF19794	DUF6278
PF19795	DUF6279
PF19796	DUF6280
PF19797	DUF6281
PF19799	DUF6282
PF19800	DUF6283
PF19801	DUF6284
PF19802	DUF6285
PF19803	DUF6286
PF19804	DUF6287
PF19805	DUF6288
PF19806	DUF6289
PF04780	DUF629
PF19807	DUF6290
PF19808	DUF6291
PF19809	DUF6292
PF19811	DUF6294
PF19812	DUF6295
PF19813	DUF6296
PF19814	DUF6297
PF19815	DUF6298
PF19816	DUF6299
PF04783	DUF630
PF19817	DUF6300
PF19818	DUF6301
PF19819	DUF6302
PF19820	DUF6303
PF19822	DUF6304
PF19823	DUF6305
PF19825	DUF6306
PF19826	DUF6307
PF19827	DUF6308
PF19828	DUF6309
PF19829	DUF6310
PF19830	DUF6311
PF25853	DUF6311_C
PF19831	DUF6312
PF19832	DUF6313
PF19834	DUF6314
PF19836	DUF6315
PF19837	DUF6316
PF19840	DUF6317
PF19843	DUF6318
PF19844	DUF6319
PF04782	DUF632
PF19845	DUF6320
PF19846	DUF6321
PF19847	DUF6322
PF19848	DUF6323
PF19849	DUF6324
PF19850	DUF6325
PF19851	DUF6326
PF19852	DUF6327
PF19853	DUF6328
PF19854	DUF6329
PF19855	DUF6330
PF19856	DUF6331
PF19857	DUF6332
PF19859	DUF6333
PF19860	DUF6334
PF19861	DUF6335
PF19862	DUF6336
PF19863	DUF6337
PF19865	DUF6338
PF19866	DUF6339
PF19867	DUF6340
PF19868	DUF6341
PF19869	DUF6342
PF19870	DUF6343
PF19871	DUF6344
PF19872	DUF6345
PF19873	DUF6346
PF19874	DUF6347
PF19875	DUF6348
PF19876	DUF6349
PF19878	DUF6351
PF19879	DUF6352
PF19880	DUF6353
PF19881	DUF6354
PF19882	DUF6355
PF19883	DUF6356
PF19884	DUF6357
PF19885	DUF6358
PF19886	DUF6359
PF19887	DUF6360
PF19888	DUF6361
PF19889	DUF6362
PF19890	DUF6363
PF19891	DUF6364
PF19892	DUF6365
PF19893	DUF6366
PF19894	DUF6367
PF19895	DUF6368
PF19896	DUF6369
PF04830	DUF637
PF19897	DUF6370
PF19898	DUF6371
PF19899	DUF6372
PF19900	DUF6373
PF19901	DUF6374
PF19902	DUF6375
PF19903	DUF6376
PF19905	DUF6378
PF19907	DUF6380
PF19908	DUF6381
PF19909	DUF6382
PF19910	DUF6383
PF19911	DUF6384
PF19912	DUF6385
PF19923	DUF6386
PF19924	DUF6387
PF19925	DUF6388
PF19926	DUF6389
PF04842	DUF639
PF19927	DUF6390
PF19928	DUF6391
PF19930	DUF6393
PF19931	DUF6394
PF19932	DUF6395
PF19933	DUF6396
PF19934	DUF6397
PF19935	DUF6398
PF19936	DUF6399
PF19938	DUF6400
PF19939	DUF6401
PF19940	DUF6402
PF19941	DUF6403
PF19942	DUF6404
PF19943	DUF6405
PF19944	DUF6406
PF19945	DUF6407
PF19946	DUF6408
PF19947	DUF6409
PF04859	DUF641
PF19948	DUF6410
PF19949	DUF6411
PF19950	DUF6412
PF19951	DUF6413
PF19952	DUF6414
PF19979	DUF6415
PF19980	DUF6416
PF19981	DUF6417
PF19982	DUF6418
PF19983	DUF6419
PF04862	DUF642
PF19984	DUF6420
PF19985	DUF6421
PF19986	DUF6422
PF19987	DUF6423
PF19988	DUF6424
PF19989	DUF6425
PF19990	DUF6426
PF19992	DUF6427
PF20001	DUF6428
PF20008	DUF6429
PF04867	DUF643
PF20020	DUF6431
PF20024	DUF6432
PF20025	DUF6433
PF20026	DUF6434
PF20027	DUF6435
PF20029	DUF6436
PF20031	DUF6437
PF20033	DUF6438
PF20035	DUF6439
PF20037	DUF6440
PF20039	DUF6441
PF20040	DUF6442
PF20041	DUF6443
PF20042	DUF6444
PF20043	DUF6445
PF20044	DUF6446
PF20045	DUF6447
PF20046	DUF6448
PF20047	DUF6449
PF04875	DUF645
PF20048	DUF6450
PF20049	DUF6451
PF20050	DUF6452
PF20051	DUF6453
PF20055	DUF6454
PF20056	DUF6455
PF20057	DUF6456
PF20058	DUF6457
PF20059	DUF6458
PF20060	DUF6459
PF20061	DUF6460
PF20062	DUF6461
PF20063	DUF6462
PF20064	DUF6463
PF20065	DUF6464
PF20069	DUF6465
PF20070	DUF6466
PF20072	DUF6468
PF20073	DUF6469
PF20074	DUF6470
PF20075	DUF6471
PF20076	DUF6472
PF20078	DUF6473
PF20079	DUF6474
PF20081	DUF6475
PF20082	DUF6476
PF20083	DUF6477
PF20086	DUF6478
PF20087	DUF6479
PF04890	DUF648
PF20088	DUF6480
PF20089	DUF6481
PF20090	DUF6482
PF20092	DUF6483
PF20093	DUF6484
PF20095	DUF6485
PF20096	DUF6486
PF20097	DUF6487
PF20098	DUF6488
PF20099	DUF6489
PF20100	DUF6490
PF20101	DUF6491
PF20102	DUF6492
PF20103	DUF6493
PF20104	DUF6494
PF20105	DUF6495
PF20106	DUF6496
PF20107	DUF6497
PF20108	DUF6498
PF20110	DUF6500
PF20111	DUF6501
PF20112	DUF6502
PF20113	DUF6503
PF20114	DUF6504
PF20115	DUF6505
PF20116	DUF6506
PF20117	DUF6507
PF20118	DUF6508
PF20119	DUF6509
PF20120	DUF6510
PF20121	DUF6511
PF20122	DUF6512
PF20123	DUF6513
PF20124	DUF6514
PF20125	DUF6515
PF20127	DUF6517
PF20128	DUF6518
PF20129	DUF6519
PF20130	DUF6520
PF20132	DUF6522
PF20134	DUF6524
PF20135	DUF6525
PF20136	DUF6526
PF20138	DUF6528
PF20139	DUF6529
PF20140	DUF6530
PF20148	DUF6531
PF20149	DUF6532
PF20151	DUF6533
PF20152	DUF6534
PF20153	DUF6535
PF20163	DUF6536
PF20169	DUF6537
PF20172	DUF6538
PF20174	DUF6540
PF20176	DUF6541
PF20177	DUF6542
PF20181	DUF6544
PF20182	DUF6545
PF20183	DUF6546
PF20184	DUF6547
PF20185	DUF6548
PF20186	DUF6549
PF04919	DUF655
PF20187	DUF6550
PF20188	DUF6551
PF20189	DUF6552
PF20190	DUF6553
PF20191	DUF6554
PF20192	DUF6555
PF20193	DUF6556
PF20194	DUF6557
PF20195	DUF6558
PF20753	DUF6558_C
PF20196	DUF6559
PF20197	DUF6560
PF20198	DUF6561
PF20200	DUF6562
PF20201	DUF6563
PF20202	DUF6564
PF20203	DUF6565
PF20204	DUF6566
PF20205	DUF6567
PF20209	DUF6570
PF20211	DUF6571
PF20212	DUF6572
PF20213	DUF6573
PF20214	DUF6574
PF20215	DUF6575
PF20216	DUF6576
PF20217	DUF6577
PF20218	DUF6578
PF20219	DUF6579
PF04936	DUF658
PF20221	DUF6580
PF20222	DUF6581
PF20223	DUF6582
PF20224	DUF6583
PF20225	DUF6584
PF20226	DUF6585
PF20227	DUF6586
PF20228	DUF6587
PF20230	DUF6588
PF20231	DUF6589
PF04937	DUF659
PF20233	DUF6590
PF20234	DUF6591
PF20236	DUF6593
PF20237	DUF6594
PF20239	DUF6596
PF20240	DUF6597
PF20241	DUF6598
PF20244	DUF6599
PF20245	DUF6600
PF20246	DUF6601
PF20247	DUF6602
PF20248	DUF6603
PF20253	DUF6604
PF20255	DUF6606
PF20311	DUF6607
PF20312	DUF6608
PF20313	DUF6609
PF20314	DUF6610
PF20315	DUF6611
PF20316	DUF6612
PF20318	DUF6613
PF20319	DUF6614
PF20320	DUF6615
PF20321	DUF6616
PF20322	DUF6617
PF20323	DUF6618
PF20324	DUF6619
PF20325	DUF6620
PF20326	DUF6621
PF20327	DUF6622
PF20328	DUF6623
PF20329	DUF6624
PF20330	DUF6625
PF20331	DUF6626
PF20332	DUF6627
PF20333	DUF6628
PF20334	DUF6629
PF20335	DUF6630
PF20336	DUF6631
PF20337	DUF6632
PF20338	DUF6633
PF20339	DUF6634
PF20340	DUF6635
PF20341	DUF6636
PF20342	DUF6637
PF20343	DUF6638
PF20344	DUF6639
PF20345	DUF6640
PF20346	DUF6641
PF20347	DUF6642
PF20348	DUF6643
PF20349	DUF6644
PF20350	DUF6645
PF20351	DUF6646
PF20352	DUF6647
PF20353	DUF6648
PF20354	DUF6649
PF20355	DUF6650
PF20356	DUF6651
PF20357	DUF6652
PF20358	DUF6653
PF20360	DUF6655
PF20361	DUF6656
PF20362	DUF6657
PF20363	DUF6658
PF20364	DUF6659
PF20365	DUF6660
PF20366	DUF6661
PF20367	DUF6662
PF20368	DUF6663
PF20369	DUF6664
PF20370	DUF6665
PF20371	DUF6666
PF20372	DUF6667
PF20373	DUF6668
PF20374	DUF6669
PF20375	DUF6670
PF20376	DUF6671
PF20377	DUF6672
PF20378	DUF6673
PF20379	DUF6674
PF20380	DUF6675
PF20382	DUF6677
PF20383	DUF6678
PF20384	DUF6679
PF05003	DUF668
PF20385	DUF6680
PF20386	DUF6681
PF20388	DUF6683
PF20389	DUF6684
PF20390	DUF6685
PF20391	DUF6686
PF20392	DUF6687
PF20394	DUF6688
PF23543	DUF6688_C
PF20396	DUF6689
PF05037	DUF669
PF20397	DUF6690
PF20398	DUF6691
PF20402	DUF6692
PF20403	DUF6693
PF20404	DUF6694
PF20405	DUF6695
PF20411	DUF6697
PF20414	DUF6698
PF20415	DUF6699
PF20419	DUF6701
PF28243	DUF6701_2nd
PF28247	DUF6701_3rd
PF28238	DUF6701_4th
PF20420	DUF6702
PF20444	DUF6703
PF20447	DUF6704
PF20448	DUF6705
PF20449	DUF6706
PF20453	DUF6707
PF20455	DUF6708
PF20456	DUF6709
PF20457	DUF6710
PF20458	DUF6711
PF20459	DUF6712
PF20460	DUF6713
PF20461	DUF6714
PF20462	DUF6715
PF20471	DUF6716
PF20475	DUF6717
PF20476	DUF6718
PF20477	DUF6719
PF20480	DUF6720
PF20482	DUF6722
PF20484	DUF6723
PF20485	DUF6724
PF20486	DUF6725
PF20487	DUF6726
PF20495	DUF6727
PF20498	DUF6728
PF20499	DUF6729
PF20503	DUF6730
PF20505	DUF6731
PF20506	DUF6732
PF20507	DUF6733
PF20508	DUF6734
PF20509	DUF6735
PF20521	DUF6736
PF20522	DUF6737
PF20523	DUF6738
PF20524	DUF6739
PF05056	DUF674
PF20525	DUF6740
PF20526	DUF6741
PF20527	DUF6742
PF20528	DUF6743
PF20529	DUF6744
PF20530	DUF6745
PF20531	DUF6746
PF20532	DUF6747
PF20533	DUF6748
PF20535	DUF6750
PF20536	DUF6751
PF20537	DUF6752
PF20538	DUF6753
PF20539	DUF6754
PF20540	DUF6755
PF20541	DUF6756
PF20542	DUF6757
PF20544	DUF6758
PF20545	DUF6759
PF05057	DUF676
PF20546	DUF6760
PF20547	DUF6761
PF20548	DUF6762
PF20549	DUF6763
PF20550	DUF6764
PF20551	DUF6765
PF20554	DUF6766
PF20555	DUF6767
PF20556	DUF6768
PF20558	DUF6769
PF05055	DUF677
PF20559	DUF6770
PF20561	DUF6771
PF20562	DUF6772
PF20563	DUF6773
PF20564	DUF6774
PF20565	DUF6775
PF20567	DUF6776
PF20568	DUF6777
PF20569	DUF6778
PF20570	DUF6779
PF05077	DUF678
PF20571	DUF6780
PF20572	DUF6781
PF20573	DUF6782
PF20574	DUF6783
PF20581	DUF6785
PF20583	DUF6786
PF20584	DUF6787
PF20586	DUF6788
PF20587	DUF6789
PF05078	DUF679
PF20589	DUF6790
PF20590	DUF6791
PF20591	DUF6792
PF20593	DUF6793
PF20594	DUF6794
PF20598	DUF6795
PF20599	DUF6796
PF20601	DUF6797
PF20604	DUF6798
PF20606	DUF6799
PF05079	DUF680
PF20607	DUF6800
PF20611	DUF6801
PF20615	DUF6802
PF20617	DUF6803
PF20619	DUF6804
PF20620	DUF6805
PF20621	DUF6806
PF14100	DUF6807
PF20647	DUF6808
PF20648	DUF6809
PF05080	DUF681
PF20650	DUF6810
PF20657	DUF6811
PF20660	DUF6812
PF20664	DUF6814
PF20668	DUF6815
PF20670	DUF6816
PF20680	DUF6817
PF20681	DUF6818
PF20683	DUF6819
PF20699	DUF6820
PF20705	DUF6821
PF20708	DUF6822
PF20709	DUF6823
PF20710	DUF6824
PF20711	DUF6825
PF20713	DUF6826
PF20715	DUF6827
PF20717	DUF6829
PF20722	DUF6830
PF20724	DUF6831
PF20725	DUF6832
PF20749	DUF6833
PF20755	DUF6834_C
PF20759	DUF6835
PF20762	DUF6836
PF20764	DUF6837
PF20767	DUF6839
PF05075	DUF684
PF20786	DUF6840
PF20795	DUF6841
PF20862	DUF6843
PF20891	DUF6844
PF20893	DUF6845
PF20897	DUF6846
PF20935	DUF6847
PF20941	DUF6848
PF20986	DUF6849
PF05085	DUF685
PF21012	DUF6850
PF21167	DUF6851
PF21186	DUF6852
PF21593	DUF6853
PF21614	DUF6854
PF21619	DUF6855
PF21637	DUF6856
PF21651	DUF6858
PF21656	DUF6859
PF21661	DUF6860
PF21724	DUF6861
PF21726	DUF6862
PF21727	DUF6863
PF21732	DUF6864
PF21737	DUF6865
PF21740	DUF6866_C
PF21739	DUF6866_N
PF21741	DUF6867
PF21742	DUF6868
PF21746	DUF6869
PF05095	DUF687
PF21757	DUF6870
PF21778	DUF6873
PF21779	DUF6874
PF21780	DUF6875
PF21781	DUF6876
PF21793	DUF6877
PF21798	DUF6878
PF21806	DUF6879
PF05097	DUF688
PF21810	DUF6880
PF21812	DUF6881
PF21813	DUF6882
PF21814	DUF6883
PF21818	DUF6884
PF21819	DUF6885
PF21820	DUF6886
PF21826	DUF6887
PF21828	DUF6888
PF21829	DUF6889
PF21830	DUF6890
PF21831	DUF6891
PF21832	DUF6892
PF21833	DUF6893
PF21834	DUF6894
PF21836	DUF6895
PF21837	DUF6896
PF21838	DUF6897
PF21839	DUF6898
PF21840	DUF6899
PF21841	DUF6900
PF21842	DUF6901
PF21843	DUF6902
PF21844	DUF6903
PF21845	DUF6904
PF21846	DUF6905
PF21847	DUF6906
PF21848	DUF6907
PF21849	DUF6908
PF21850	DUF6909
PF21851	DUF6910
PF21852	DUF6911
PF21853	DUF6912
PF21857	DUF6913
PF21858	DUF6914
PF21866	DUF6915
PF21880	DUF6916
PF21891	DUF6917
PF21893	DUF6918
PF21897	DUF6919
PF21900	DUF6920
PF21914	DUF6921
PF21956	DUF6922
PF21959	DUF6923
PF21962	DUF6924
PF21973	DUF6925
PF21977	DUF6926
PF21992	DUF6927
PF21997	DUF6928
PF22000	DUF6929
PF05113	DUF693
PF22007	DUF6930
PF22011	DUF6931
PF22014	DUF6932
PF22016	DUF6933
PF22028	DUF6934
PF22043	DUF6935
PF22052	DUF6937
PF22053	DUF6938
PF22075	DUF6939
PF22086	DUF6940
PF22091	DUF6941
PF22098	DUF6942
PF22105	DUF6943
PF22116	DUF6944
PF22182	DUF6945
PF22187	DUF6946
PF22239	DUF6947
PF22253	DUF6948
PF22258	DUF6949
PF05117	DUF695
PF22262	DUF6950
PF22263	DUF6951
PF22264	DUF6952
PF22266	DUF6953
PF22268	DUF6954
PF22271	DUF6955
PF22273	DUF6956
PF22275	DUF6957
PF22278	DUF6958
PF22281	DUF6959
PF22283	DUF6960
PF22284	DUF6961
PF22285	DUF6962
PF22288	DUF6963
PF22291	DUF6964
PF22292	DUF6965
PF22294	DUF6966
PF22295	DUF6967
PF22302	DUF6968
PF22308	DUF6969
PF05128	DUF697
PF22311	DUF6970
PF22318	DUF6971
PF22319	DUF6972
PF22322	DUF6973
PF22388	DUF6974
PF22391	DUF6975
PF22396	DUF6976
PF22398	DUF6978
PF22399	DUF6979
PF22400	DUF6980
PF22403	DUF6981
PF22478	DUF6982
PF22480	DUF6984
PF22481	DUF6985
PF22484	DUF6986
PF22485	DUF6987
PF22491	DUF6988
PF22497	DUF6989
PF22499	DUF6990
PF22501	DUF6991
PF22503	DUF6992
PF22504	DUF6993
PF22507	DUF6994
PF22515	DUF6996
PF22518	DUF6997
PF22522	DUF6998
PF22523	DUF6999
PF22526	DUF7000
PF22529	DUF7001
PF22531	DUF7002
PF22535	DUF7003
PF22539	DUF7004
PF22541	DUF7005
PF22652	DUF7006
PF22653	DUF7007
PF22654	DUF7008
PF22668	DUF7009
PF22765	DUF7010
PF22791	DUF7011
PF22792	DUF7012
PF22793	DUF7013
PF22839	DUF7015
PF22858	DUF7016
PF22860	DUF7017
PF22872	DUF7018
PF22880	DUF7019
PF05142	DUF702
PF22885	DUF7020
PF22886	DUF7021
PF22887	DUF7022
PF22894	DUF7023
PF22895	DUF7024
PF22942	DUF7025
PF22950	DUF7026
PF22954	DUF7027
PF22970	DUF7028
PF22974	DUF7029
PF22989	DUF7030
PF23005	DUF7032
PF23019	DUF7033
PF23033	DUF7034
PF23034	DUF7035
PF23041	DUF7036
PF23045	DUF7037
PF23047	DUF7038
PF23049	DUF7039
PF23051	DUF7040
PF23055	DUF7041
PF23069	DUF7042
PF23070	DUF7043
PF23071	DUF7044
PF23073	DUF7045
PF23080	DUF7046
PF23088	DUF7047
PF23126	DUF7048
PF23132	DUF7049
PF05152	DUF705
PF23133	DUF7050
PF23136	DUF7051
PF23155	DUF7053
PF23156	DUF7054
PF23157	DUF7055
PF23158	DUF7056
PF23167	DUF7057
PF23186	DUF7059
PF23199	DUF7060
PF23200	DUF7061
PF23201	DUF7062
PF23205	DUF7063
PF23212	DUF7064
PF23217	DUF7066
PF23229	DUF7067
PF23238	DUF7068
PF23239	DUF7069
PF05212	DUF707
PF23255	DUF7070
PF23257	DUF7071
PF23258	DUF7072
PF23264	DUF7073
PF23269	DUF7074
PF23272	DUF7075
PF23273	DUF7076
PF23274	DUF7077
PF23285	DUF7078
PF23296	DUF7079
PF23299	DUF7081
PF23305	DUF7082
PF23309	DUF7083
PF23311	DUF7084
PF23318	DUF7085
PF23324	DUF7086
PF23346	DUF7087
PF23357	DUF7088
PF23363	DUF7089
PF23365	DUF7090
PF23367	DUF7091
PF23368	DUF7092
PF23373	DUF7093
PF23375	DUF7094
PF23378	DUF7095
PF23379	DUF7096
PF23382	DUF7097
PF23384	DUF7098
PF23388	DUF7099
PF23391	DUF7100
PF23392	DUF7101
PF23394	DUF7102
PF23396	DUF7103
PF23397	DUF7104
PF23416	DUF7107
PF23418	DUF7108
PF23420	DUF7108_C
PF23421	DUF7109
PF05167	DUF711
PF23422	DUF7110
PF23423	DUF7111
PF23424	DUF7112
PF23425	DUF7113
PF23426	DUF7114
PF23428	DUF7115
PF23429	DUF7116
PF23430	DUF7117
PF23432	DUF7118
PF23433	DUF7119
PF23434	DUF7120
PF23435	DUF7121
PF23437	DUF7122
PF23438	DUF7123
PF23439	DUF7124
PF23442	DUF7125
PF23443	DUF7126
PF23444	DUF7127
PF23447	DUF7128
PF23455	DUF7129
PF05218	DUF713
PF23458	DUF7130
PF23465	DUF7131
PF23476	DUF7132
PF23500	DUF7133
PF23539	DUF7134
PF23581	DUF7135
PF23584	DUF7136
PF23585	DUF7137
PF23596	DUF7138
PF23614	DUF7141
PF23631	DUF7143
PF23636	DUF7144
PF23638	DUF7145
PF23639	DUF7146
PF23648	DUF7147
PF23650	DUF7148
PF23653	DUF7149
PF23657	DUF7151
PF23662	DUF7152
PF23672	DUF7153
PF23673	DUF7154
PF23710	DUF7155
PF23711	DUF7156
PF23715	DUF7157
PF23716	DUF7158
PF23717	DUF7159
PF04819	DUF716
PF23718	DUF7160
PF23720	DUF7161
PF23721	DUF7162
PF23734	DUF7163
PF23741	DUF7164
PF23749	DUF7165
PF23768	DUF7167
PF23771	DUF7168
PF23773	DUF7169
PF05338	DUF717
PF23776	DUF7170
PF23785	DUF7171
PF23787	DUF7172
PF23791	DUF7173
PF23796	DUF7174
PF23799	DUF7175
PF23800	DUF7176
PF23801	DUF7177
PF23802	DUF7178
PF23804	DUF7179
PF23805	DUF7180
PF23808	DUF7181
PF23810	DUF7182
PF23811	DUF7183
PF23814	DUF7185
PF23815	DUF7186
PF23816	DUF7187
PF23817	DUF7188
PF23819	DUF7189
PF05334	DUF719
PF23820	DUF7190
PF23821	DUF7191
PF23822	DUF7192
PF23823	DUF7193
PF23824	DUF7194
PF23825	DUF7195
PF23826	DUF7196
PF23827	DUF7197
PF23828	DUF7198
PF23829	DUF7199
PF01904	DUF72
PF05302	DUF720
PF23830	DUF7200
PF23831	DUF7201
PF23832	DUF7202
PF23833	DUF7203
PF23834	DUF7204
PF23835	DUF7205
PF23836	DUF7206
PF23837	DUF7207
PF23838	DUF7208
PF23839	DUF7209
PF23843	DUF7210
PF23847	DUF7211
PF23848	DUF7212
PF23850	DUF7213
PF23851	DUF7214
PF23852	DUF7215
PF23853	DUF7216
PF23854	DUF7217
PF23855	DUF7218
PF23856	DUF7219
PF05263	DUF722
PF23858	DUF7220
PF23864	DUF7222
PF23865	DUF7223
PF23866	DUF7224
PF23870	DUF7225
PF23871	DUF7226
PF23872	DUF7227
PF23873	DUF7228
PF23875	DUF7229
PF05265	DUF723
PF23876	DUF7230
PF23877	DUF7231
PF23879	DUF7232
PF23880	DUF7233
PF23881	DUF7234
PF23882	DUF7235
PF23883	DUF7236
PF23884	DUF7237
PF23885	DUF7238
PF23886	DUF7239
PF05266	DUF724
PF23888	DUF7240
PF23889	DUF7241
PF23890	DUF7242
PF23891	DUF7243
PF23896	DUF7244
PF23897	DUF7245
PF23904	DUF7246
PF23905	DUF7247
PF23906	DUF7248
PF23907	DUF7249
PF05267	DUF725
PF23908	DUF7250
PF23909	DUF7251
PF23910	DUF7252
PF23911	DUF7253
PF23912	DUF7254
PF23913	DUF7255
PF23917	DUF7256
PF23918	DUF7257
PF23919	DUF7258
PF23920	DUF7259
PF05277	DUF726
PF23921	DUF7260
PF23922	DUF7261
PF23923	DUF7262
PF23924	DUF7263
PF23927	DUF7265
PF23928	DUF7266
PF23929	DUF7267
PF23930	DUF7268
PF23933	DUF7269
PF23934	DUF7270
PF23935	DUF7271
PF23937	DUF7272
PF23938	DUF7273
PF23939	DUF7274
PF23940	DUF7275
PF23941	DUF7276
PF23942	DUF7277
PF23944	DUF7278
PF23945	DUF7279
PF05304	DUF728
PF23946	DUF7280
PF23947	DUF7281
PF23951	DUF7282
PF23954	DUF7283
PF23955	DUF7284
PF23956	DUF7285
PF23957	DUF7286
PF23958	DUF7287
PF23959	DUF7288
PF23960	DUF7289
PF23962	DUF7290
PF23963	DUF7291
PF23964	DUF7292
PF23965	DUF7293
PF23966	DUF7294
PF23967	DUF7295
PF23969	DUF7296
PF23970	DUF7297
PF23972	DUF7298
PF23973	DUF7299
PF05325	DUF730
PF23974	DUF7300
PF23975	DUF7301
PF23976	DUF7302
PF23978	DUF7303
PF23979	DUF7304
PF23981	DUF7305
PF23984	DUF7307
PF23985	DUF7308
PF23988	DUF7309
PF23991	DUF7310
PF23993	DUF7311
PF23994	DUF7312
PF23995	DUF7313
PF23996	DUF7314
PF23997	DUF7315
PF24000	DUF7316
PF24001	DUF7317
PF24002	DUF7318
PF24003	DUF7319
PF05305	DUF732
PF24005	DUF7320
PF24007	DUF7321
PF24008	DUF7322
PF24009	DUF7323
PF24010	DUF7324
PF24011	DUF7325
PF24012	DUF7326
PF24013	DUF7327
PF24014	DUF7328
PF24015	DUF7329
PF05306	DUF733
PF24016	DUF7330
PF24018	DUF7331
PF24019	DUF7332
PF24020	DUF7333
PF24022	DUF7334
PF24023	DUF7335
PF24024	DUF7336
PF24026	DUF7337
PF24027	DUF7338
PF24028	DUF7339
PF24029	DUF7340
PF24030	DUF7341
PF24033	DUF7342
PF24034	DUF7343
PF24035	DUF7344
PF24036	DUF7345
PF24037	DUF7346
PF24038	DUF7347
PF24039	DUF7348
PF24040	DUF7349
PF05246	DUF735
PF24041	DUF7350
PF24042	DUF7351
PF24043	DUF7352
PF24044	DUF7353
PF24051	DUF7355
PF24053	DUF7356
PF24054	DUF7357
PF24057	DUF7358
PF24058	DUF7359
PF05284	DUF736
PF24059	DUF7360
PF24060	DUF7361
PF24062	DUF7362
PF24063	DUF7363
PF24069	DUF7364
PF24073	DUF7365
PF24074	DUF7366
PF24075	DUF7367
PF24076	DUF7368
PF24084	DUF7369
PF24085	DUF7370
PF24086	DUF7371
PF24087	DUF7372
PF24088	DUF7373
PF24092	DUF7373_C
PF24089	DUF7374
PF24090	DUF7375
PF24091	DUF7376
PF24093	DUF7377
PF24095	DUF7378
PF24096	DUF7379
PF24098	DUF7380
PF24100	DUF7381
PF24107	DUF7382
PF24108	DUF7383
PF24109	DUF7384
PF24110	DUF7385
PF24111	DUF7386
PF24113	DUF7387
PF24114	DUF7388
PF24115	DUF7389
PF05339	DUF739
PF24116	DUF7390
PF24117	DUF7391
PF24118	DUF7392
PF24119	DUF7393
PF24126	DUF7394
PF24127	DUF7395
PF24129	DUF7396
PF24130	DUF7397
PF24131	DUF7398
PF24132	DUF7399
PF05340	DUF740
PF24133	DUF7400
PF24134	DUF7401
PF24135	DUF7402
PF24136	DUF7403
PF24152	DUF7405
PF24155	DUF7406
PF24156	DUF7407
PF24157	DUF7408
PF24158	DUF7409
PF24166	DUF7410
PF24167	DUF7411
PF24183	DUF7412
PF24185	DUF7413
PF24186	DUF7414
PF24187	DUF7415
PF24188	DUF7416
PF24192	DUF7417
PF24193	DUF7418
PF24194	DUF7419
PF05331	DUF742
PF24195	DUF7420
PF24196	DUF7421
PF24197	DUF7422
PF24198	DUF7423
PF24199	DUF7424
PF24200	DUF7425
PF24201	DUF7426
PF24202	DUF7427
PF24204	DUF7428
PF24206	DUF7429
PF24207	DUF7430
PF24209	DUF7431
PF24211	DUF7432
PF24212	DUF7433
PF24213	DUF7434
PF24216	DUF7435
PF24217	DUF7436
PF24218	DUF7437
PF24219	DUF7438
PF24220	DUF7439
PF24224	DUF7440
PF24225	DUF7441
PF24226	DUF7442
PF24227	DUF7443
PF24231	DUF7444
PF24232	DUF7445
PF24233	DUF7446
PF24239	DUF7447
PF24240	DUF7448
PF24242	DUF7449
PF05335	DUF745
PF24247	DUF7450
PF24248	DUF7451
PF24249	DUF7452
PF24251	DUF7453
PF24253	DUF7454
PF24254	DUF7455
PF24255	DUF7456
PF24256	DUF7457
PF24257	DUF7458
PF24258	DUF7459
PF05344	DUF746
PF24259	DUF7460
PF24260	DUF7461
PF24261	DUF7462
PF24262	DUF7463
PF24263	DUF7464
PF24264	DUF7465
PF24265	DUF7466
PF24269	DUF7467
PF24272	DUF7468
PF24276	DUF7469
PF05346	DUF747
PF24282	DUF7470
PF24283	DUF7471
PF24284	DUF7472
PF24285	DUF7473
PF24286	DUF7474
PF24287	DUF7475
PF24288	DUF7476
PF24289	DUF7477
PF24290	DUF7478
PF24292	DUF7479
PF05359	DUF748
PF24295	DUF7480
PF24297	DUF7481
PF24298	DUF7482
PF24299	DUF7483
PF24302	DUF7484
PF24303	DUF7485
PF24307	DUF7486
PF24308	DUF7487
PF24314	DUF7488
PF24315	DUF7489
PF05370	DUF749
PF24318	DUF7490
PF24319	DUF7491
PF24320	DUF7492
PF24321	DUF7493
PF24323	DUF7494
PF24325	DUF7495
PF24326	DUF7496
PF24327	DUF7497
PF24328	DUF7498
PF24330	DUF7499
PF24332	DUF7500
PF24333	DUF7501
PF24334	DUF7502
PF24335	DUF7503
PF24336	DUF7504
PF24337	DUF7505
PF24338	DUF7506
PF24348	DUF7508
PF24349	DUF7509
PF05421	DUF751
PF24350	DUF7510
PF24351	DUF7511
PF24352	DUF7512
PF24353	DUF7513
PF24355	DUF7514
PF24359	DUF7515
PF24360	DUF7516
PF24361	DUF7517
PF24362	DUF7518
PF24363	DUF7519
PF24364	DUF7520
PF24365	DUF7521
PF24366	DUF7522
PF24367	DUF7523
PF24368	DUF7524
PF24369	DUF7525
PF24370	DUF7526
PF24371	DUF7527
PF24372	DUF7528
PF24373	DUF7529
PF05444	DUF753
PF24374	DUF7530
PF24375	DUF7531
PF24376	DUF7532
PF24377	DUF7533
PF24378	DUF7534
PF24379	DUF7535
PF24380	DUF7536
PF24381	DUF7537
PF24382	DUF7538
PF24383	DUF7539
PF24386	DUF7540
PF24396	DUF7541
PF24398	DUF7542
PF24399	DUF7543
PF24400	DUF7544
PF24411	DUF7545
PF24412	DUF7546
PF24414	DUF7547
PF24416	DUF7548
PF24417	DUF7549
PF05501	DUF755
PF24418	DUF7550
PF24420	DUF7551
PF24422	DUF7552
PF24430	DUF7553
PF24431	DUF7554
PF24432	DUF7555
PF24433	DUF7556
PF24434	DUF7557
PF24439	DUF7558
PF24440	DUF7559
PF24441	DUF7560
PF24442	DUF7561
PF24443	DUF7562
PF24444	DUF7563
PF24445	DUF7564
PF24446	DUF7565
PF24450	DUF7566
PF24451	DUF7567
PF24452	DUF7568
PF24453	DUF7569
PF24454	DUF7570
PF24455	DUF7571
PF24457	DUF7572
PF24458	DUF7573
PF24459	DUF7574
PF24460	DUF7575
PF24461	DUF7576
PF24463	DUF7577
PF24466	DUF7578
PF24474	DUF7579
PF24476	DUF7580
PF24483	DUF7582
PF24486	DUF7583
PF24488	DUF7584
PF24490	DUF7585
PF24491	DUF7586
PF24494	DUF7587
PF24496	DUF7588
PF24500	DUF7589
PF05537	DUF759
PF24503	DUF7590
PF24511	DUF7591
PF24512	DUF7592
PF24513	DUF7593
PF24523	DUF7595
PF24524	DUF7596
PF24530	DUF7597
PF24535	DUF7598
PF24538	DUF7599
PF05542	DUF760
PF24539	DUF7600
PF24547	DUF7601
PF24549	DUF7602
PF24554	DUF7603
PF24558	DUF7604
PF24564	DUF7605
PF24580	DUF7607
PF24581	DUF7608
PF24582	DUF7609
PF05553	DUF761
PF24583	DUF7610
PF24586	DUF7611
PF24587	DUF7612
PF24588	DUF7613
PF24589	DUF7614
PF24590	DUF7615
PF24592	DUF7616
PF24593	DUF7617
PF24594	DUF7618
PF24595	DUF7619
PF05555	DUF762
PF24596	DUF7620
PF24599	DUF7621
PF24602	DUF7622
PF24610	DUF7623
PF24616	DUF7624
PF24620	DUF7625
PF24625	DUF7626
PF24628	DUF7627
PF24631	DUF7628
PF24632	DUF7629
PF05559	DUF763
PF24633	DUF7630
PF24634	DUF7631
PF24635	DUF7632
PF24636	DUF7633
PF24639	DUF7634
PF24640	DUF7635
PF24642	DUF7636
PF24643	DUF7637
PF24644	DUF7638
PF24645	DUF7639
PF05561	DUF764
PF24646	DUF7640
PF24648	DUF7641
PF24649	DUF7642
PF24651	DUF7644
PF24655	DUF7645
PF24657	DUF7646
PF24658	DUF7647
PF24659	DUF7648
PF24661	DUF7649
PF05570	DUF765
PF24662	DUF7650
PF24663	DUF7651
PF24665	DUF7652
PF24670	DUF7653
PF24672	DUF7654
PF24676	DUF7656
PF24677	DUF7657
PF24678	DUF7658
PF24692	DUF7659
PF24693	DUF7660
PF24697	DUF7661
PF24698	DUF7662
PF24699	DUF7663
PF24701	DUF7664
PF24703	DUF7666
PF24704	DUF7667
PF24705	DUF7668
PF24706	DUF7669
PF24709	DUF7670
PF24710	DUF7671
PF24717	DUF7672
PF24720	DUF7673
PF24722	DUF7674
PF24723	DUF7675
PF24724	DUF7676
PF24725	DUF7677
PF24726	DUF7678
PF24727	DUF7679
PF05589	DUF768
PF24728	DUF7680
PF24730	DUF7682
PF24731	DUF7683
PF24733	DUF7684
PF24734	DUF7685
PF24735	DUF7686
PF24736	DUF7687
PF24737	DUF7688
PF24738	DUF7689
PF05590	DUF769
PF24739	DUF7690
PF24740	DUF7691
PF24743	DUF7692
PF24745	DUF7693
PF24746	DUF7694
PF24749	DUF7695
PF24751	DUF7696
PF24752	DUF7697
PF24753	DUF7698
PF24766	DUF7699
PF24777	DUF7700
PF24792	DUF7701
PF24800	DUF7702
PF24802	DUF7703
PF24803	DUF7704
PF24804	DUF7705
PF24806	DUF7706
PF24808	DUF7707
PF24809	DUF7708
PF24813	DUF7709
PF05595	DUF771
PF24819	DUF7710
PF24821	DUF7711
PF24822	DUF7712
PF24828	DUF7713
PF24830	DUF7714
PF24831	DUF7715
PF24832	DUF7716
PF24835	DUF7717
PF24839	DUF7718
PF24841	DUF7719
PF05598	DUF772
PF24843	DUF7720
PF24845	DUF7721
PF24847	DUF7722
PF24848	DUF7723
PF24849	DUF7724
PF24851	DUF7725
PF24852	DUF7726
PF24853	DUF7727
PF24854	DUF7728
PF24855	DUF7729
PF24864	DUF7730
PF24865	DUF7731
PF24866	DUF7732
PF24867	DUF7733
PF24869	DUF7734
PF24870	DUF7735
PF24875	DUF7736
PF24879	DUF7737
PF24880	DUF7738
PF24881	DUF7739
PF24886	DUF7740
PF24888	DUF7741
PF24891	DUF7742
PF24893	DUF7743
PF24897	DUF7744
PF24924	DUF7745
PF24925	DUF7746
PF24927	DUF7747
PF24928	DUF7748
PF24930	DUF7750
PF24933	DUF7751
PF24934	DUF7752
PF24936	DUF7753
PF24937	DUF7754
PF24938	DUF7755
PF24939	DUF7756
PF24941	DUF7757
PF24944	DUF7758
PF24945	DUF7759
PF05604	DUF776
PF24949	DUF7760
PF24952	DUF7761
PF24953	DUF7762
PF24954	DUF7763
PF24958	DUF7765
PF24962	DUF7767
PF24963	DUF7768
PF24964	DUF7769
PF05606	DUF777
PF24968	DUF7770
PF24974	DUF7771
PF24977	DUF7772
PF24982	DUF7773
PF24983	DUF7774
PF24985	DUF7775
PF24989	DUF7776
PF24992	DUF7777
PF24998	DUF7778
PF25000	DUF7779
PF25002	DUF7780
PF25003	DUF7781
PF25004	DUF7782
PF25006	DUF7783
PF25008	DUF7784
PF25009	DUF7785
PF25012	DUF7786
PF25042	DUF7787
PF25043	DUF7788
PF25044	DUF7789
PF05610	DUF779
PF25046	DUF7790
PF25053	DUF7791
PF25055	DUF7792
PF25056	DUF7793
PF25070	DUF7794
PF25071	DUF7795
PF25072	DUF7796
PF25073	DUF7797
PF25074	DUF7798
PF25075	DUF7799
PF05611	DUF780
PF25077	DUF7800
PF25078	DUF7801
PF25085	DUF7802
PF25086	DUF7803
PF25089	DUF7804
PF25090	DUF7805
PF25091	DUF7806
PF25093	DUF7807
PF25096	DUF7808
PF25100	DUF7809
PF25102	DUF7810
PF25103	DUF7811
PF25104	DUF7812
PF25105	DUF7813
PF25120	DUF7814
PF25122	DUF7815
PF25124	DUF7816
PF25125	DUF7817
PF25126	DUF7818
PF25127	DUF7819
PF25130	DUF7820
PF25134	DUF7821
PF25135	DUF7822
PF25136	DUF7823
PF25148	DUF7824
PF25149	DUF7825
PF25159	DUF7826
PF25162	DUF7827
PF25165	DUF7828
PF25167	DUF7829
PF25169	DUF7830
PF25176	DUF7831
PF25191	DUF7832
PF25200	DUF7833
PF25202	DUF7834
PF25205	DUF7835
PF25206	DUF7836
PF25207	DUF7837
PF25208	DUF7838
PF25211	DUF7839
PF25222	DUF7840
PF25223	DUF7841
PF25224	DUF7842
PF25225	DUF7843
PF25226	DUF7844
PF25227	DUF7845
PF25230	DUF7846
PF25231	DUF7847
PF25232	DUF7848
PF25233	DUF7849
PF25235	DUF7850
PF25236	DUF7851
PF25250	DUF7852
PF25251	DUF7853
PF25252	DUF7854
PF25253	DUF7855
PF26293	DUF7855_C
PF25254	DUF7856
PF25256	DUF7857
PF25257	DUF7858
PF25258	DUF7859
PF25259	DUF7860
PF25260	DUF7861
PF25262	DUF7862
PF25263	DUF7863
PF25264	DUF7864
PF25266	DUF7865
PF25268	DUF7866
PF25269	DUF7867
PF25271	DUF7868
PF25273	DUF7869
PF05619	DUF787
PF25276	DUF7870
PF25277	DUF7871
PF25278	DUF7872
PF25283	DUF7873
PF25284	DUF7874
PF25285	DUF7875
PF25286	DUF7876
PF25289	DUF7877
PF25297	DUF7878
PF25303	DUF7879
PF29467	DUF787_C
PF25306	DUF7880
PF25363	DUF7881_C
PF25365	DUF7881_N
PF25355	DUF7882
PF25367	DUF7883
PF25371	DUF7884
PF25377	DUF7886
PF25397	DUF7887
PF25411	DUF7888
PF25417	DUF7889
PF05623	DUF789
PF25418	DUF7890
PF25421	DUF7891
PF25422	DUF7892
PF25423	DUF7893
PF25428	DUF7894
PF25433	DUF7895
PF25438	DUF7896
PF25448	DUF7897
PF25453	DUF7898
PF25463	DUF7899
PF05626	DUF790
PF25464	DUF7900
PF25470	DUF7901
PF25472	DUF7902
PF25475	DUF7903
PF25480	DUF7904
PF25482	DUF7905
PF25483	DUF7906
PF25484	DUF7907
PF25485	DUF7908
PF25486	DUF7909
PF25490	DUF7910
PF25492	DUF7911
PF25498	DUF7912
PF25500	DUF7913
PF25501	DUF7914
PF25502	DUF7915
PF25509	DUF7916
PF25528	DUF7917
PF25534	DUF7918
PF25535	DUF7919
PF05632	DUF792
PF25536	DUF7920
PF25537	DUF7921
PF25538	DUF7922
PF25540	DUF7923
PF25545	DUF7924
PF25546	DUF7925
PF25548	DUF7926
PF25549	DUF7927
PF25550	DUF7928
PF25551	DUF7929
PF25558	DUF7930
PF25559	DUF7931
PF25560	DUF7932
PF25564	DUF7933
PF25588	DUF7934
PF25589	DUF7935
PF25590	DUF7936
PF25592	DUF7937
PF25604	DUF7938
PF25607	DUF7939
PF25612	DUF7940
PF25613	DUF7941
PF25637	DUF7942
PF25639	DUF7943
PF25642	DUF7944
PF25656	DUF7945
PF25678	DUF7946
PF25679	DUF7947
PF25778	DUF7948
PF25820	DUF7949
PF25821	DUF7950
PF25824	DUF7951
PF25826	DUF7952
PF25829	DUF7953
PF25843	DUF7954
PF25844	DUF7955
PF25845	DUF7956
PF25857	DUF7957
PF25858	DUF7958
PF25899	DUF7959
PF25901	DUF7960
PF25903	DUF7961_C
PF25902	DUF7961_N
PF25907	DUF7962
PF25908	DUF7963
PF25912	DUF7964
PF25913	DUF7965
PF25920	DUF7966
PF25921	DUF7967
PF25922	DUF7968
PF25923	DUF7969
PF25925	DUF7970
PF25926	DUF7971
PF25927	DUF7972
PF25928	DUF7973
PF25929	DUF7974
PF25930	DUF7975
PF25931	DUF7976
PF25932	DUF7977
PF25933	DUF7978
PF25934	DUF7979
PF25937	DUF7980
PF25938	DUF7981
PF25939	DUF7982
PF25943	DUF7983
PF25945	DUF7984
PF25946	DUF7985
PF25948	DUF7986
PF25949	DUF7987
PF25950	DUF7988
PF25951	DUF7989
PF25952	DUF7990
PF25953	DUF7991
PF25955	DUF7992
PF25956	DUF7993
PF25957	DUF7994
PF25958	DUF7995
PF25959	DUF7996
PF25978	DUF7997
PF25979	DUF7998
PF26006	DUF7999
PF26007	DUF8000
PF26008	DUF8001
PF26009	DUF8002
PF26010	DUF8003
PF26013	DUF8004
PF26027	DUF8005
PF26028	DUF8006
PF26029	DUF8007
PF26032	DUF8008
PF26033	DUF8009
PF26035	DUF8010
PF26041	DUF8011
PF26042	DUF8012
PF26043	DUF8013
PF26046	DUF8014
PF26047	DUF8015
PF26056	DUF8017
PF26057	DUF8018
PF26058	DUF8019
PF05650	DUF802
PF26059	DUF8020
PF26061	DUF8021
PF26067	DUF8024
PF26068	DUF8025
PF26069	DUF8026
PF26070	DUF8027
PF26071	DUF8028
PF26072	DUF8029
PF26073	DUF8030
PF26081	DUF8031
PF26087	DUF8032
PF26096	DUF8033
PF26099	DUF8034
PF26118	DUF8035
PF26119	DUF8036
PF26123	DUF8037
PF26124	DUF8038
PF26133	DUF8039
PF26138	DUF8040
PF26145	DUF8041
PF26154	DUF8042
PF26159	DUF8043
PF26161	DUF8044
PF26193	DUF8045
PF26219	DUF8046
PF26220	DUF8047
PF26222	DUF8048
PF26223	DUF8049
PF05656	DUF805
PF26224	DUF8050
PF26225	DUF8051
PF26226	DUF8052
PF26227	DUF8053
PF26237	DUF8054_C
PF26238	DUF8054_M
PF26236	DUF8054_N
PF26240	DUF8055
PF26243	DUF8056
PF26244	DUF8057
PF26247	DUF8058
PF26248	DUF8059
PF05657	DUF806
PF26256	DUF8060
PF26257	DUF8061
PF26258	DUF8062
PF26259	DUF8063
PF26260	DUF8064
PF26261	DUF8065
PF26262	DUF8066
PF26263	DUF8067
PF26265	DUF8068
PF26266	DUF8069
PF05660	DUF807
PF26267	DUF8070
PF26268	DUF8071
PF26269	DUF8072
PF26270	DUF8073_C
PF26271	DUF8073_M
PF26272	DUF8073_N
PF26275	DUF8074
PF26276	DUF8075
PF26277	DUF8076
PF26284	DUF8077
PF26287	DUF8078
PF26290	DUF8079
PF05661	DUF808
PF26296	DUF8080
PF26297	DUF8081
PF26309	DUF8082
PF26312	DUF8083
PF26329	DUF8084
PF26330	DUF8085
PF26331	DUF8086
PF26332	DUF8087
PF26338	DUF8088
PF26339	DUF8089
PF05663	DUF809
PF26350	DUF8090
PF26351	DUF8091
PF26357	DUF8092
PF26362	DUF8093
PF26366	DUF8094
PF26367	DUF8095
PF26372	DUF8096
PF26397	DUF8097
PF26400	DUF8098
PF26401	DUF8099
PF26402	DUF8100
PF26403	DUF8101
PF26404	DUF8102
PF26405	DUF8103
PF26406	DUF8104
PF26407	DUF8105
PF26408	DUF8106
PF26409	DUF8107
PF26413	DUF8108
PF26440	DUF8108_M
PF26438	DUF8108_N
PF26414	DUF8109
PF26415	DUF8110
PF26416	DUF8111
PF26417	DUF8112
PF26418	DUF8113
PF26419	DUF8114
PF26424	DUF8115
PF26426	DUF8116
PF26431	DUF8117
PF26435	DUF8118
PF26436	DUF8119
PF26439	DUF8120
PF26441	DUF8121
PF26443	DUF8122
PF26444	DUF8123
PF26445	DUF8124
PF26446	DUF8125
PF26447	DUF8126
PF26448	DUF8127
PF26449	DUF8128
PF26450	DUF8129
PF26451	DUF8130
PF26452	DUF8131
PF26453	DUF8132
PF26454	DUF8133
PF26455	DUF8134
PF26456	DUF8135
PF26457	DUF8136
PF26458	DUF8137
PF26459	DUF8138
PF26460	DUF8139
PF26463	DUF8140
PF26464	DUF8141
PF26465	DUF8142
PF26467	DUF8143
PF26469	DUF8144
PF26470	DUF8145
PF26471	DUF8146
PF26472	DUF8147
PF26473	DUF8148
PF26475	DUF8148_C
PF26474	DUF8148_M
PF26476	DUF8149
PF05673	DUF815
PF26477	DUF8150
PF26478	DUF8151
PF26479	DUF8152
PF26480	DUF8153
PF26481	DUF8154
PF26482	DUF8155
PF26483	DUF8155_C
PF26485	DUF8156
PF26486	DUF8157
PF26487	DUF8157_C
PF26488	DUF8158
PF26490	DUF8159
PF05674	DUF816
PF26492	DUF8160
PF26493	DUF8161
PF26495	DUF8161_C
PF26494	DUF8162
PF26496	DUF8163
PF26498	DUF8164
PF26489	DUF8165
PF26500	DUF8166
PF26501	DUF8167
PF26502	DUF8167_2nd
PF26503	DUF8167_3rd
PF26504	DUF8168_C
PF26505	DUF8168_N
PF26507	DUF8169
PF05675	DUF817
PF26508	DUF8170
PF26509	DUF8171
PF26511	DUF8172
PF26514	DUF8173
PF26525	DUF8174
PF26526	DUF8175
PF26527	DUF8176
PF26538	DUF8177
PF26546	DUF8178
PF26548	DUF8179
PF05677	DUF818
PF26551	DUF8180
PF26552	DUF8181
PF26554	DUF8182
PF26556	DUF8183
PF26559	DUF8184
PF26572	DUF8185
PF26589	DUF8186
PF26591	DUF8186_C
PF26590	DUF8186_M
PF26598	DUF8187
PF26603	DUF8188
PF05684	DUF819
PF26608	DUF8190
PF26609	DUF8191
PF26612	DUF8192
PF26613	DUF8193
PF26614	DUF8194
PF26615	DUF8195
PF26618	DUF8196
PF26620	DUF8197
PF26621	DUF8198
PF26622	DUF8199
PF26624	DUF8200
PF26626	DUF8201
PF26628	DUF8202
PF26630	DUF8203
PF26631	DUF8204
PF26632	DUF8205
PF26633	DUF8206
PF26634	DUF8207
PF26635	DUF8208
PF26636	DUF8209
PF26637	DUF8210
PF26638	DUF8211
PF26640	DUF8212
PF26641	DUF8213
PF26646	DUF8214
PF26650	DUF8215
PF26651	DUF8216
PF26654	DUF8217
PF26655	DUF8218
PF26656	DUF8219
PF26665	DUF8220
PF26666	DUF8221
PF26667	DUF8222
PF26668	DUF8223
PF26675	DUF8224
PF26676	DUF8225
PF26677	DUF8226
PF26678	DUF8227
PF26679	DUF8228
PF26682	DUF8229
PF26685	DUF8230_C
PF26684	DUF8230_N
PF26687	DUF8231
PF26692	DUF8232
PF26694	DUF8233
PF26695	DUF8234
PF26699	DUF8235
PF26703	DUF8236
PF26707	DUF8237
PF26709	DUF8238
PF26711	DUF8239
PF26712	DUF8240
PF26721	DUF8241
PF26727	DUF8242
PF26731	DUF8243
PF26736	DUF8244
PF26739	DUF8245
PF26740	DUF8246
PF26742	DUF8247
PF26746	DUF8248
PF26754	DUF8249
PF26757	DUF8250
PF26770	DUF8251
PF26780	DUF8252
PF26781	DUF8253
PF26782	DUF8254
PF26783	DUF8255
PF26784	DUF8256
PF26785	DUF8257
PF26786	DUF8258
PF26787	DUF8259
PF05696	DUF826
PF26788	DUF8260
PF26789	DUF8261
PF26790	DUF8262
PF26792	DUF8263
PF26793	DUF8264
PF26795	DUF8265
PF26796	DUF8266
PF26797	DUF8267
PF26799	DUF8268
PF26800	DUF8269
PF26802	DUF8270
PF26836	DUF8271
PF26839	DUF8272
PF26842	DUF8273
PF26910	DUF8274
PF26916	DUF8275
PF26921	DUF8276
PF26922	DUF8277
PF26923	DUF8278
PF26928	DUF8279
PF26929	DUF8280
PF26930	DUF8281
PF26931	DUF8282
PF26932	DUF8283
PF26933	DUF8284
PF26934	DUF8285
PF26935	DUF8286
PF26936	DUF8287
PF26937	DUF8288
PF26938	DUF8289
PF05705	DUF829
PF26939	DUF8290
PF26940	DUF8291
PF26941	DUF8292
PF26942	DUF8293
PF26943	DUF8294
PF26945	DUF8295
PF26948	DUF8296
PF26949	DUF8297
PF26950	DUF8298
PF26951	DUF8299
PF26952	DUF8300
PF26953	DUF8301
PF26962	DUF8302
PF26963	DUF8303
PF26966	DUF8304
PF26969	DUF8305
PF26972	DUF8306
PF26974	DUF8307
PF26975	DUF8308
PF26977	DUF8309
PF26979	DUF8310
PF26982	DUF8311
PF26983	DUF8312
PF26985	DUF8313
PF26988	DUF8314
PF26989	DUF8315
PF26990	DUF8316
PF26991	DUF8317
PF26992	DUF8318
PF26993	DUF8319
PF05734	DUF832
PF26994	DUF8320
PF26995	DUF8321
PF26997	DUF8322
PF26998	DUF8323
PF27003	DUF8324
PF27004	DUF8325
PF27005	DUF8326
PF27006	DUF8327
PF27007	DUF8328
PF27009	DUF8329
PF27010	DUF8330
PF27011	DUF8331
PF27012	DUF8332
PF27013	DUF8333
PF27014	DUF8334
PF27019	DUF8335
PF27025	DUF8336
PF27026	DUF8337
PF27029	DUF8338
PF27031	DUF8339
PF05754	DUF834
PF27033	DUF8340
PF27032	DUF8340_N
PF27037	DUF8341
PF27040	DUF8342
PF27042	DUF8343
PF27043	DUF8344
PF27071	DUF8345
PF27094	DUF8346
PF27110	DUF8347
PF27504	DUF8348
PF27509	DUF8349
PF05763	DUF835
PF27615	DUF8350
PF27616	DUF8351
PF27617	DUF8352
PF27619	DUF8353
PF27620	DUF8354
PF27621	DUF8355
PF27622	DUF8356
PF27623	DUF8357
PF27625	DUF8358
PF27633	DUF8359
PF27647	DUF8360
PF27674	DUF8361
PF27819	DUF8362
PF27939	DUF8363
PF27965	DUF8364
PF28038	DUF8365
PF28039	DUF8366
PF28040	DUF8367
PF28041	DUF8368
PF28122	DUF8369
PF28123	DUF8370
PF28130	DUF8371
PF28131	DUF8372
PF28154	DUF8373
PF28160	DUF8374
PF28210	DUF8375
PF28252	DUF8376
PF28254	DUF8377
PF28257	DUF8378
PF28292	DUF8379
PF28313	DUF8380
PF28323	DUF8381
PF28346	DUF8382
PF28357	DUF8383
PF28361	DUF8384
PF28363	DUF8385
PF28378	DUF8386
PF28382	DUF8387
PF28383	DUF8388
PF28390	DUF8389
PF28405	DUF8390
PF28429	DUF8391
PF28431	DUF8392
PF28432	DUF8393
PF28433	DUF8394
PF28435	DUF8395
PF28436	DUF8396
PF28437	DUF8397
PF28439	DUF8398
PF28440	DUF8399
PF28442	DUF8400
PF28443	DUF8401
PF28444	DUF8402
PF28445	DUF8403
PF28446	DUF8404
PF28464	DUF8405
PF28465	DUF8406
PF28466	DUF8407
PF28467	DUF8408
PF28468	DUF8409
PF28469	DUF8410
PF28471	DUF8411
PF28474	DUF8412
PF28475	DUF8413
PF28477	DUF8414
PF28478	DUF8415
PF28497	DUF8416
PF28506	DUF8417
PF28509	DUF8418
PF28510	DUF8419
PF05811	DUF842
PF28511	DUF8420
PF28513	DUF8421
PF28514	DUF8422
PF28524	DUF8423
PF28525	DUF8424
PF28527	DUF8425
PF28530	DUF8426
PF28531	DUF8427
PF28532	DUF8428
PF28533	DUF8429
PF28534	DUF8430
PF28535	DUF8431
PF28536	DUF8432
PF28541	DUF8433
PF28542	DUF8434
PF28543	DUF8435
PF28550	DUF8436
PF28554	DUF8437
PF28556	DUF8438
PF28557	DUF8439
PF28586	DUF8440
PF28587	DUF8441
PF28605	DUF8442
PF28608	DUF8443
PF28706	DUF8444
PF28715	DUF8445
PF28717	DUF8446
PF28718	DUF8447
PF28721	DUF8448
PF28723	DUF8449
PF28725	DUF8450
PF28727	DUF8451
PF28730	DUF8452
PF28748	DUF8453
PF28751	DUF8454
PF28755	DUF8455
PF28772	DUF8456
PF28774	DUF8457
PF28775	DUF8458
PF28776	DUF8459
PF05832	DUF846
PF28780	DUF8460
PF28792	DUF8461
PF28795	DUF8462
PF28800	DUF8463
PF28801	DUF8464
PF28803	DUF8465
PF28811	DUF8466
PF28812	DUF8467
PF28814	DUF8468
PF28815	DUF8469
PF28862	DUF8470
PF28863	DUF8471
PF28875	DUF8472
PF28882	DUF8473
PF28888	DUF8474
PF28889	DUF8475
PF28890	DUF8476
PF28891	DUF8477
PF28899	DUF8478
PF28901	DUF8479
PF05852	DUF848
PF28920	DUF8480
PF28924	DUF8481
PF28935	DUF8482
PF28947	DUF8483
PF28959	DUF8484
PF28960	DUF8485
PF28961	DUF8486
PF28964	DUF8487
PF28967	DUF8488
PF28977	DUF8489
PF28979	DUF8490
PF28981	DUF8491
PF29025	DUF8492
PF29027	DUF8493
PF29035	DUF8494
PF29043	DUF8495
PF29051	DUF8496
PF29055	DUF8497
PF29061	DUF8498
PF29065	DUF8499
PF29068	DUF8500
PF29071	DUF8501
PF29077	DUF8502
PF29088	DUF8503
PF29105	DUF8504
PF29139	DUF8505
PF29168	DUF8506
PF29170	DUF8507
PF29190	DUF8508
PF29207	DUF8509
PF05867	DUF851
PF29208	DUF8510
PF29209	DUF8511
PF29210	DUF8512
PF29211	DUF8513
PF29217	DUF8514
PF29220	DUF8515
PF29222	DUF8516
PF29231	DUF8517
PF29233	DUF8518
PF29234	DUF8519
PF29235	DUF8520
PF29236	DUF8521
PF29237	DUF8522
PF29240	DUF8523
PF29241	DUF8524
PF29242	DUF8525
PF29286	DUF8526
PF29289	DUF8527
PF29291	DUF8528
PF29292	DUF8529
PF29293	DUF8530
PF29301	DUF8531
PF29354	DUF8532
PF29380	DUF8533
PF29381	DUF8534
PF29382	DUF8535
PF29384	DUF8536
PF29387	DUF8537
PF29389	DUF8538
PF29390	DUF8539
PF29391	DUF8540
PF29392	DUF8541
PF29393	DUF8542
PF29394	DUF8543
PF29419	DUF8544
PF29421	DUF8545
PF29423	DUF8546
PF29424	DUF8547
PF29425	DUF8548
PF29427	DUF8549
PF29428	DUF8550
PF29429	DUF8551
PF29432	DUF8552
PF26805	DUF8553
PF29442	DUF8554
PF29446	DUF8555
PF29451	DUF8556
PF29511	DUF8557
PF29520	DUF8558
PF29526	DUF8559
PF29528	DUF8560
PF29531	DUF8561
PF29556	DUF8562
PF29557	DUF8563
PF25905	DUF8564
PF26274	DUF8565
PF29561	DUF8566
PF29562	DUF8567
PF27034	DUF8568
PF27038	DUF8569
PF29593	DUF8570
PF29596	DUF8571
PF26239	DUF8572
PF25324	DUF8573
PF26506	DUF8574
PF26686	DUF8575
PF29636	DUF8576
PF29640	DUF8577
PF29641	DUF8578
PF29648	DUF8579
PF29711	DUF8580
PF29725	DUF8581
PF29738	DUF8582
PF29742	DUF8583
PF29767	DUF8584
PF29794	DUF8585
PF29804	DUF8586
PF29805	DUF8587
PF29808	DUF8588
PF29828	DUF8589
PF05895	DUF859
PF29850	DUF8590
PF29852	DUF8591
PF29857	DUF8592
PF29877	DUF8593
PF29880	DUF8594
PF29881	DUF8595
PF29882	DUF8596
PF29883	DUF8597
PF29884	DUF8598
PF29885	DUF8599
PF29886	DUF8600
PF29890	DUF8601
PF29900	DUF8602
PF29981	DUF8603
PF29985	DUF8604
PF29988	DUF8605
PF30087	DUF8606
PF30167	DUF8607
PF30171	DUF8608
PF30173	DUF8609
PF30174	DUF8610
PF30175	DUF8611
PF30184	DUF8612
PF30219	DUF8613
PF30221	DUF8614
PF30236	DUF8615
PF30400	DUF8616
PF30462	DUF8617
PF30488	DUF8618
PF30501	DUF8619
PF30508	DUF8620
PF30531	DUF8621
PF30544	DUF8622
PF30546	DUF8623
PF30555	DUF8624
PF30556	DUF8625
PF30557	DUF8626
PF30558	DUF8627
PF30559	DUF8628
PF30561	DUF8629
PF05904	DUF863
PF30563	DUF8630
PF30564	DUF8631
PF30565	DUF8632
PF30566	DUF8633
PF30567	DUF8634
PF30568	DUF8635
PF30569	DUF8636
PF30570	DUF8637
PF30571	DUF8638
PF30572	DUF8639
PF30573	DUF8640
PF30574	DUF8641
PF30575	DUF8642
PF30576	DUF8643
PF30577	DUF8644
PF30578	DUF8645
PF30580	DUF8646
PF30581	DUF8647
PF30582	DUF8648
PF30583	DUF8649
PF05906	DUF865
PF30585	DUF8650
PF30587	DUF8651
PF30588	DUF8652
PF30589	DUF8653
PF30590	DUF8654
PF30591	DUF8655
PF30592	DUF8656
PF30593	DUF8657
PF30594	DUF8658
PF30595	DUF8659
PF30596	DUF8660
PF30599	DUF8661
PF30600	DUF8662
PF30601	DUF8663
PF30602	DUF8664
PF30603	DUF8665
PF30605	DUF8666
PF30606	DUF8667
PF30607	DUF8668
PF30608	DUF8669
PF30614	DUF8670
PF30617	DUF8671
PF30618	DUF8672
PF30619	DUF8673
PF30620	DUF8674
PF30621	DUF8675
PF30622	DUF8676
PF30623	DUF8677
PF30628	DUF8678
PF30629	DUF8679
PF05910	DUF868
PF30630	DUF8680
PF30631	DUF8681
PF30633	DUF8682
PF30634	DUF8683
PF30639	DUF8684
PF30640	DUF8685
PF30641	DUF8686
PF30642	DUF8687
PF30650	DUF8688
PF30653	DUF8689
PF30654	DUF8690
PF30655	DUF8691
PF30663	DUF8692
PF30702	DUF8693
PF30703	DUF8694
PF30704	DUF8695
PF30705	DUF8696
PF30707	DUF8697
PF30708	DUF8698
PF30713	DUF8699
PF01935	DUF87
PF05912	DUF870
PF30714	DUF8700
PF30715	DUF8701
PF30719	DUF8702
PF30721	DUF8703
PF30722	DUF8704
PF30723	DUF8705
PF30724	DUF8706
PF30725	DUF8707
PF30726	DUF8708
PF30727	DUF8709
PF30728	DUF8710
PF30729	DUF8711
PF30730	DUF8712
PF30732	DUF8713
PF30735	DUF8714
PF30738	DUF8715
PF30739	DUF8716
PF30740	DUF8717
PF30741	DUF8718
PF30742	DUF8719
PF30745	DUF8720
PF30748	DUF8721
PF30749	DUF8722
PF30750	DUF8723
PF30764	DUF8724
PF30766	DUF8725
PF30767	DUF8726
PF30768	DUF8727
PF30772	DUF8728
PF30773	DUF8729
PF30774	DUF8730
PF30777	DUF8731
PF30779	DUF8732
PF30780	DUF8733
PF30781	DUF8734
PF30782	DUF8735
PF30783	DUF8736
PF30786	DUF8737
PF30787	DUF8738
PF30788	DUF8739
PF05917	DUF874
PF30789	DUF8740
PF30790	DUF8741
PF30791	DUF8742
PF30793	DUF8743
PF30795	DUF8744
PF30796	DUF8745
PF30808	DUF8746
PF30815	DUF8747
PF30834	DUF8748
PF30847	DUF8749
PF30850	DUF8750
PF30851	DUF8751
PF30883	DUF8752
PF30884	DUF8753
PF30885	DUF8754
PF30886	DUF8755
PF30887	DUF8756
PF30888	DUF8757
PF30889	DUF8758
PF30922	DUF8759
PF30923	DUF8760
PF30927	DUF8761
PF30929	DUF8762
PF30930	DUF8763
PF30931	DUF8764
PF30967	DUF8765
PF30968	DUF8766
PF30969	DUF8767
PF30970	DUF8768
PF30971	DUF8769
PF30972	DUF8770
PF30973	DUF8771
PF30974	DUF8772
PF30975	DUF8773
PF30976	DUF8774
PF31019	DUF8775
PF31035	DUF8776
PF31037	DUF8777
PF31038	DUF8778
PF31039	DUF8779
PF31040	DUF8780
PF31041	DUF8781
PF31042	DUF8782
PF31043	DUF8783
PF31044	DUF8784
PF31045	DUF8785
PF31046	DUF8786
PF31047	DUF8787
PF31048	DUF8788
PF31050	DUF8789
PF31051	DUF8790
PF31052	DUF8791
PF31053	DUF8792
PF31054	DUF8793
PF31055	DUF8794
PF31056	DUF8795
PF31062	DUF8796
PF31063	DUF8797
PF31065	DUF8798
PF31066	DUF8799
PF31068	DUF8800
PF31070	DUF8801
PF31071	DUF8802
PF31073	DUF8803
PF31079	DUF8804
PF31080	DUF8805
PF31083	DUF8806
PF31094	DUF8807
PF31103	DUF8808
PF31105	DUF8809
PF05949	DUF881
PF31106	DUF8810
PF31107	DUF8811
PF31111	DUF8812
PF31113	DUF8813
PF31114	DUF8814
PF31117	DUF8815
PF31119	DUF8816
PF31120	DUF8817
PF31125	DUF8818
PF31126	DUF8819
PF31129	DUF8820
PF31136	DUF8821
PF31137	DUF8822
PF31138	DUF8823
PF31152	DUF8824
PF31154	DUF8825
PF31160	DUF8826
PF31162	DUF8827
PF31163	DUF8828
PF31166	DUF8829
PF05957	DUF883
PF31169	DUF8830
PF31171	DUF8831
PF31173	DUF8832
PF31175	DUF8833
PF31185	DUF8834
PF31187	DUF8835
PF31188	DUF8836
PF31189	DUF8837
PF31198	DUF8838
PF31205	DUF8839
PF19029	DUF883_C
PF05959	DUF884
PF31210	DUF8840
PF31225	DUF8841
PF31237	DUF8842
PF31246	DUF8843
PF31248	DUF8844
PF31253	DUF8845
PF31256	DUF8846
PF31259	DUF8847
PF31268	DUF8848
PF31276	DUF8849
PF05960	DUF885
PF05974	DUF892
PF05979	DUF896
PF05987	DUF898
PF05988	DUF899
PF05990	DUF900
PF06004	DUF903
PF06006	DUF905
PF06012	DUF908
PF06025	DUF913
PF06028	DUF915
PF06033	DUF918
PF06034	DUF919
PF01940	DUF92
PF06037	DUF922
PF06041	DUF924
PF06048	DUF927
PF06051	DUF928
PF06053	DUF929
PF06059	DUF930
PF06067	DUF932
PF06073	DUF934
PF06078	DUF937
PF06080	DUF938
PF06092	DUF943
PF06097	DUF945
PF06103	DUF948
PF06107	DUF951
PF06108	DUF952
PF06115	DUF956
PF06121	DUF959
PF06124	DUF960
PF06125	DUF961
PF06131	DUF963
PF06147	DUF968
PF06149	DUF969
PF06157	DUF973
PF06161	DUF975
PF06163	DUF977
PF06166	DUF979
PF06168	DUF981
PF06169	DUF982
PF06170	DUF983
PF06173	DUF986
PF06174	DUF987
PF06186	DUF992
PF06187	DUF993
PF06191	DUF995
PF06195	DUF996
PF06196	DUF997
PF06197	DUF998
PF06198	DUF999
PF12377	DuffyBP_N
PF05424	Duffy_binding
PF21164	Dumpy_DPY
PF22557	DuOB
PF10204	DuoxA
PF00674	DUP
PF19398	DurB-like
PF19375	DurN
PF01207	Dus
PF06337	DUSP
PF00692	dUTPase
PF08761	dUTPase_2
PF08137	DVL
PF19060	DVNP
PF28216	DVU0150
PF28080	DVU2496_C
PF28260	DVU_0533
PF08783	DWNN
PF22030	DWORF
PF01666	DX
PF13288	DXPR_C
PF08436	DXP_redisom_C
PF02670	DXP_reductoisom
PF13292	DXP_synthase_N
PF31006	DYAD_CC
PF31005	DYAD_N
PF28986	DYF4_C
PF28985	DYF4_N
PF25007	DYH2-5-8_CC
PF09742	Dymeclin
PF21499	DYN1_lid
PF12455	Dynactin
PF07426	Dynactin_p22
PF05502	Dynactin_p62
PF21808	Dynamin-like_hel_bact
PF01031	Dynamin_M
PF00350	Dynamin_N
PF04912	Dynamitin
PF21264	DYNC2H1_AAA_dom
PF17852	Dynein_AAA_lid
PF15867	Dynein_attach_N
PF18199	Dynein_C
PF03028	Dynein_heavy
PF11540	Dynein_IC2
PF01221	Dynein_light
PF22597	DYN_lid
PF21105	DyP_N
PF20628	Dyp_perox_C
PF04261	Dyp_perox_N
PF04440	Dysbindin
PF14432	DYW_deaminase
PF20965	DZF_C
PF07528	DZF_N
PF13815	Dzip-like_N
PF25977	DZIP1
PF30182	DZIP3_N
PF12773	DZR
PF18912	DZR_2
PF17492	D_CNTX
PF29839	E02H4_C
PF29838	E02H4_M
PF29837	E02H4_N
PF00122	E1-E2_ATPase
PF14463	E1-N
PF16191	E1_4HB
PF02221	E1_DerP2_DerF2
PF00676	E1_dh
PF16190	E1_FCCH
PF09358	E1_UFD
PF08199	E2
PF26395	E2-CBASS
PF20272	E2-Crich
PF20273	E2-E1mid
PF20298	E2-ntca
PF13262	E217_gp27
PF22755	E217_gp28
PF22756	E217_gp29
PF29514	E217_gp31_C
PF29548	E217_gp31_insert
PF11863	E217_gp31_N
PF22764	E217_Gp32
PF22759	E217_GP41
PF16421	E2F_CC-MB
PF11570	E2R135
PF08825	E2_bind
PF02817	E3_binding
PF11547	E3_UbLigase_EDD
PF13764	E3_UbLigase_R4
PF18091	E3_UbLigase_RBR
PF19423	E3_UBR4_N
PF09743	E3_UFM1_ligase
PF00518	E6
PF30986	E6-like
PF00527	E7
PF17467	E7R
PF28138	EA1
PF12180	EABR
PF19953	EACC1
PF19955	EAD1
PF19954	EAD10
PF19964	EAD11
PF19956	EAD2
PF19959	EAD4
PF19957	EAD5
PF19958	EAD6
PF19960	EAD7
PF19961	EAD8
PF19962	EAD9
PF13935	Ead_Ea22
PF09816	EAF
PF27833	EAF5
PF07904	Eaf7
PF16713	EAGR_box
PF29678	EAK4_helical
PF00563	EAL
PF00892	EamA
PF20566	Eap1
PF04157	EAP30
PF10238	Eapp_C
PF07897	EAR
PF07381	EarA
PF10093	EarP
PF22354	Eas
PF15981	EAV_GP5
PF01309	EAV_GS
PF01683	EB
PF03271	EB1
PF05937	EB1_binding
PF11556	EBA-175_VI
PF25698	EBNA2_Core
PF25697	EBNA2_N
PF28008	EboA
PF22307	Ebola-like_HR1-HR2
PF05505	Ebola_NP
PF05241	EBP
PF21204	Ebp1_C
PF05890	Ebp2
PF09007	EBP50_C
PF17255	EbsA
PF02905	EBV-NA1
PF05009	EBV-NA3
PF09459	EB_dh
PF18740	EC042_2821
PF19053	EccD
PF11203	EccE
PF18432	ECD
PF26358	EcdD_BsdD_detox
PF07155	ECF-ribofla_trS
PF27471	EcfA1_C
PF12822	ECF_trnsprt
PF00378	ECH_1
PF16113	ECH_2
PF13699	eCIS_core
PF02958	EcKL
PF12855	Ecl1
PF04736	Eclosion
PF05782	ECM1
PF21203	ECM10
PF15463	ECM11
PF27894	ECM13_helical
PF29316	ECM19
PF13001	ECM29_N
PF28793	ECM32
PF12454	Ecm33
PF29174	ECM9_C
PF29177	ECM9_middle
PF29173	ECM9_N
PF07669	Eco57I
PF08463	EcoEI_R_C
PF31092	EcoKI_5th
PF12008	EcoR124_C
PF02963	EcoRI
PF09019	EcoRII-C
PF09217	EcoRII-N
PF13651	EcoRI_methylase
PF03974	Ecotin
PF18649	EcpB_C
PF30442	EcpC_N
PF27328	EcpD_C
PF29737	EcpD_mid
PF29735	EcpD_N
PF15137	ECPIP
PF27348	EcpR_N
PF14382	ECR1_N
PF22625	ECR1_N_2
PF29686	ECS1
PF05975	EcsB
PF12787	EcsC
PF15820	ECSCR
PF14784	ECSIT_C
PF06239	ECSIT_N
PF21243	ECT2_BRCT0
PF21242	ECT2_PH
PF06457	Ectatomin
PF08917	ecTbetaR2
PF06339	Ectoine_synth
PF30208	ECU03_1140
PF30332	ECU03_1200
PF29304	ECU07_1090_N
PF30296	ECU10_0150_M
PF16598	Edc3_linker
PF30873	EDC3_N
PF21289	EDC4_C
PF29374	EDDM13
PF14381	EDR1_CTR1_ARMC3_pept
PF07059	EDR2_C
PF22910	EDR4-like_1st
PF23788	EDRF1_N
PF18117	EDS1_EP
PF21131	eEFSec_4th
PF15863	EELM2
PF22447	EEP_ig-like
PF10587	EF-1_beta_acid
PF07299	EF-G-binding_N
PF22042	EF-G_D2
PF00036	EF-hand_1
PF14788	EF-hand_10
PF08976	EF-hand_11
PF17901	EF-hand_12
PF17958	EF-hand_13
PF17959	EF-hand_14
PF23617	EF-hand_15
PF09068	EF-hand_2
PF09069	EF-hand_3
PF13202	EF-hand_5
PF13405	EF-hand_6
PF13499	EF-hand_7
PF13833	EF-hand_8
PF14658	EF-hand_9
PF30398	EF-hand_EFCB5
PF25325	EF-hand_EFHB_C
PF23564	EF-hand_FSTL1
PF09279	EF-hand_like
PF25578	EF-hand_STIM1
PF25530	EF-hand_SWAP70_N
PF21116	EF-hand_Zip
PF25025	EF-Ts_N
PF28180	EF0163
PF00647	EF1G
PF00736	EF1_GNE
PF12199	efb-c
PF28620	EFCAB12_C
PF27574	EFCAB4A_helical
PF28481	EFCAB5_C
PF14884	EFF-AFF
PF04518	Effector_1
PF10153	Efg1
PF00679	EFG_C
PF14492	EFG_III
PF03764	EFG_IV
PF08726	EFhand_Ca_insen
PF25118	EFL1
PF28952	EFM1_middle
PF01132	EFP
PF08207	EFP_N
PF21072	EFR3
PF21052	EFR3_ARM
PF11957	efThoc1
PF16004	EFTUD2
PF22647	EF_0837-like_N
PF08355	EF_assoc_1
PF08356	EF_assoc_2
PF24548	EF_EFCAB10_C
PF23329	EF_HAND_1_PLCG
PF23583	EF_HAND_2_PLCG
PF20850	EF_HD
PF30624	EF_SSP120
PF00889	EF_TS
PF27858	EF_TTLL11
PF29036	EGAP4_C
PF00008	EGF
PF25027	EGF1_RECK
PF22955	EGF2_RECK
PF07974	EGF_2
PF12947	EGF_3
PF23427	EGF_4
PF04863	EGF_alliinase
PF27506	EGF_ATRAID_C
PF25415	EGF_BRNP1-3
PF21195	EGF_C8A_B_C6
PF07645	EGF_CA
PF26673	EGF_C_tripleX
PF21700	EGF_DL_JAG
PF29256	EGF_Epiregulin
PF21364	EGF_FBN_1st
PF24613	EGF_Hmr-1
PF23105	EGF_integrin
PF00053	EGF_laminin
PF24973	EGF_LMN_ATRN
PF24468	EGF_LRP2
PF12946	EGF_MSP1_1
PF25478	EGF_Mua-3
PF23301	EGF_PEAR1L
PF25016	EGF_Pikachurin
PF28895	EGF_PRF1
PF20626	EGF_Sp38_C
PF24887	EGF_STAB1-2
PF25024	EGF_TEN
PF18720	EGF_Tenascin
PF23106	EGF_Teneurin
PF30999	EGF_TGFA-like
PF09064	EGF_Tme5
PF01303	Egg_lysin
PF11327	Egh16-like
PF11430	EGL-1
PF29914	EGT2_adhesin
PF29916	EGT2_N
PF27677	EGY3_M
PF12763	EH
PF26645	EhaB
PF09882	EhaC
PF09881	EhaD
PF09880	EhaE
PF09879	EhaF
PF09878	EhaG
PF09877	EhaL
PF09218	EhaM
PF10622	Ehbp
PF16880	EHD_N
PF21533	EHMT1-2_CRR
PF06441	EHN
PF22418	EhRGS-RhoGEF_PH-like
PF09528	Ehrlichia_rpt
PF15611	EH_Signature
PF07264	EI24
PF00971	EIAV_GP90
PF11129	EIAV_Rev
PF27924	EID
PF27778	EID2_C
PF01176	eIF-1a
PF05470	eIF-3c_N
PF05091	eIF-3_zeta
PF06273	eIF-4B
PF01287	eIF-5a
PF01873	eIF-5_eIF-2B
PF01912	eIF-6
PF08662	eIF2A
PF31025	eIF2A_C
PF09173	eIF2_C
PF22591	eIF3a_PCI_TPR-like
PF26569	EIF3CL_C
PF21357	EIF3E_C
PF12353	eIF3g
PF19445	eIF3h_C
PF24805	EIF3I
PF18005	eIF3m_C_helix
PF09440	eIF3_N
PF12807	eIF3_p135
PF08597	eIF3_subunit
PF10477	EIF4E-T
PF21140	eIF4G1-like_eIF4E-bd
PF07541	EIF_2_alpha
PF05456	eIF_4EBP
PF12152	eIF_4G1
PF03608	EII-GUT
PF03609	EII-Sor
PF03610	EIIA-man
PF07663	EIIBC-GUT_C
PF03612	EIIBC-GUT_N
PF03611	EIIC-GAT
PF03613	EIID-AGA
PF04873	EIN3_DNA-bd
PF27048	EIN3_N
PF06577	EipA
PF08904	EipB_like
PF12757	Eisosome1
PF17986	EKAL
PF16832	EKLF_TAD1
PF16833	EKLF_TAD2
PF10371	EKR
PF22102	ElaD-SseL-like_C
PF22103	ElaD_SseL-like_N
PF23089	ELAPOR1_C
PF30086	Elba3_M
PF30085	Elba3_N
PF03317	ELF
PF12310	Elf-1_N
PF27565	ELF3_helical
PF07011	Elf4
PF00208	ELFV_dehydrog
PF02812	ELFV_dehydrog_N
PF30012	ELG1-like_C
PF30013	ELG1-like_M
PF28135	ELG1_C
PF28136	ELG1_middle
PF02323	ELH
PF00964	Elicitin
PF03789	ELK
PF10390	ELL
PF28522	ELL1_C
PF25309	ELLD
PF01448	ELM2
PF11841	ELMO_ARM
PF04727	ELMO_CED12
PF26964	ELMO_N
PF01151	ELO
PF15870	EloA-BP1
PF09285	Elong-fact-P_C
PF06881	Elongin_A
PF10483	Elong_Iki1
PF23613	ELP3_N
PF09807	ELP6
PF28301	ElxI1
PF13934	ELYS
PF16687	ELYS-bb
PF02488	EMA
PF16505	Emaravirus_P4
PF30158	EMARD_C
PF13910	EMARD_N
PF07774	EMC1_C
PF01956	EMC3_TMCO1
PF06417	EMC4
PF07019	EMC6
PF19094	EMC6_arch
PF09430	EMC7_beta-sandw
PF21292	EME1-MUS81_C
PF28218	EMF1
PF20242	Emfourin
PF03587	EMG1
PF07546	EMI
PF27980	EML_helical
PF01105	EMP24_GP25L
PF02990	EMP70
PF17237	Emr1
PF13536	EmrE
PF28025	EMYY_lipop
PF15362	Enamelin
PF13157	Enas
PF10991	Enc34_ssDNA-bd
PF27666	Encapsidation_CP3
PF22277	EncFtn-like
PF08967	ENCP4
PF12761	End3
PF22490	EndA_linker
PF10576	EndIII_4Fe-2S
PF28501	ENDOD1_C
PF31186	Endolysin
PF31067	Endolysin_A
PF07010	Endomucin
PF09195	Endonuc-BglII
PF09194	Endonuc-BsobI
PF09124	Endonuc-dimeris
PF09233	Endonuc-EcoRV
PF09226	Endonuc-HincII
PF27227	Endonuc-like_C
PF09208	Endonuc-MspI
PF09225	Endonuc-PvuII
PF04231	Endonuclease_1
PF04493	Endonuclease_5
PF02945	Endonuclease_7
PF01223	Endonuclease_NS
PF13930	Endonuclea_NS_2
PF14562	Endonuc_BglI
PF10107	Endonuc_Holl
PF09062	Endonuc_subdom
PF16800	Endopep_inhib
PF06482	Endostatin
PF04667	Endosulfine
PF22382	EndoS_helical
PF20746	EndoS_Ig-like
PF00322	Endothelin
PF03944	Endotoxin_C
PF18449	Endotoxin_C2
PF00555	Endotoxin_M
PF09131	Endotoxin_mid
PF03945	Endotoxin_N
PF14436	EndoU_bacteria
PF01949	Endo_dU
PF12195	End_beta_barrel
PF12217	End_beta_propel
PF12218	End_N_terminal
PF12219	End_tail_spike
PF10525	Engrail_1_C_sig
PF13864	Enkurin
PF07055	Eno-Rase_FAD_bd
PF12242	Eno-Rase_NADH_b
PF08247	ENOD40
PF03386	ENOD93
PF00113	Enolase_C
PF18374	Enolase_like_N
PF03952	Enolase_N
PF23267	ENOX1
PF12241	Enoyl_reductase
PF29632	EnP1_C
PF29631	EnP1_N
PF03735	ENT
PF08951	EntA_Immun
PF08085	Entericidin
PF11806	Enterochelin_N
PF01375	Enterotoxin_a
PF01376	Enterotoxin_b
PF08090	Enterotoxin_HS1
PF02048	Enterotoxin_ST
PF01417	ENTH
PF29363	ENTR1
PF27697	ENTREP_C
PF09590	Env-gp36
PF10163	EnY2
PF12326	EOS1
PF15790	EP400_N
PF21283	EPCAM-Trop-2_C
PF18635	EpCAM_N
PF00811	Ependymin
PF25544	Ependymin_amoebozoa
PF17181	EPF
PF30504	Epg5_M_TPR
PF27745	Epg5_N
PF14575	EphA2_TM
PF00812	Ephrin
PF25599	Ephrin_CRD
PF01404	Ephrin_lbd
PF07699	Ephrin_rec_like
PF28398	Epigen_C
PF14654	Epiglycanin_C
PF05647	Epiglycanin_TR
PF01370	Epimerase
PF02350	Epimerase_2
PF10992	Epiplasmin
PF28423	Epiregulin_C
PF10513	EPL1
PF20430	Eplus_motif
PF04315	EpmC
PF15223	EPOP
PF09067	EpoR_lig-bind
PF00758	EPO_TPO
PF07268	EppA_BapA
PF22975	EPS8_2nd
PF14897	EpsG
PF11984	EpsI
PF08998	Epsilon_antitox
PF00275	EPSP_synthase
PF28372	EPSTI1
PF28089	EpsX
PF08019	EptA_B_N
PF03736	EPTP
PF11772	EpuA
PF08135	EPV_E5
PF06502	Equine_IAV_S2
PF01133	ER
PF11838	ERAP1_C
PF12497	ERbeta_N
PF16203	ERCC3_RAD25_C
PF02732	ERCC4
PF28129	ERD15
PF04404	ERF
PF03463	eRF1_1
PF03464	eRF1_2
PF03465	eRF1_3
PF10256	Erf4
PF03694	Erg28
PF29076	ERG29_C
PF31150	ERG29_N
PF04622	ERG2_Sigma1R
PF01222	ERG4_ERG24
PF13850	ERGIC_N
PF28319	ERICH1_C
PF15002	ERK-JNK_inhib
PF29888	ERLN
PF06308	ErmC
PF20491	Ermin
PF22249	ERMP1-TM
PF22248	ERMP1_C
PF00769	ERM_C
PF20492	ERM_helical
PF04137	ERO1
PF07749	ERp29
PF07912	ERp29_N
PF06780	Erp_C
PF04148	Erv26
PF06722	EryCIII-like_C
PF21036	EryCIII-like_N
PF09277	Erythro-docking
PF06795	Erythrovirus_X
PF05139	Erythro_esteras
PF16915	Eryth_link_C
PF08051	Ery_res_leader1
PF08057	Ery_res_leader2
PF00810	ER_lumen_recept
PF29714	ES15
PF09751	Es2
PF27280	EsaA_helical
PF03238	ESAG1
PF28026	ESAT6-like
PF05871	ESCRT-II
PF18209	ESF1
PF27577	ESF2_C
PF15952	ESM4
PF16590	ESP
PF03433	EspA
PF18879	EspA_EspE
PF18625	EspB_PE
PF21856	EspB_PPE
PF04806	EspF
PF06872	EspG
PF27215	EspK_C
PF13018	ESPR
PF12743	ESR1_C
PF10661	EssA
PF10183	ESSS
PF10374	EST1
PF22695	EST1-like_DNA_bind
PF10373	EST1_DNA_bind
PF18435	EstA_Ig_like
PF00756	Esterase
PF10503	Esterase_PHB
PF19114	EsV_1_7_cys
PF14011	ESX-1_EspG
PF26323	EsxC
PF01684	ET
PF15350	ETAA1
PF04716	ETC_C1_NDUFA5
PF29303	ETD
PF20162	Etd1
PF01012	ETF
PF26311	ETF-QO_FixC_C
PF21162	ETFQO_UQ-bd
PF00766	ETF_alpha
PF07110	EthD
PF21313	EthR_C
PF17577	ETM
PF06670	Etmic-2
PF30484	ETO1_C
PF30481	ETO1_N
PF25487	ETR1_N
PF09716	ETRAMP
PF00178	Ets
PF19525	Ets1_N_flank
PF04621	ETS_PEA3_N
PF03318	ETX_MTX2
PF21208	euk_SelB_III
PF05842	Euplotes_phero
PF06937	EURL
PF06277	EutA
PF06751	EutB
PF05985	EutC
PF04346	EutH
PF16365	EutK_C
PF03319	EutN_CcmL
PF06249	EutQ
PF30419	EutT_N
PF19429	EVA_Class_A
PF12297	EVC2_like
PF28141	EVC_C
PF28139	EVC_N
PF01878	EVE
PF18270	Evf
PF22972	EVH1_PP4R3
PF05399	EVI2A
PF27913	EVI2B
PF27580	EVI5
PF04777	Evr1_Alr
PF30776	EvrA_C
PF02472	ExbD
PF07825	Exc
PF05901	Excalibur
PF27689	Exclusion-determining_protein
PF28394	Exg3_C
PF09810	Exo5
PF03081	Exo70_C
PF20669	Exo70_N
PF16528	Exo84_C
PF27696	EXO84_helical
PF20651	EXOC6_Sec15_N
PF06055	ExoD
PF18026	Exog_C
PF26016	ExoI_C
PF08411	ExoI_SH3
PF06630	Exonuc_VIII
PF02601	Exonuc_VII_L
PF02609	Exonuc_VII_S
PF28781	Exophilin5_N
PF18559	Exop_C
PF10447	EXOSC1
PF09721	Exosortase_EpsH
PF03016	Exostosin_GT47
PF09101	Exotox-A_bind
PF09009	Exotox-A_cataly
PF09102	Exotox-A_target
PF20983	ExoU_C
PF20848	ExoU_mid_dom
PF20600	ExoX-like_C
PF03372	Exo_endo_phos
PF22669	Exo_endo_phos2
PF14529	Exo_endo_phos_2
PF19580	Exo_endo_phos_3
PF23226	Exo_endo_phos_PGAP2IP
PF30011	EXP1
PF01357	Expansin_C
PF29329	Expansin_C_term
PF29344	Expansin_middle
PF29515	Expansin_N
PF22514	EXPB1_D1
PF19273	Exportin-5
PF19282	Exportin-T
PF03124	EXS
PF22200	ExsA_N
PF16806	ExsD
PF20905	ExsD_C
PF20904	ExsD_M
PF06904	Extensin-like_C
PF02095	Extensin_1
PF04554	Extensin_2
PF22123	Exu_RNase_H_like
PF21509	Ezh2-like__CXC_fung
PF21358	Ezh2_MCSS
PF18600	Ezh2_MCSS_fung
PF18601	EZH2_N
PF11616	EZH2_WD-Binding
PF06160	EzrA
PF20431	E_motif
PF06752	E_Pc_C
PF06360	E_raikovi_mat
PF30345	E_spl_m6
PF09645	F-112
PF01267	F-actin_cap_A
PF00646	F-box
PF12937	F-box-like
PF13013	F-box-like_2
PF15966	F-box_4
PF18511	F-box_5
PF29466	F-box_COS111
PF13799	F-ENAs
PF00469	F-protein
PF29385	F07F6_C
PF29388	F07F6_middle
PF29396	F07F6_N
PF30122	F10E9_2_C
PF30124	F10E9_2_M
PF27988	F10E9_3-like
PF29478	F10E9_4_C
PF29479	F10E9_4_N
PF29119	F13C5_C
PF29132	F13C5_N
PF29024	F15G9_middle
PF29023	F15G9_N
PF10791	F1F0-ATPsyn_F
PF28969	F22D3_4_C
PF28941	F22D3_4_N
PF29666	F26C11_3_C
PF29659	F26C11_3_mid
PF29667	F26C11_3_N
PF25883	F28H7_8_C
PF29541	F36G3_C
PF29543	F36G3_coil
PF29861	F37A46
PF04075	F420H2_quin_red
PF01996	F420_ligase
PF03807	F420_oxidored
PF29663	F44E2_9
PF28966	F46C5_2
PF29806	F46C5_7
PF29956	F54C8_6
PF24469	F54D1_6_C
PF29366	F54H12_4
PF29099	F55H2_N
PF29930	F59B10
PF28839	F59B103_C
PF28864	F59B10_3_N
PF29836	F59B10_C
PF00754	F5_F8_type_C
PF22633	F5_F8_type_C_2
PF08736	FA
PF28700	FaAP_C
PF28698	FaAP_N
PF01557	FAA_hydrolase
PF09298	FAA_hydrolase_N
PF18288	FAA_hydro_N_2
PF07977	FabA
PF21607	FabD_helical_ins
PF22046	FabMG
PF14826	FACT-Spt16_Nlob
PF21688	FAD-depend_C
PF02913	FAD-oxidase_C
PF12318	FAD-SLDH
PF09403	FadA
PF07840	FadR_C
PF22607	FAD_binding-like
PF00667	FAD_binding_1
PF00890	FAD_binding_2
PF01494	FAD_binding_3
PF01565	FAD_binding_4
PF00941	FAD_binding_5
PF00970	FAD_binding_6
PF03441	FAD_binding_7
PF08022	FAD_binding_8
PF08021	FAD_binding_9
PF12831	FAD_oxidored
PF18371	FAD_SOX
PF06574	FAD_syn
PF08714	Fae
PF08392	FAE1_CUT1_RppA
PF04703	FaeA
PF11250	FAF
PF21021	FAF1
PF29179	FAF1_N
PF06905	FAIM1
PF04385	FAINT
PF13684	FakA-like_C
PF21645	FakA-like_M
PF24159	FAKV_Clamp
PF15068	FAM101
PF15434	FAM104
PF14160	FAM110_C
PF14161	FAM110_N
PF26749	FAM111_N
PF15388	FAM117
PF27242	FAM120A
PF15067	FAM124
PF15010	FAM131
PF30675	FAM133
PF26116	FAM13A
PF15722	FAM153
PF10595	FAM161A_B
PF29577	FAM161_N
PF15069	FAM163
PF14981	FAM165
PF11652	FAM167
PF20771	FAM171A1-2-B_C
PF10577	FAM171A1-2-B_N
PF14851	FAM176
PF14774	FAM177
PF15173	FAM180
PF14886	FAM183
PF15665	FAM184
PF20865	FAM186A-B_C
PF20870	FAM186A-B_N
PF20869	FAM186A_PQQAQ
PF10187	FAM192A_Fyv6_N
PF27002	FAM193A_N
PF15914	FAM193_C
PF14977	FAM194
PF14799	FAM195
PF15265	FAM196
PF15051	FAM198
PF15814	FAM199X
PF27046	FAM200-GTF2IRD2-like
PF27073	FAM200-ZBED5_RNase-like
PF15206	FAM209
PF06702	Fam20C
PF06916	FAM210A-B_dom
PF15342	FAM212
PF15107	FAM216B
PF15344	FAM217
PF15260	FAM219A
PF15487	FAM220
PF14753	FAM221
PF15258	FAM222A
PF28229	FAM228
PF27929	FAM237B_N
PF30537	FAM237_M
PF15193	FAM24
PF27680	FAM240
PF15825	FAM25
PF15832	FAM27
PF08555	FAM32A
PF14642	FAM47
PF15242	FAM53
PF15396	FAM60A
PF14967	FAM70
PF14650	FAM75
PF16046	FAM76
PF28217	FAM81B
PF14904	FAM86
PF14648	FAM91_C
PF14647	FAM91_N
PF06730	FAM92
PF21315	FAN1_HTH
PF21169	Fan1_SAP
PF21170	FAN1_TPR
PF15146	FANCAA
PF24783	FANCA_arcN
PF03511	FANCA_CTD
PF24781	FANCA_helical
PF15751	FANCA_interact
PF28318	FANCB_C
PF28312	FANCB_middle
PF28327	FANCB_N
PF14631	FancD2
PF15124	FANCD2OS
PF11107	FANCF
PF28330	FANCG_N
PF14679	FANCI_HD1
PF14680	FANCI_HD2
PF14675	FANCI_S1
PF14674	FANCI_S1-cap
PF14676	FANCI_S2
PF14677	FANCI_S3
PF14678	FANCI_S4
PF11793	FANCL_C
PF09765	FANCL_d1
PF18890	FANCL_d2
PF18891	FANCL_d3
PF16783	FANCM-MHF_bd
PF15865	Fanconi_A_N
PF02106	Fanconi_C
PF18081	FANC_SAP
PF16350	FAO_M
PF07174	FAP
PF12018	FAP206
PF22071	FAP42_B2
PF22072	FAP42_B3
PF03961	FapA
PF29617	FapA_amyloid
PF20250	FapA_N
PF27129	FapBC
PF01149	Fapy_DNA_glyco
PF21025	Fapy_DNA_glyco_C
PF04750	Far-17a_AIG1
PF03101	FAR1
PF29549	FAR1_C
PF29452	FAR1_N
PF30001	FAR3
PF01581	FARP
PF29922	FARP_C
PF08354	Fas1-AflB-like_hel
PF13452	FAS1_DH_region
PF22235	FAS1_thioest_ins
PF02469	Fasciclin
PF06268	Fascin
PF06743	FAST_1
PF08368	FAST_2
PF18325	Fas_alpha_ACP
PF22690	FAS_AT_central
PF18314	FAS_I_H
PF17951	FAS_meander
PF17828	FAS_N
PF21149	FAS_pseudo-KR
PF02259	FAT
PF02260	FATC
PF29163	FAU
PF19333	FAXC_N
PF23404	FAZ1_C
PF23398	FAZ1_cons
PF00487	FA_desaturase
PF03405	FA_desaturase_2
PF11510	FA_FANCE
PF04116	FA_hydroxylase
PF02504	FA_synthesis
PF04300	FBA
PF07734	FBA_1
PF07735	FBA_2
PF08268	FBA_3
PF08387	FBD
PF21007	FBF1
PF19270	FBO_C
PF00316	FBPase
PF06874	FBPase_2
PF01950	FBPase_3
PF18913	FBPase_C
PF03320	FBPase_glpX
PF22443	FbpC-like_RD
PF17845	FbpC_C_terminal
PF16571	FBP_C
PF27582	FBXO25_C
PF27576	FBXO32_helical
PF28485	FBXO43_helical
PF07367	FB_lectin
PF22592	FCaBP_EF-hand
PF07729	FCD
PF04900	Fcf1
PF08698	Fcf2
PF00611	FCH
PF10862	FcoT
PF09309	FCP1_C
PF28850	Fcp3C_C
PF28277	FcpA
PF28294	FcpB
PF09242	FCSD-flav_bind
PF21706	FCSD_central
PF12892	FctA
PF15215	FDC-SP
PF09532	FDF
PF02634	FdhD-NarQ
PF24860	FdhE_C
PF24859	FdhE_central
PF04216	FdhE_N
PF11390	FdsD
PF05523	FdtA
PF03147	FDX-ACB
PF29164	FD_BcsB_1st
PF29166	FD_BcsB_2nd
PF00465	Fe-ADH
PF13685	Fe-ADH_2
PF04384	Fe-S_assembly
PF01521	Fe-S_biosyn
PF07692	Fea1
PF01032	FecCD
PF04773	FecR
PF16344	FecR_C
PF21926	FeeM
PF09252	Feld-I_B
PF02388	FemAB
PF04339	FemAB_like
PF28874	Fend_C
PF28845	Fend_N
PF04023	FeoA
PF12669	FeoB_associated
PF07664	FeoB_C
PF17910	FeoB_Cyto
PF02421	FeoB_N
PF09012	FeoC
PF00111	Fer2
PF01799	Fer2_2
PF13085	Fer2_3
PF13510	Fer2_4
PF04324	Fer2_BFD
PF00037	Fer4
PF13237	Fer4_10
PF13247	Fer4_11
PF13353	Fer4_12
PF13370	Fer4_13
PF13459	Fer4_15
PF13484	Fer4_16
PF13534	Fer4_17
PF13746	Fer4_18
PF06902	Fer4_19
PF12797	Fer4_2
PF14691	Fer4_20
PF14697	Fer4_21
PF17179	Fer4_22
PF18009	Fer4_23
PF18109	Fer4_24
PF12798	Fer4_3
PF12800	Fer4_4
PF12801	Fer4_5
PF12837	Fer4_6
PF12838	Fer4_7
PF13183	Fer4_8
PF13187	Fer4_9
PF05187	Fer4_ETF_QO
PF22151	Fer4_NDSU1
PF00142	Fer4_NifH
PF22117	Fer4_Nqo3
PF04068	Fer4_RLI
PF08165	FerA
PF08150	FerB
PF08151	FerI
PF16165	Ferlin_C
PF09380	FERM_C
PF21998	FERM_C1_MyoVII
PF21477	FERM_C_FAK1
PF16511	FERM_f0
PF18379	FERM_F1
PF18377	FERM_F2
PF00373	FERM_M
PF09379	FERM_N
PF18038	FERM_N_2
PF16947	Ferredoxin_N
PF01794	Ferric_reduct
PF00210	Ferritin
PF12902	Ferritin-like
PF13668	Ferritin_2
PF26021	Ferritin_C144_05
PF13794	Ferritin_fold-like
PF00762	Ferrochelatase
PF22148	Fervidolysin_NPro-like
PF22349	Fervidolysin_SD2
PF04060	FeS
PF08609	Fes1
PF01883	FeS_assembly_P
PF30664	FeS_hyd_N
PF02941	FeThRed_A
PF02943	FeThRed_B
PF07763	FEZ
PF06818	Fez1
PF05996	Fe_bilin_red
PF01325	Fe_dep_repress
PF02742	Fe_dep_repr_C
PF22609	Fe_hydrogense_Fe-S_bd
PF02906	Fe_hyd_lg_C
PF02256	Fe_hyd_SSU
PF01846	FF
PF26803	FF_fungal
PF25432	FF_PRPF40A
PF23083	FF_RHG35_4th
PF26804	FF_URN1
PF01839	FG-GAP
PF14312	FG-GAP_2
PF13517	FG-GAP_3
PF28049	FGAM_small_mem
PF18072	FGAR-AT_linker
PF18076	FGAR-AT_N
PF22689	FGAR-AT_PurM_N-like
PF05013	FGase
PF03781	FGE-sulfatase
PF00167	FGF
PF06473	FGF-BP1
PF21165	FGFR3_TM
PF02782	FGGY_C
PF21546	FGGY_C_2
PF00370	FGGY_N
PF29044	FGR15_N
PF28695	FGSG_10745
PF02181	FH2
PF24959	FH3_FHOD1-3
PF00498	FHA
PF31130	FHA2_C
PF12401	FhaA_N
PF17913	FHA_2
PF20813	FhbB
PF08794	FHBP_C
PF20937	FHBP_N
PF00771	FHIPEP
PF06276	FhuF
PF11575	FhuF_C
PF30962	FHY1
PF20820	Fib-H_N
PF21583	Fiber_head_BAdV-4
PF15819	Fibin
PF24532	FIBL-2
PF05427	FIBP
PF22183	Fibre_HD
PF01269	Fibrillarin
PF10113	Fibrillarin_2
PF18193	Fibrillin_U_N
PF12160	Fibrinogen_aC
PF08017	Fibrinogen_BP
PF00147	Fibrinogen_C
PF07921	Fibritin_C
PF07294	Fibroin_P25
PF27848	FibroRuminTarg
PF22914	Fibulin_C
PF08702	Fib_alpha
PF09603	Fib_succ_major
PF02661	Fic
PF21247	Fic-like_C
PF13784	Fic_N
PF26689	FIDD
PF15941	FidL_like
PF12351	Fig1
PF24347	FIGL1_N
PF13553	FIIND
PF06837	Fijivirus_P9-2
PF05880	Fiji_64_capsid
PF03516	Filaggrin
PF00038	Filament
PF04732	Filament_head
PF00630	Filamin
PF22881	FilE_C
PF01611	Filo_glycop
PF06389	Filo_VP24
PF02097	Filo_VP35
PF08350	FilR1_middle
PF31122	FilR1_N
PF05594	Fil_haemagg
PF13332	Fil_haemagg_2
PF09222	Fim-adh_lectin
PF21489	Fim1C-like_C
PF22449	Fim1F_C
PF16970	FimA
PF21514	FimA-like_C
PF22492	FimA4_C
PF22888	FIMAH
PF27166	FimB
PF00419	Fimbrial
PF04449	Fimbrial_CS1
PF02432	Fimbrial_K88
PF14481	Fimbrial_PilY2
PF15495	Fimbrillin_C
PF26306	FimD_3rd
PF27397	FimE_C
PF30255	FimE_mid
PF09160	FimH_man-bind
PF26379	FimL_2nd
PF27543	FimL_C
PF25629	Fimo_NCAP
PF17672	FIMP
PF25800	FimV_N
PF27125	FimW_C
PF29489	FimW_M
PF27104	FimW_N
PF10955	Fin
PF17300	FIN1
PF12602	FinO_N
PF05182	Fip1
PF14853	Fis1_TPR_C
PF14852	Fis1_TPR_N
PF14484	FISNA
PF08495	FIST
PF10442	FIST_C
PF27465	Fis_N
PF10261	FIT
PF17357	FIT1_2
PF22513	FitA-like_RHH
PF07554	FIVAR
PF11614	FixG_C
PF05751	FixH
PF02433	FixO
PF14715	FixP_N
PF05545	FixQ
PF03597	FixS
PF28411	FJX1_middle
PF29263	FJX_N
PF21211	FkbH_N
PF21168	FkbO_Hyg5-like_N
PF22498	FKBP-like_N
PF28537	FKBP-like_TF
PF23649	FKBP15
PF18046	FKBP26_C
PF22199	FKBP26_IF
PF00254	FKBP_C
PF01346	FKBP_N
PF18023	FKBP_N_2
PF22921	FKRP_N
PF14288	FKS1_dom1
PF23605	FKS1_dom2
PF19737	FKTN_N
PF04620	FlaA
PF05377	FlaC_arch
PF24102	FLAD1_M
PF27198	FlaEY_3rd
PF30562	FlaEY_N
PF07309	FlaF
PF22201	FlaF_Ig-like
PF03646	FlaG
PF03614	Flag1_repress
PF12611	Flagellar_put
PF05149	Flagellar_rod
PF01917	Flagellin_arch-type
PF00700	Flagellin_C
PF08884	Flagellin_D3
PF07196	Flagellin_IN
PF00669	Flagellin_N
PF01613	Flavin_Reduct
PF01003	Flavi_capsid
PF07652	Flavi_DEAD
PF21659	Flavi_E_stem
PF00869	Flavi_glycoprot
PF02832	Flavi_glycop_C
PF01004	Flavi_M
PF00948	Flavi_NS1
PF01005	Flavi_NS2A
PF01002	Flavi_NS2B
PF01350	Flavi_NS4A
PF01349	Flavi_NS4B
PF00972	Flavi_NS5
PF20483	Flavi_NS5_thumb
PF01570	Flavi_propep
PF00258	Flavodoxin_1
PF02525	Flavodoxin_2
PF12641	Flavodoxin_3
PF12682	Flavodoxin_4
PF12724	Flavodoxin_5
PF07972	Flavodoxin_NdrI
PF01687	Flavokinase
PF02441	Flavoprotein
PF20907	Flav_NS3-hel_C
PF06289	FlbD
PF07378	FlbT
PF29214	FlcC_C
PF29213	FlcC_N
PF06490	FleQ
PF00286	Flexi_CP
PF08358	Flexi_CP_N
PF22438	FlgA_HD-like
PF21610	FlgA_N
PF03963	FlgD
PF13860	FlgD_ig
PF13861	FLgD_tudor
PF22367	FlgE_3rd
PF07559	FlgE_D2
PF21464	flgE_D3
PF02107	FlgH
PF02119	FlgI
PF21158	flgK_1st_1
PF21159	FlgK_2nd
PF22638	FlgK_D1
PF04316	FlgM
PF05130	FlgN
PF17680	FlgO
PF16538	FlgT_C
PF16539	FlgT_M
PF16548	FlgT_N
PF06429	Flg_bbr_C
PF00460	Flg_bb_rod
PF02120	Flg_hook
PF09479	Flg_new
PF18998	Flg_new_2
PF05280	FlhC
PF05247	FlhD
PF06366	FlhE
PF29197	FlhF_2nd
PF22510	FlhF_N
PF27117	FliB_C
PF12445	FliC
PF22370	FliC-like_3rd
PF21504	FLIC_barrel
PF12613	FliC_D2
PF07195	FliD_C
PF02465	FliD_N
PF02049	FliE
PF29189	FliF_N
PF28577	Flightin_C
PF28622	Flightin_N
PF01706	FliG_C
PF14841	FliG_M
PF14842	FliG_N
PF02108	FliH
PF02050	FliJ
PF03748	FliL
PF10306	FLILHELTA
PF02154	FliM
PF01052	FliMN_C
PF26304	FliMN_C_rel
PF16973	FliN_N
PF04347	FliO
PF00813	FliP
PF02561	FliS
PF16522	FliS_cochap
PF05400	FliT
PF02623	FliW
PF10768	FliX
PF29625	FliZ_N
PF28302	FLJ43738_C
PF28322	FLJ43738_N
PF22636	FlK
PF27202	Flk_N
PF29946	FlmR_OhkR
PF12640	FlmR_OhkR_N
PF10182	Flo11
PF12127	FloA
PF00624	Flocculin
PF13928	Flocculin_t3
PF15975	Flot
PF16982	Flp1_like
PF30100	FLP21
PF30190	FLP26
PF02662	FlpD
PF29368	FLP_27
PF05202	Flp_C
PF04964	Flp_Fap
PF03930	Flp_N
PF24686	FLQE3_permease
PF02947	Flt3_lig
PF17891	FluMu_N
PF04772	Flu_B_M2
PF02942	Flu_B_NS1
PF03506	Flu_C_NS1
PF03555	Flu_C_NS2
PF00598	Flu_M1
PF08289	Flu_M1_C
PF00599	Flu_M2
PF00506	Flu_NP
PF00600	Flu_NS1
PF00601	Flu_NS2
PF00603	Flu_PA
PF00602	Flu_PB1
PF20947	Flu_PB2_1st
PF20948	Flu_PB2_2nd
PF20949	Flu_PB2_3rd
PF20950	Flu_PB2_4th
PF00604	Flu_PB2_5th
PF20951	Flu_PB2_6th
PF20952	Flu_PB2_7th
PF14282	FlxA
PF04500	FLYWCH
PF15423	FLYWCH_N
PF16662	FLYWCH_u
PF03069	FmdA_AmdA
PF02663	FmdE
PF09766	FmiP_Thoc5
PF26728	FMNK-like_N
PF04205	FMN_bind
PF04299	FMN_bind_2
PF01070	FMN_dh
PF03358	FMN_red
PF00743	FMO-like
PF17315	FMP23
PF30349	FMP33
PF29159	FMR1NB_C
PF07091	FmrO
PF24329	FN-plug_TEN1-4
PF00039	fn1
PF25960	Fn1-VW_OTOGL
PF23003	Fn1_2
PF25868	Fn1_3
PF00040	fn2
PF00041	fn3
PF24171	Fn3-III_PB4
PF24170	Fn3-II_PB4
PF24169	Fn3-I_PB4
PF14310	Fn3-like
PF16893	fn3_2
PF14686	fn3_3
PF16794	fn3_4
PF06280	fn3_5
PF17766	fn3_6
PF18447	FN3_7
PF23374	Fn3_arc
PF13287	Fn3_assoc
PF24942	Fn3_Dep-1_1st
PF24943	Fn3_Dep-1_2nd
PF25300	Fn3_Dep-1_3rd
PF24946	Fn3_Dep-1_4th
PF24940	Fn3_Dep-1_5th
PF24950	Fn3_Dep-1_6th
PF25059	FN3_DSCAM-DSCAML_C
PF22986	Fn3_ELFN
PF26765	Fn3_FA
PF24031	FN3_IL27B_N
PF24221	Fn3_nematode
PF17808	fn3_PAP
PF31255	Fn3_PBP1
PF23144	Fn3_PTPRU
PF26586	Fn3_R-PTP-O
PF28033	Fn3_ROS1
PF26232	Fn3_RsgI4
PF25832	Fn3_SaeA_2nd
PF25833	Fn3_SaeA_3rd
PF25834	Fn3_SaeA_4th
PF25835	Fn3_SaeA_5th
PF25836	Fn3_SaeA_6th
PF25814	fn3_SORL1
PF23008	FN3_Tor_3rd
PF23376	Fn3_VIN3
PF17742	Fndc10
PF30893	FNDC3_N
PF28127	FNDC9_C
PF24424	FNG
PF24801	FNIII-A_GpJ
PF05725	FNIP
PF14638	FNIP_C
PF14637	FNIP_M
PF14636	FNIP_N
PF25028	FnI_RECK
PF02986	Fn_bind
PF03274	Foamy_BEL
PF03408	Foamy_virus_ENV
PF11229	Focadhesin
PF03623	Focal_AT
PF21182	FOG1-like_PR
PF15888	FOG_N
PF11817	Foie-gras_1
PF09254	FokI_cleav_dom
PF02981	FokI_D1
PF16902	FokI_D3
PF02980	FokI_dom_2
PF27239	FOL3_C
PF01770	Folate_carrier
PF03024	Folate_rec
PF02152	FolB
PF11704	Folliculin
PF16692	Folliculin_C
PF09289	FOLN
PF09398	FOP_dimer
PF13865	FoP_duplication
PF21573	ForC_N
PF00250	Forkhead
PF08430	Forkhead_N
PF09163	Form-deh_trans
PF18382	Formin_GBD_N
PF02911	Formyl_trans_C
PF21553	Formyl_trans_C_2
PF00551	Formyl_trans_N
PF01226	Form_Nir_trans
PF28250	Four_helix_put
PF12414	Fox-1_C
PF16676	FOXO-TAD
PF16675	FOXO_KIX_bdg
PF16159	FOXP-CC
PF21218	Fpg-like_C
PF09758	FPL
PF06963	FPN1
PF10621	FpoO
PF05911	FPP
PF16104	FPRL1_inhibitor
PF17614	FPV060
PF08445	FR47
PF09725	Fra10Ac1
PF24301	FraC
PF10277	Frag1
PF16376	fragilysinNterm
PF05994	FragX_IP
PF14407	Frankia_peptide
PF01491	Frataxin_Cyay
PF08771	FRB_dom
PF03197	FRD2
PF19309	Frem_N
PF15878	Frey
PF08867	FRG
PF06229	FRG1
PF15315	FRG2
PF04432	FrhB_FdhB_C
PF04422	FrhB_FdhB_N
PF07899	Frigida
PF02434	Fringe
PF01534	Frizzled
PF18032	FRP
PF06901	FrpC
PF09421	FRQ
PF06500	FrsA-like
PF11768	Frtz
PF03881	Fructosamin_kin
PF30457	FrvR_3rd
PF30456	FrvR_4th
PF19421	Fry_C
PF28493	fs1K10_C
PF29178	Fs1Ya_N
PF15375	FSAF1
PF03032	FSAP_sig_propep
PF03959	FSH1
PF15554	FSIP1
PF15783	FSIP2
PF29739	FslL_N
PF28036	FspA
PF21333	FST_N
PF13955	Fst_toxin
PF28161	Fsx1
PF13095	FTA2
PF13093	FTA4
PF02971	FTCD
PF04961	FTCD_C
PF07837	FTCD_N
PF01827	FTH
PF01268	FTHFS
PF12934	FTO_CTD
PF12933	FTO_NTD
PF07504	FTP
PF01913	FTR
PF03239	FTR1
PF30769	FTR1_4HB
PF30770	FTR1_N
PF10080	FtrD-like
PF02741	FTR_C
PF14450	FtsA
PF11983	FtsA_C
PF06480	FtsH_ext
PF01728	FtsJ
PF13491	FtsK_4TM
PF17854	FtsK_alpha
PF09397	FtsK_gamma
PF01580	FtsK_SpoIIIE
PF12538	FtsK_SpoIIIE_N
PF04999	FtsL
PF19579	FtsL_2
PF03799	FtsQ_DivIB_C
PF28809	FtsQ_DivIB_C_rel
PF01098	FTSW_RODA_SPOVE
PF02687	FtsX
PF18075	FtsX_ECD
PF12327	FtsZ_C
PF28909	FtsZ_C_2
PF03867	FTZ
PF09005	FUBP_C
PF02952	Fucose_iso_C
PF07881	Fucose_iso_N1
PF07882	Fucose_iso_N2
PF07959	Fucose_pyrophosphorylase
PF16757	Fucosidase_C
PF18025	FucT_N
PF31143	Fuc_iso_N
PF10415	FumaraseC_C
PF02300	Fumarate_red_C
PF02313	Fumarate_red_D
PF03630	Fumble
PF05681	Fumerase
PF05683	Fumerase_C
PF04930	FUN14
PF16797	Fungal_KA1
PF07938	Fungal_lectin
PF18647	Fungal_lectin_2
PF12709	Fungal_TACC
PF04082	Fungal_trans
PF11951	Fungal_trans_2
PF31024	Fungal_trans_C
PF22144	Fungal_virus_P2_C
PF21685	Fungal_virus_P2_N
PF10917	Fungus-induced
PF20684	Fung_rhodopsin
PF30996	FunZ_C
PF05933	Fun_ATP-synt_8
PF01475	FUR
PF00757	Furin-like
PF15913	Furin-like_2
PF13076	Fur_reg_FbpA
PF13040	Fur_reg_FbpB
PF04632	FUSC
PF12805	FUSC-like
PF13515	FUSC_2
PF15993	Fuseless
PF25632	Fusello_VP2_Capsid
PF13044	Fusion_F0
PF00523	Fusion_gly
PF01621	Fusion_gly_K
PF19745	FUT8_N_cat
PF19036	Fuz_longin_1
PF19037	Fuz_longin_2
PF19038	Fuz_longin_3
PF28942	Fv1_N
PF09259	Fve
PF20011	fvmJAB_N
PF20007	fvmRadSAM-pep
PF19998	fvmX1
PF20000	fvmX2
PF19999	fvmX3
PF20002	fvmX3-analog
PF20003	fvmX5
PF20004	fvmX6
PF20005	fvmX7
PF20006	fvmYukDl_N
PF25658	FV_peptidase
PF14922	FWWh
PF14670	FXa_inhibition
PF12235	FXMRP1_C_core
PF16098	FXMR_C2
PF16096	FXR_C1
PF16097	FXR_C3
PF04186	FxsA
PF27839	FxSxx-COOH
PF10154	Fy-3
PF09538	FYDLN_acid
PF05965	FYRC
PF05964	FYRN
PF07078	FYTT
PF27837	Fyv8
PF01363	FYVE
PF02318	FYVE_2
PF21272	FYVE_CARP1-2
PF01392	Fz
PF04799	Fzo_mitofusin
PF23298	FZ_RECK
PF29575	Fz_Smo_sans_CRD_N
PF08919	F_actin_bind
PF18060	F_actin_bund_C
PF01115	F_actin_cap_B
PF01116	F_bP_aldolase
PF06986	F_T4SS_TraN
PF00503	G-alpha
PF00631	G-gamma
PF01585	G-patch
PF12656	G-patch_2
PF15103	G0-G1_switch_2
PF24182	G1RFP
PF20881	G1_gp67_C
PF20880	G1_gp67_N
PF18442	G2BR
PF07474	G2F
PF05155	G2P_X_C
PF27049	G39P_C
PF11417	G39P_N
PF02660	G3P_acyltransf
PF04309	G3P_antiterm
PF21443	G3P_pilus-bind
PF07501	G5
PF15096	G6B
PF02781	G6PD_C
PF00479	G6PD_N
PF22245	G7C_C
PF21988	G7C_GBD
PF10162	G8
PF01468	GA
PF17573	GA-like
PF04114	Gaa1
PF19976	GAAD
PF11620	GABP-alpha
PF02938	GAD
PF08887	GAD-like
PF25705	Gad1
PF26128	Gad2
PF30453	GadE_N
PF30441	GadX_N
PF23304	GAE_BBS1
PF01590	GAF
PF13185	GAF_2
PF13492	GAF_3
PF30393	GAF_EFCB5_1st
PF30396	GAF_EFCB5_2nd
PF22922	GAF_NLP
PF12282	GAF_PdtaS
PF13975	gag-asp_proteas
PF09237	GAGA
PF06217	GAGA_bind
PF16828	GAGBD
PF05831	GAGE
PF20672	Gag_FV_central
PF01140	Gag_MA
PF30021	Gag_N
PF02337	Gag_p10
PF01141	Gag_p12
PF08723	Gag_p15
PF00540	Gag_p17
PF02228	Gag_p19
PF00607	Gag_p24
PF19317	Gag_p24_C
PF02093	Gag_p30
PF08705	Gag_p6
PF13976	gag_pre-integrs
PF20673	Gag_spuma_C
PF03276	Gag_spuma_N
PF16489	GAIN
PF18619	GAIN_A
PF26588	GAIN_ADGRA3
PF26574	GAIN_ADGRG2
PF06990	Gal-3-0_sulfotr
PF00337	Gal-bind_lectin
PF18535	Gal11_ABD1
PF30530	GAL11_C
PF03902	Gal4_dimer
PF22685	Gal80p_C-like
PF01762	Galactosyl_T
PF01296	Galanin
PF24748	Galaxin_repeat
PF22676	GalA_N
PF17974	GalBD_like
PF10509	GalKase_gal_bdg
PF02052	Gallidermin
PF01087	GalP_UDP_transf
PF02744	GalP_UDP_tr_C
PF17337	Gal_GalNac_35kD
PF13802	Gal_mutarotas_2
PF18080	Gal_mutarotas_3
PF06064	Gam
PF28165	GamL
PF00304	Gamma-thionin
PF28366	GAMMACA1_C
PF05908	Gamma_PGA_hydro
PF20052	GAP1-C
PF20014	GAP1-M
PF20012	GAP1-N1
PF20013	GAP1-N2
PF29346	GAP45
PF17155	GAPES1
PF17156	GAPES2
PF17154	GAPES3
PF17157	GAPES4
PF10073	GapR_DNA-bd
PF26110	GAPS4b_N
PF11770	GAPT
PF04410	Gar1
PF12480	GARIL_Rab2_bd
PF16731	GARP
PF01071	GARS_A
PF02843	GARS_C
PF02844	GARS_N
PF13851	GAS
PF02187	GAS2
PF02704	GASA
PF04598	Gasdermin
PF17708	Gasdermin_C
PF27061	Gasdermin_protease
PF19994	GASH
PF00918	Gastrin
PF00741	Gas_vesicle
PF01304	Gas_vesicle_C
PF03127	GAT
PF00320	GATA
PF05349	GATA-N
PF00117	GATase
PF07090	GATase1_like
PF00310	GATase_2
PF07685	GATase_3
PF13230	GATase_4
PF13507	GATase_5
PF13522	GATase_6
PF13537	GATase_7
PF08550	GATA_AreA
PF02934	GatB_N
PF02637	GatB_Yqey
PF02686	GatC
PF18195	GatD_N
PF07670	Gate
PF20977	GatF
PF08013	GatZ_KbaZ-like
PF25557	GAUT_1
PF22775	GA_3
PF04572	Gb3_synth
PF06155	GBBH-like_N
PF25527	GBD-like_ZMIZ1_ZMIZ2
PF24972	GBD_ATRN
PF23031	GBD_ELAPOR1
PF23032	GBD_ELAPOR1-like_3rd
PF23560	GBD_Hemicentin
PF23623	GBD_IRG7_N
PF23759	GBD_T9SS_assoc
PF23093	GBD_Tenm3
PF22803	GBD_Y3
PF02263	GBP
PF18416	GbpA_2
PF21868	GbpA_D3
PF08363	GbpC
PF02841	GBP_C
PF02425	GBP_PSP
PF02526	GBP_repeat
PF18455	GBR2_CC
PF17580	GBR_NSP5
PF21426	GBS104-like_Ig
PF27113	GbsR_C
PF08481	GBS_Bsp-like
PF12786	GBV-C_env
PF04189	Gcd10p
PF08704	GCD14
PF22244	GCE_fung
PF07842	GCFC
PF02649	GCHY-1
PF05165	GCH_III
PF20936	GCIP_C
PF13324	GCIP_N
PF07802	GCK
PF03615	GCM
PF12074	Gcn1_N
PF06320	GCN5L1
PF18229	GcnA_N
PF15328	GCOM2
PF20685	GCP5-Mod21_C
PF14609	GCP5-Mod21_N
PF19340	GCP6_N
PF04551	GcpE
PF26540	GcpE_C
PF04130	GCP_C_terminal
PF17681	GCP_N_terminal
PF02155	GCR
PF12550	GCR1_C
PF29705	GCR2_N
PF07750	GcrA
PF03074	GCS
PF04107	GCS2
PF16647	GCSF
PF21478	GcvP2_C
PF01597	GCV_H
PF01571	GCV_T
PF08669	GCV_T_C
PF09694	Gcw_chp
PF01150	GDA1_CD39
PF02347	GDC-P
PF06202	GDE_C
PF12439	GDE_N
PF14742	GDE_N_bis
PF27967	GDF5OS
PF23147	GDH2_N
PF23152	GDH_2nd
PF21075	GDH_ACT1
PF21076	GDH_ACT2
PF21077	GDH_ACT3
PF21074	GDH_C
PF21073	GDH_HM1
PF21079	GDH_HM2
PF21078	GDH_HM3
PF00996	GDI
PF02351	GDNF
PF03009	GDPD
PF13653	GDPD_2
PF26216	GDPGP1_C
PF26217	GDPGP1_N
PF16363	GDP_Man_Dehyd
PF01169	GDT1
PF27655	GDU_TM
PF14345	GDYXXLXY
PF20629	GD_AH_C
PF04295	GD_AH_second
PF16030	GD_N
PF16529	Ge1_WD40
PF22757	GeBP-like_C
PF04504	GeBP-like_DBD
PF02212	GED
PF00626	Gelsolin
PF28893	Gem4_1st_TPR
PF28855	Gem4_C
PF28851	Gem4_N
PF28853	Gem4_second_TPR
PF06252	GemA
PF23777	GEMI5_RBS
PF06372	Gemin6
PF20417	Gemin6_C
PF11095	Gemin7
PF15348	GEMIN8
PF07412	Geminin
PF04807	Gemini_AC4_5
PF08464	Gemini_AC4_5_2
PF00799	Gemini_AL1
PF08283	Gemini_AL1_M
PF01440	Gemini_AL2
PF01407	Gemini_AL3
PF00845	Gemini_BL1
PF01492	Gemini_C4
PF00844	Gemini_coat
PF01708	Gemini_mov
PF01524	Gemini_V2
PF18380	GEN1_C
PF02053	Gene66
PF28884	Gen_polyprot_petuvir
PF22861	GEO12453p1-like
PF31140	GEP3_C
PF28564	GEP3_N
PF17053	GEP5
PF29150	GEP7_C
PF03323	GerA
PF17898	GerD
PF00196	GerE
PF10646	Germane
PF10676	gerPA
PF10803	GerPB
PF10737	GerPC
PF10970	GerPE
PF29697	GerT_C
PF27491	GerT_N
PF08690	GET2
PF14963	Get2_like
PF04190	GET4
PF16843	Get5_bdg
PF17183	Get5_C
PF12754	Get5_N
PF05671	GETHR
PF20009	GEVED
PF28974	GEX2
PF28764	GEX3_C
PF04828	GFA
PF17331	GFD1
PF01408	GFO_IDH_MocA
PF02894	GFO_IDH_MocA_C
PF19051	GFO_IDH_MocA_C2
PF22725	GFO_IDH_MocA_C3
PF01353	GFP
PF06399	GFRP
PF30761	GftB-GlyA-F_C
PF14843	GF_recep_IV
PF06094	GGACT
PF18308	GGA_N-GAT
PF00990	GGDEF
PF17853	GGDEF_2
PF24898	GGDEF_GdpP
PF14057	GGGtGRT
PF15685	GGN
PF30380	GGNBP2
PF22578	GGR_cat
PF14410	GH-E
PF21466	GH101_dom-5
PF17995	GH101_N
PF22612	GH113
PF14741	GH114_assoc
PF17829	GH115_C
PF04685	GH116_catalytic
PF31096	GH123_3rd
PF31098	GH123_C
PF13320	GH123_cat
PF19543	GH123_N
PF31097	GH123_TIM
PF18271	GH131_N
PF21231	GH141_M
PF31219	GH149_ins_1
PF31272	GH149_ins_2
PF30275	GH16_PorA-D
PF26113	GH16_XgeA
PF28588	GH172_1st
PF11175	GH172_2nd
PF28589	GH172_dom
PF16141	GH18_BT1044-like
PF03321	GH3
PF16346	GH32_BT1760-like_C
PF23572	GH3_C
PF23571	GH3_M
PF25146	GH3_N_vert
PF16369	GH43_C
PF17851	GH43_C2
PF26410	GH5_mannosidase
PF21910	GH85_C
PF06165	GH94_b-supersand
PF14509	GH97_C
PF14508	GH97_N
PF12772	GHBP
PF17834	GHD
PF02638	GHL10
PF14883	GHL13
PF14885	GHL15
PF14872	GHL5
PF14871	GHL6
PF08544	GHMP_kinases_C
PF00288	GHMP_kinases_N
PF11080	GhoS
PF28585	GH_C
PF28584	GH_cat
PF26108	GH_Mok13
PF30137	GID12_WD40
PF01134	GIDA
PF21680	GIDA_C_1st
PF02527	GidB
PF12483	GIDE
PF13856	Gifsy-2
PF07350	Gig2-like
PF28518	GIGANTEA_C
PF30921	GIGANTEA_M
PF30924	GIGANTEA_N
PF30057	Gigasin_4_helical
PF30142	Gigasin_C
PF30143	Gigasin_M
PF30144	Gigasin_N
PF08388	GIIM
PF24994	GIL1_IRKI_C
PF03227	GILT
PF10764	Gin
PF28137	GINM1_C
PF28134	GINM1_N
PF25865	Gins15_C
PF25864	Gins15_N
PF27418	GINS23_N
PF22090	Gins51_C
PF24793	GINT1_N
PF06972	GIP1_N
PF27836	GIP4
PF25083	GIPC1_GH1
PF25082	GIPC1_GH2
PF30035	GIS3_helical
PF29698	GIS4
PF27827	Git1_2nd
PF12205	GIT1_C
PF27826	Git1_TPR-like_3rd
PF11710	Git3
PF16559	GIT_CC
PF08518	GIT_SHD
PF01541	GIY-YIG
PF30054	GIY-YIG_UvrC
PF20815	GIY_YIG_2
PF26468	GIY_YIG_3
PF19239	GIY_YIG_domain
PF03359	GKAP
PF20741	GKRP-like_C
PF22198	GKRP_SIS_2
PF22645	GKRP_SIS_N
PF00594	Gla
PF10912	Glam1
PF21174	Glce_b_sandwich
PF30652	GlcF_linker
PF11397	GlcNAc
PF18440	GlcNAc-1_reg
PF07221	GlcNAc_2-epim
PF17847	GlcV_C_terminal
PF25594	GldB_lipo
PF19937	GldC-like
PF25593	GldD_lipo
PF14109	GldH_lipo
PF22827	GldL_N
PF12081	GldM_1st
PF21601	GldM_2nd
PF21602	GldM_3rd
PF12080	GldM_4th
PF19841	GldN
PF07817	GLE1
PF28696	Gleo_Verruco
PF10528	GLEYA
PF03275	GLF
PF24929	GlfB_C
PF19320	GlfT2_domain3
PF17994	Glft2_N
PF22019	GlgB_N
PF21702	GLGE_C
PF11896	GlgE_dom_N_S
PF28476	GlgP_C
PF08971	GlgS
PF18390	GlgX_C
PF13016	Gliadin
PF22369	GLMA_2nd
PF22345	GLMA_C
PF15065	GLMP
PF00120	Gln-synt_C
PF18318	Gln-synt_C-ter
PF03951	Gln-synt_N
PF16952	Gln-synt_N_2
PF27444	GlnD_3rd
PF27446	GlnD_5th
PF08335	GlnD_UR_UTase
PF03710	GlnE
PF21695	GlnR_1st
PF15644	Gln_amidase
PF21435	Gln_amidase_like
PF18626	Gln_deamidase_2
PF00042	Globin
PF28402	GloB_C
PF21701	GLOD4_C
PF21207	GLOD4_N
PF10793	Gloverin
PF06942	GlpM
PF28211	GlpR
PF05768	Glrx-like
PF08718	GLTP
PF15249	GLTSCR1
PF01744	GLTT
PF03616	Glt_symporter
PF27861	Glu-rich_5
PF22875	Glu2-Pro
PF02364	Glucan_synthase
PF14336	GLUCM-like_C
PF09136	Glucodextran_B
PF09985	Glucodextran_C
PF09137	Glucodextran_N
PF02685	Glucokinase
PF13618	Gluconate_2-dh3
PF01182	Glucosamine_iso
PF01832	Glucosaminidase
PF14264	Glucos_trans_II
PF07581	Glug
PF18466	GluRS_N
PF10606	GluR_Homer-bdg
PF04960	Glutaminase
PF00462	Glutaredoxin
PF04399	Glutaredoxin2_C
PF03157	Glutenin_hmw
PF00745	GlutR_dimer
PF05201	GlutR_N
PF05096	Glu_cyclase_2
PF04262	Glu_cys_ligase
PF16912	Glu_dehyd_C
PF01645	Glu_synthase
PF04898	Glu_syn_central
PF21529	GLV1-2
PF30277	GLV_propep
PF21110	GlxA
PF12764	Gly-rich_Ago1
PF31172	Gly-zipper_C13G5-2
PF13488	Gly-zipper_Omp
PF13436	Gly-zipper_OmpA
PF13441	Gly-zipper_YMGG
PF05242	GLYCAM-1
PF28610	Glycine-rich_protein_DOT1
PF10091	Glycoamylase
PF05693	Glycogen_syn
PF14845	Glycohydro_20b2
PF06475	Glycolipid_bind
PF00274	Glycolytic
PF01102	Glycophorin_A
PF03409	Glycoprotein
PF00606	Glycoprotein_B
PF00802	Glycoprotein_G
PF17416	Glycoprot_B_PH1
PF17417	Glycoprot_B_PH2
PF00534	Glycos_transf_1
PF00535	Glycos_transf_2
PF00591	Glycos_transf_3
PF00953	Glycos_transf_4
PF04413	Glycos_transf_N
PF02885	Glycos_trans_3N
PF20737	Glyco_hydro127C
PF20736	Glyco_hydro127M
PF18565	Glyco_hydro2_C5
PF17677	Glyco_hydro38C2
PF17652	Glyco_hydro81C
PF00232	Glyco_hydro_1
PF00331	Glyco_hydro_10
PF12899	Glyco_hydro_100
PF12905	Glyco_hydro_101
PF17132	Glyco_hydro_106
PF05838	Glyco_hydro_108
PF21252	Glyco_hydro_109_C
PF00457	Glyco_hydro_11
PF03537	Glyco_hydro_114
PF15979	Glyco_hydro_115
PF01670	Glyco_hydro_12
PF21258	Glyco_hydro_120_ins
PF22680	Glyco_hydro_123_N_2
PF06824	Glyco_hydro_125
PF11308	Glyco_hydro_129
PF04041	Glyco_hydro_130
PF21087	Glyco_hydro_134
PF01373	Glyco_hydro_14
PF00723	Glyco_hydro_15
PF00722	Glyco_hydro_16
PF00332	Glyco_hydro_17
PF00704	Glyco_hydro_18
PF00182	Glyco_hydro_19
PF00703	Glyco_hydro_2
PF00728	Glyco_hydro_20
PF02838	Glyco_hydro_20b
PF01183	Glyco_hydro_25
PF02156	Glyco_hydro_26
PF00295	Glyco_hydro_28
PF02836	Glyco_hydro_2_C
PF02837	Glyco_hydro_2_N
PF22666	Glyco_hydro_2_N2
PF00933	Glyco_hydro_3
PF02055	Glyco_hydro_30
PF17189	Glyco_hydro_30C
PF01055	Glyco_hydro_31_2nd
PF21365	Glyco_hydro_31_3rd
PF08244	Glyco_hydro_32C
PF00251	Glyco_hydro_32N
PF01301	Glyco_hydro_35
PF16874	Glyco_hydro_36C
PF16875	Glyco_hydro_36N
PF18438	Glyco_hydro_38
PF07748	Glyco_hydro_38C
PF01074	Glyco_hydro_38N
PF01229	Glyco_hydro_39
PF21200	Glyco_hydro_39_C
PF01915	Glyco_hydro_3_C
PF02056	Glyco_hydro_4
PF02449	Glyco_hydro_42
PF08533	Glyco_hydro_42C
PF08532	Glyco_hydro_42M
PF04616	Glyco_hydro_43
PF22847	Glyco_hydro_43_rel
PF12891	Glyco_hydro_44
PF02015	Glyco_hydro_45
PF01374	Glyco_hydro_46
PF01532	Glyco_hydro_47
PF02011	Glyco_hydro_48
PF03718	Glyco_hydro_49
PF17433	Glyco_hydro_49N
PF11975	Glyco_hydro_4C
PF03512	Glyco_hydro_52
PF07745	Glyco_hydro_53
PF01630	Glyco_hydro_56
PF03065	Glyco_hydro_57
PF02057	Glyco_hydro_59
PF17387	Glyco_hydro_59M
PF21708	Glyco_hydro_59_C
PF18564	Glyco_hydro_5_C
PF01341	Glyco_hydro_6
PF03664	Glyco_hydro_62
PF03200	Glyco_hydro_63
PF16923	Glyco_hydro_63N
PF16483	Glyco_hydro_64
PF03633	Glyco_hydro_65C
PF03632	Glyco_hydro_65m
PF03636	Glyco_hydro_65N
PF13199	Glyco_hydro_66
PF07477	Glyco_hydro_67C
PF07488	Glyco_hydro_67M
PF03648	Glyco_hydro_67N
PF02435	Glyco_hydro_68
PF00840	Glyco_hydro_7
PF02324	Glyco_hydro_70
PF03659	Glyco_hydro_71
PF03198	Glyco_hydro_72
PF07335	Glyco_hydro_75
PF03663	Glyco_hydro_76
PF02446	Glyco_hydro_77
PF21104	Glyco_hydro_78_N
PF16862	Glyco_hydro_79C
PF03662	Glyco_hydro_79n
PF01270	Glyco_hydro_8
PF13647	Glyco_hydro_80
PF03639	Glyco_hydro_81
PF21809	Glyco_hydro_84_hel
PF03644	Glyco_hydro_85
PF07470	Glyco_hydro_88
PF00759	Glyco_hydro_9
PF07971	Glyco_hydro_92
PF17678	Glyco_hydro_92N
PF17167	Glyco_hydro_94
PF21307	Glyco_hydro_95_C
PF22124	Glyco_hydro_95_cat
PF10566	Glyco_hydro_97
PF08307	Glyco_hydro_98C
PF08306	Glyco_hydro_98M
PF16317	Glyco_hydro_99
PF11790	Glyco_hydro_cc
PF12215	Glyco_hydr_116N
PF14587	Glyco_hydr_30_2
PF17451	Glyco_hyd_101C
PF14498	Glyco_hyd_65N_2
PF18088	Glyco_H_20C_C
PF10111	Glyco_tranf_2_2
PF13641	Glyco_tranf_2_3
PF13704	Glyco_tranf_2_4
PF13712	Glyco_tranf_2_5
PF00852	Glyco_transf_10
PF01531	Glyco_transf_11
PF01793	Glyco_transf_15
PF04724	Glyco_transf_17
PF15024	Glyco_transf_18
PF00982	Glyco_transf_20
PF13506	Glyco_transf_21
PF03901	Glyco_transf_22
PF18404	Glyco_transf_24
PF01755	Glyco_transf_25
PF03033	Glyco_transf_28
PF00777	Glyco_transf_29
PF05637	Glyco_transf_34
PF13439	Glyco_transf_4
PF13844	Glyco_transf_41
PF03360	Glyco_transf_43
PF13896	Glyco_transf_49
PF08323	Glyco_transf_5
PF07922	Glyco_transf_52
PF07429	Glyco_transf_56
PF03414	Glyco_transf_6
PF04577	Glyco_transf_61
PF09258	Glyco_transf_64
PF02709	Glyco_transf_7C
PF13733	Glyco_transf_7N
PF01501	Glyco_transf_8
PF16849	Glyco_transf_88
PF08437	Glyco_transf_8C
PF01075	Glyco_transf_9
PF05686	Glyco_transf_90
PF01697	Glyco_transf_92
PF21912	Glyco_transf_99
PF26168	Glyco_transf_N
PF13524	Glyco_trans_1_2
PF13528	Glyco_trans_1_3
PF13692	Glyco_trans_1_4
PF13632	Glyco_trans_2_3
PF13477	Glyco_trans_4_2
PF12000	Glyco_trans_4_3
PF13579	Glyco_trans_4_4
PF16994	Glyco_trans_4_5
PF09318	Glyco_trans_A_1
PF17039	Glyco_tran_10_N
PF04101	Glyco_tran_28_C
PF14307	Glyco_tran_WbsX
PF03808	Glyco_tran_WecG
PF18230	Glyc_hyd_38C_2
PF12524	GlyL_C
PF00903	Glyoxalase
PF12681	Glyoxalase_2
PF13468	Glyoxalase_3
PF13669	Glyoxalase_4
PF14696	Glyoxalase_5
PF18029	Glyoxalase_6
PF19581	Glyoxalase_7
PF20066	Glyoxalase_8
PF07250	Glyoxal_oxid_N
PF04464	Glyphos_transf
PF01153	Glypican
PF28494	GlyRS_ins_1
PF08444	Gly_acyl_tr_C
PF06021	Gly_acyl_tr_N
PF02595	Gly_kinase
PF01228	Gly_radical
PF09338	Gly_reductase
PF21722	Gly_rich_2
PF14272	Gly_rich_SFCGS
PF04488	Gly_transf_sug
PF03458	Gly_transporter
PF26273	Gly_zipper
PF19046	GM130_C
PF10647	Gmad1
PF10648	Gmad2
PF06540	GMAP
PF05199	GMC_oxred_C
PF22500	GMC_oxred_C_1st
PF00732	GMC_oxred_N
PF28626	GMI1_Ig_1
PF28628	GMI1_Ig_2
PF28627	GMI1_Ig_3
PF28658	GMI1_Ig_4th
PF28657	GMI1_middle
PF28659	GMI1_N
PF22699	GMIP-like_FCH
PF27888	GMNC_C
PF30869	GMNC_CC
PF25087	GMPPB_C
PF05351	GMP_PDE_delta
PF00958	GMP_synt_C
PF07510	GmrSD_C
PF03235	GmrSD_N
PF22560	GMT-wHTH
PF09535	Gmx_para_CXXCG
PF01109	GM_CSF
PF08701	GN3L_Grn1
PF05643	GNA1162-like
PF22559	GNAT-phage-like
PF12746	GNAT_acetyltran
PF13718	GNAT_acetyltr_2
PF18164	GNAT_C
PF18407	GNAT_like
PF22998	GNAT_LYC1-like
PF24993	GNC1_N
PF22051	GndA
PF12369	GnHR_trans
PF31278	GNLY
PF00446	GnRH
PF08178	GnsAB_toxin
PF03071	GNT-I
PF02447	GntP_permease
PF00392	GntR
PF13807	GNVR
PF09118	GO-like_E_set
PF13897	GOLD_2
PF25099	GOLD_PATL1_C
PF15070	GOLGA2L5
PF09787	Golgin_A5
PF30464	GOLIM4
PF30358	GOLM
PF02188	GoLoco
PF25275	Golvesin_C
PF08685	GON
PF08738	Gon7
PF17109	Goodbye
PF27017	GOSR1_N
PF06814	GOST_TM
PF04178	Got1
PF05823	Gp-FAR-1
PF26813	Gp0_5
PF21628	Gp10-like
PF21703	Gp10A-like
PF21939	Gp10_C
PF22670	Gp10_D3
PF08677	GP11
PF25754	Gp11_C
PF09089	gp12-short_mid
PF00516	GP120
PF20036	Gp13-like
PF21930	Gp138_C
PF18352	Gp138_N
PF17420	GP17
PF21870	GP180_GOLD
PF22671	Gp18_domIII_N
PF22639	Gp18_dom_I
PF28456	GP1BB_C
PF21567	Gp22
PF07068	Gp23
PF17388	GP24_25
PF03076	GP3
PF18897	Gp3-like
PF08804	gp32
PF21560	Gp34_2nd
PF31249	Gp34_C
PF21446	Gp34_trimer
PF09646	Gp37
PF12604	gp37_C
PF20744	gp37_trimer
PF05268	GP38
PF22760	Gp38_E217
PF21721	Gp38_N
PF16677	GP3_package
PF03010	GP4
PF11025	GP40
PF00517	GP41
PF23746	Gp41_Mu
PF17510	GP44
PF22255	Gp44-like_2nd
PF21429	Gp44_C
PF21328	Gp44_lid
PF09116	gp45-slide_C
PF17470	Gp45_2
PF07409	GP46
PF29858	GP46_beta
PF05973	Gp49
PF22442	Gp49_Pectate_lyase_like
PF28602	Gp51_C
PF17468	GP52
PF21882	Gp53-like_C
PF25180	Gp54
PF31196	Gp56
PF17594	GP57
PF07902	Gp58
PF06715	Gp5_C
PF06714	Gp5_OB
PF22178	Gp5_trimer_C
PF21379	Gp6-like_1st
PF17471	GP63
PF21562	Gp63_3rd_G7C
PF17634	GP67
PF17469	GP68
PF21515	Gp6_2nd
PF31222	Gp6_3rd
PF21472	gp6_C-domII
PF21387	Gp6_C-I
PF21871	Gp6_C-III
PF20911	GP7
PF17429	GP70
PF23148	Gp77
PF17463	GP79
PF21427	Gp7_5th
PF21456	Gp7_6th
PF31235	Gp7_FN3
PF21428	Gp7_helical
PF23140	Gp80
PF17338	GP88
PF26814	Gp89
PF19277	GPAT_C
PF14829	GPAT_N
PF05876	GpA_ATPase
PF20454	GpA_nuclease
PF02925	gpD
PF10110	GPDPase_memb
PF20618	GPD_NAD_C_bact
PF30351	GPG1
PF16905	GPHH
PF12537	GPHR_N
PF06560	GPI
PF05024	Gpi1
PF04113	Gpi16
PF06432	GPI2
PF25088	GPKOW_C
PF27906	Gpos_C8-like
PF21683	GpP-like_1st
PF05719	GPP34
PF21929	GpP_4th
PF22259	GPR128_GAIN_subdomA
PF22261	GPR128_GAIN_subdom_B
PF22257	GPR128_N
PF27607	GPR137_N
PF28499	GPR149_C
PF28498	GPR149_M
PF22572	GPR158_179_EC
PF15854	GPR15L
PF10192	GPR180-TMEM145_TM
PF01184	Gpr1_Fun34_YaaH
PF11970	GPR_Gpa2_C
PF01825	GPS
PF15784	GPS2_interact
PF30356	GPT2_C
PF11359	gpUL132
PF02831	gpW
PF04965	GPW_gp25
PF02800	Gp_dh_C
PF00044	Gp_dh_N
PF11668	Gp_UL130
PF28504	GRA5
PF05084	GRA6
PF30209	GRA6_helical
PF10375	GRAB
PF27371	GRAD_C
PF02893	GRAM
PF16569	GramPos_pilinBB
PF16555	GramPos_pilinD1
PF16570	GramPos_pilinD3
PF00746	Gram_pos_anchor
PF01271	Granin
PF00396	Granulin
PF03514	GRAS
PF04495	GRASP55_65
PF27893	GRASP_targ_2
PF04723	GRDA
PF07355	GRDB
PF07173	GRDP-like
PF25335	GRDP_C
PF28011	GrdX
PF01272	GreA_GreB
PF03449	GreA_GreB_N
PF20688	GREB1_2nd
PF20267	GREB1_C
PF15782	GREB1_N
PF11034	Grg1
PF25416	GRHL1_C
PF30113	Grim
PF06212	GRIM-19
PF15235	GRIN_C
PF01465	GRIP
PF16518	GrlR
PF04155	Ground-like
PF07172	GRP
PF29337	GRP0
PF16984	Grp7_allergen
PF04229	GrpB
PF01025	GrpE
PF23733	GRXCR1-2_C
PF12742	Gryzun-like
PF14959	GSAP-16
PF08885	GSCFA
PF28819	GSCFA_C
PF07995	GSDH
PF11055	Gsf2
PF07803	GSG-1
PF02955	GSH-S_ATP
PF02951	GSH-S_N
PF08886	GshA
PF00255	GSHPx
PF03199	GSH_synthase
PF03917	GSH_synth_ATP
PF12437	GSIII_N
PF05350	GSK-3_bind
PF05303	GSKIP_dom
PF21327	GspA_C39-like
PF20164	GspA_SrpA_N
PF29941	GspB
PF22341	GSPE_N1E
PF12019	GspH
PF12693	GspL_C
PF28903	GspL_M
PF03738	GSP_synth
PF00043	GST_C
PF13410	GST_C_2
PF14497	GST_C_3
PF14834	GST_C_4
PF16865	GST_C_5
PF17171	GST_C_6
PF22041	GST_C_7
PF22119	GST_C_8
PF02798	GST_N
PF13409	GST_N_2
PF13417	GST_N_3
PF17172	GST_N_4
PF18485	GST_N_5
PF27804	GSU1558_StbA-like
PF09698	GSu_C4xC__C2xCH
PF00862	GT-B_Sucrose_synth
PF11847	GT-C_AftD
PF08759	GT-D
PF22882	GT-D-like
PF26629	GT2_TM_C
PF20706	GT4-conflict
PF09594	GT87
PF20978	Gta3
PF16335	GtaA_6_Hairpin
PF11351	GTA_holin_3TM
PF13547	GTA_TIM
PF02946	GTF2I
PF26337	Gtf3_C
PF26334	Gtf3_N
PF22145	GtfA_EBD
PF30759	GtfB_3rd
PF27244	GtfB_M
PF30760	GtfB_N
PF22192	GtgE
PF09729	Gti1_Pac2
PF16360	GTP-bdg_M
PF13167	GTP-bdg_N
PF22594	GTP-eEF1A_C
PF01018	GTP1_OBG
PF09027	GTPase_binding
PF12471	GTP_CH_N
PF00925	GTP_cyclohydro2
PF01227	GTP_cyclohydroI
PF00009	GTP_EFTU
PF03144	GTP_EFTU_D2
PF03143	GTP_EFTU_D3
PF14578	GTP_EFTU_D4
PF04670	Gtr1_RagA
PF04138	GtrA_DPMS_TM
PF30648	GtrB_C
PF15259	GTSE1_N
PF30540	GTT3_C
PF27945	GTT3_N
PF25342	GT_PLOD
PF30533	GT_RgtA_C
PF19528	GT_STM0557_N
PF27704	GuanidinoAc_N-MeTrfase
PF00211	Guanylate_cyc
PF09778	Guanylate_cyc_2
PF00625	Guanylate_kin
PF02058	Guanylin
PF13947	GUB_WAK_bind
PF08152	GUCT
PF22906	GULLO2-like_3rd
PF22059	GumK_N
PF05419	GUN4
PF16416	GUN4_N
PF30000	Gurken_M
PF06923	GutM
PF28720	GUX1-5_N
PF25974	GVIN1
PF29651	GVIN1_2nd
PF26772	GVIN1_C
PF26771	GVIN1_N
PF20440	GvpD_bR2
PF07088	GvpD_P-loop
PF05120	GvpG
PF05455	GvpH
PF29250	GvpI
PF05121	GvpK
PF06386	GvpL_GvpF
PF05800	GvpO
PF28079	GvpQ-like
PF28078	GvpU-like
PF13457	GW
PF22973	GWD1_pHisD
PF06423	GWT1
PF20094	GWxTD_dom
PF14607	GxDLY
PF01493	GXGXG
PF14323	GxGYxYP_C
PF16216	GxGYxYP_N
PF20957	GxGYxYP_N_2nd
PF20958	GxGYxYP_N_3rd
PF14231	GXWXG
PF08734	GYD
PF02213	GYF
PF14237	GYF_2
PF25531	GYF_ATXR3
PF07253	Gypsy
PF02756	GYR
PF21249	GyrB_hook
PF18053	GyrB_insert
PF06445	GyrI-like
PF04162	Gyro_capsid
PF01019	G_glu_transpept
PF15991	G_path_suppress
PF02895	H-kinase_dim
PF09040	H-K_ATPase_N
PF23110	H1_KCTD8_12_16
PF03883	H2O2_YaaD
PF06831	H2TH
PF22525	H2TH_5
PF03457	HA
PF18239	HA1
PF21010	HA2_C
PF17993	HA70_C
PF22564	HAAS
PF08006	HAAS_TM
PF24721	HAB
PF04774	HABP4_PAI-RBP1
PF28613	HAC6_helical
PF30957	HAC6_N
PF26396	HacaP
PF12710	HAD
PF26126	Had1
PF13419	HAD_2
PF28688	HAD_ITPK4_N
PF22978	HAD_Pex22
PF25109	HAD_PNKP
PF23270	HAD_RAM2_N
PF10307	HAD_SAK_1
PF18143	HAD_SAK_2
PF09065	Haemadin
PF14830	Haemocyan_bet_s
PF14376	Haem_bd
PF14518	Haem_oxygenas_2
PF28045	HAEPLYID
PF16123	HAGH_C
PF07527	Hairy_orange
PF22862	HalC8_like_N
PF23169	HalD
PF28636	Halfway_C
PF18545	HalOD1
PF18547	HalOD2
PF10112	Halogen_Hydrol
PF05465	Halo_GVPC
PF26264	Halo_Hfq_like
PF26422	Halo_JAB_MPN
PF26420	Halo_prof
PF26497	Halo_RE
PF26442	Halo_toxin
PF26510	Halo_UvrD_like
PF08663	HalX
PF02183	HALZ
PF01725	Ham1p_like
PF14613	HAM1_C
PF19343	HAM1_N
PF08878	HamA
PF04388	Hamartin_N
PF11251	HamA_HO-like
PF00672	HAMP
PF18947	HAMP_2
PF30155	HAMP_His_kinase_fung
PF18575	HAMP_N3
PF26769	HAMP_PhoQ
PF09110	HAND
PF20682	Hanta_Gc_C
PF01561	Hanta_Gc_N
PF20679	Hanta_Gn-B
PF01567	Hanta_Gn-H
PF00846	Hanta_nucleocap
PF27869	HaoB_nitrify
PF20836	HAO_bd
PF22142	Hao_C
PF03866	HAP
PF04849	HAP1_N
PF10699	HAP2-GCS1
PF10297	Hap4_Hap_bind
PF11639	HapK
PF15196	Harakiri
PF05066	HARE-HTH
PF07443	HARP
PF04877	Harpin
PF09378	HAS-barrel
PF06438	HasA
PF12330	Haspin_kinase
PF02184	HAT
PF14372	hAT-like_RNase-H
PF21183	HAT1_C
PF21184	HAT1_C_fung
PF10394	Hat1_N
PF02518	HATPase_c
PF13581	HATPase_c_2
PF13589	HATPase_c_3
PF13749	HATPase_c_4
PF14501	HATPase_c_5
PF08214	HAT_KAT11
PF23241	HAT_PRP39_C
PF23240	HAT_PRP39_N
PF23231	HAT_Syf1_CNRKL1_C
PF23233	HAT_Syf1_CNRKL1_N
PF23220	HAT_Syf1_M
PF14932	HAUS-augmin3
PF25762	HAUS1
PF15003	HAUS2
PF27045	HAUS3_C
PF27044	HAUS3_CC
PF14735	HAUS4
PF14817	HAUS5
PF14661	HAUS6_N
PF31247	HAUS8
PF12944	HAV_VP
PF26202	HA_Alsin
PF06777	HBB
PF18534	HBD
PF27818	HBEGF_C
PF16591	HBM
PF22419	HBoV_NS1-like_N
PF03928	HbpS-like
PF08539	HbrB
PF08938	HBS1_N
PF23936	HB_ELP1
PF25887	HB_LcnD
PF07432	Hc1
PF07382	HC2
PF29430	HcaD_C
PF06594	HCBP_related
PF14856	Hce2
PF11576	HcgB
PF06690	HcgC
PF06787	HcgF
PF12154	HCMVantigenic_N
PF27020	HCMV_RL1
PF25706	HCMV_UL116
PF17609	HCMV_UL124
PF12507	HCMV_UL139
PF26987	HCMV_UL148B
PF25739	HCMV_UL15A
PF07818	HCNGP
PF00955	HCO3_cotransp
PF24163	HCP
PF26825	HCP2_Skunalikevirus
PF07111	HCR
PF22617	HCS_D2
PF01543	HCV_capsid
PF01542	HCV_core
PF01539	HCV_env
PF01560	HCV_NS1
PF01538	HCV_NS2
PF01006	HCV_NS4a
PF01001	HCV_NS4b
PF01506	HCV_NS5a
PF08300	HCV_NS5a_1a
PF08301	HCV_NS5a_1b
PF12941	HCV_NS5a_C
PF01837	HcyBio
PF01966	HD
PF24391	HD-CE
PF04618	HD-ZIP_N
PF11496	HDA2-3
PF12203	HDAC4_Gln
PF22688	Hda_lid
PF02329	HDC
PF17528	HdcB
PF06411	HdeA
PF14701	hDGE_amylase
PF15115	HDNR
PF08668	HDOD
PF02924	HDPD
PF30963	HDR1
PF22196	HdrB-like_C
PF30025	HdrE
PF01517	HDV_ag
PF13023	HD_3
PF13328	HD_4
PF13487	HD_5
PF13286	HD_assoc
PF19276	HD_assoc_2
PF12236	Head-tail_con
PF16002	Headcase
PF09008	Head_binding
PF25641	Head_fiber_dimeric
PF02985	HEAT
PF28900	HEAT_12
PF13646	HEAT_2
PF25504	HEAT_5MP1_2
PF23593	HEAT_ATR
PF24573	HEAT_DAAF5
PF24492	HEAT_ECM29
PF24984	HEAT_EF3_GNC1
PF24987	HEAT_EF3_N
PF13513	HEAT_EZ
PF23271	HEAT_GCN1
PF26715	HEAT_GCN1_2
PF25786	HEAT_GCN1_C
PF25801	HEAT_GCN1_C_2
PF24916	HEAT_GCN1_fung
PF23243	HEAT_HEATR1
PF25468	HEAT_HEATR5A
PF24566	HEAT_Ints3_C
PF25018	HEAT_IPO9_c
PF09798	HEAT_LCD1
PF21047	HEAT_Maestro
PF23210	HEAT_Maestro_2
PF25385	HEAT_MEC1_N
PF23221	HEAT_MROH2B_1st
PF23227	HEAT_MROH2B_C
PF26778	HEAT_NCAPD3
PF26779	HEAT_NCAPD3_2
PF23300	HEAT_Nup120
PF03130	HEAT_PBS
PF30717	HEAT_Pincer_Tel1
PF23096	HEAT_PSME4
PF16507	HEAT_PSME4_mid
PF25772	HEAT_RRP12_N
PF24571	HEAT_SCC3-SA
PF26767	HEAT_SGR6
PF30718	HEAT_Spiral_Tel1
PF29232	HEAT_spiro
PF30806	HEAT_UBR5_1st
PF30807	HEAT_UBR5_2nd
PF18817	HEAT_UF
PF23606	HEAT_ULK4
PF26723	HEAT_UNC79_C
PF26140	HEAT_URB1
PF27854	Heavy_Cys_CGP
PF15353	HECA_N
PF00632	HECT
PF09814	HECT_2
PF18436	HECW1_helix
PF16562	HECW_N
PF19191	HEF_HK
PF12661	hEGF
PF12949	HeH
PF30804	HelD_N
PF21268	Helic-prim_T7_N
PF26050	Helical_CED_Drosha
PF28544	Helical_needle
PF26726	Helical_RasGEFs
PF00271	Helicase_C
PF13307	Helicase_C_2
PF13625	Helicase_C_3
PF13871	Helicase_C_4
PF28555	Helicase_dom
PF21280	Helicase_dom4_arc
PF28538	Helicase_helical
PF12462	Helicase_IV_N
PF28822	Helicase_mid
PF18149	Helicase_PWI
PF11408	Helicase_Sgs1
PF18761	Heliorhodopsin
PF14214	Helitron_like_N
PF14479	HeLo
PF03451	HELP
PF17312	Helveticin_J
PF31132	Hel_4HB_N
PF02602	HEM4
PF00509	Hemagglutinin
PF03996	Hema_esterase
PF02710	Hema_HEFG
PF08720	Hema_stalk
PF11545	HemeBinding_Shp
PF01814	Hemerythrin
PF01126	Heme_oxygenase
PF06969	HemN_C
PF03723	Hemocyanin_C
PF00372	Hemocyanin_M
PF03722	Hemocyanin_N
PF00353	HemolysinCabind
PF12563	Hemolysin_N
PF00045	Hemopexin
PF21944	Hemotin
PF10636	hemP
PF05171	HemS
PF04375	HemX
PF07219	HemY_N
PF29583	HEN1_C
PF12623	Hen1_L
PF18441	Hen1_Lam_C
PF21224	Hen1_LCD
PF22032	Hen1_N
PF26841	Hendrixvirinae_terminase_S
PF28339	HENMT1_C
PF07940	Hepar_II_III_C
PF16889	Hepar_II_III_N
PF00906	Hepatitis_core
PF06446	Hepcidin
PF30252	HepD_cupin
PF18675	HepII_C
PF05168	HEPN
PF18867	HEPN-like_int
PF18732	HEPN_AbiA_CTD
PF18734	HEPN_AbiU2
PF18728	HEPN_AbiV
PF18739	HEPN_Apea
PF18730	HEPN_Cthe2314
PF18738	HEPN_DZIP3
PF18733	HEPN_LA2681
PF18737	HEPN_MAE_28990
PF18870	HEPN_RES_NTD1
PF18735	HEPN_RiboL-PSP
PF18869	HEPN_RnaseLS
PF18725	HEPN_SAV2148
PF18726	HEPN_SAV_6107
PF18729	HEPN_STY4199
PF18731	HEPN_Swt1
PF18871	HEPN_Toprim_N
PF07307	HEPPP_synt_1
PF09272	Hepsin-SRCR
PF01934	HepT-like
PF20797	HepT-like_2
PF07052	Hep_59
PF08290	Hep_core_N
PF05872	HerA_C
PF21591	Hera_DD
PF22231	Hera_RBD
PF09241	Herp-Cyclin
PF10813	Herpesvir_UL11
PF04793	Herpes_BBRF1
PF25730	Herpes_BDLF2
PF05812	Herpes_BLRF2
PF04633	Herpes_BMRF2
PF04682	Herpes_BTRF1
PF06112	Herpes_capsid
PF04929	Herpes_DNAp_acc
PF01673	Herpes_env
PF02480	Herpes_gE
PF20418	Herpes_gE_N
PF01688	Herpes_gI
PF17488	Herpes_glycoH_C
PF01528	Herpes_glycop
PF01537	Herpes_glycop_D
PF02489	Herpes_glycop_H
PF05955	Herpes_gp2
PF05109	Herpes_gp350_A
PF20676	Herpes_gp350_B
PF20677	Herpes_gp350_C
PF25736	Herpes_gQ2
PF02689	Herpes_Helicase
PF05774	Herpes_heli_pri
PF03324	Herpes_HEPA
PF03585	Herpes_ICP4_C
PF03584	Herpes_ICP4_N
PF07340	Herpes_IE1
PF03361	Herpes_IE2_3
PF02479	Herpes_IE68
PF06307	Herpes_IR6
PF06126	Herpes_LAMP2
PF05297	Herpes_LMP1
PF07415	Herpes_LMP2
PF03363	Herpes_LP
PF03122	Herpes_MCP
PF04797	Herpes_ORF11
PF25720	Herpes_ORF28
PF25748	Herpes_ORF30
PF25717	Herpes_ORF32
PF02399	Herpes_ori_bp
PF03325	Herpes_PAP
PF31254	Herpes_Pol_N
PF04846	Herpes_pp38
PF04637	Herpes_pp85
PF03326	Herpes_TAF50
PF04843	Herpes_teg_N
PF00693	Herpes_TK
PF08465	Herpes_TK_C
PF05613	Herpes_U15
PF07402	Herpes_U26
PF04523	Herpes_U30
PF04541	Herpes_U34
PF04533	Herpes_U44
PF05467	Herpes_U47
PF05999	Herpes_U5
PF06501	Herpes_U55
PF04529	Herpes_U59
PF05259	Herpes_UL1
PF03580	Herpes_UL14
PF03044	Herpes_UL16
PF04559	Herpes_UL17
PF04544	Herpes_UL20
PF03252	Herpes_UL21
PF01646	Herpes_UL24
PF01499	Herpes_UL25
PF03369	Herpes_UL3
PF02718	Herpes_UL31
PF06070	Herpes_UL32
PF03581	Herpes_UL33
PF04496	Herpes_UL35
PF03586	Herpes_UL36
PF03970	Herpes_UL37_1
PF07413	Herpes_UL37_2
PF03277	Herpes_UL4
PF02282	Herpes_UL42
PF05072	Herpes_UL43
PF03387	Herpes_UL46
PF03362	Herpes_UL47
PF03117	Herpes_UL49_1
PF04823	Herpes_UL49_2
PF05702	Herpes_UL49_5
PF27693	Herpes_UL5
PF04540	Herpes_UL51
PF03121	Herpes_UL52
PF04537	Herpes_UL55
PF04534	Herpes_UL56
PF01763	Herpes_UL6
PF05459	Herpes_UL69
PF01677	Herpes_UL7
PF03554	Herpes_UL73
PF07982	Herpes_UL74
PF03049	Herpes_UL79
PF05784	Herpes_UL82_83
PF03043	Herpes_UL87
PF03048	Herpes_UL92
PF03038	Herpes_UL95
PF05363	Herpes_US12
PF25737	Herpes_US8A
PF06072	Herpes_US9
PF01802	Herpes_V23
PF03327	Herpes_VP19C
PF14409	Herpeto_peptide
PF13804	HERV-K_env_2
PF15695	HERV-K_REC
PF06985	HET
PF26639	Het-6_barrel
PF07217	Het-C
PF17108	HET-S
PF11558	HET-s_218-289
PF20701	HetE-N
PF28069	HetP
PF18460	HetR_C
PF28104	HetZ
PF02444	HEV_ORF1
PF20576	HEWD
PF00132	Hexapep
PF14602	Hexapep_2
PF24894	Hexapep_GlmU
PF18776	Hexapep_loop
PF25441	Hexapep_UGP3_C
PF15313	HEXIM
PF00349	Hexokinase_1
PF03727	Hexokinase_2
PF03559	Hexose_dehydrat
PF22538	HexPS-like
PF02455	Hex_IIIa
PF05345	He_PIG
PF27294	HfaA
PF27277	HfaD
PF12221	HflK_N
PF19275	HflX_C
PF17209	Hfq
PF21979	Hfq_1
PF19810	HFX_2341_N
PF18287	Hfx_Cass5
PF15666	HGAL
PF06050	HGD-D
PF14702	hGDE_central
PF14699	hGDE_N
PF31258	HGL2_4th
PF31242	HGL2_5th
PF31252	HGL2_C
PF31245	HGL2_M
PF31241	HGL2_N
PF31250	HGL2_small
PF07063	HGLS
PF04209	HgmA_C
PF20510	HgmA_N
PF07786	HGSNAT_cat
PF03129	HGTP_anticodon
PF12745	HGTP_anticodon2
PF03578	HGWP
PF05321	HHA
PF23116	HHD_RTEL1
PF00633	HHH
PF00730	HhH-GPD
PF12826	HHH_2
PF12836	HHH_3
PF14520	HHH_5
PF14579	HHH_6
PF14635	HHH_7
PF14716	HHH_8
PF17674	HHH_9
PF14490	HHH_RecD2
PF29713	HHH_RS2-RL21-YNQ2
PF26169	HHH_XRCC3_RpoA
PF20133	HHL1-like
PF28640	HHLA1_N
PF26575	HHO5_N
PF16852	HHV-1_VABD
PF17087	HHV-5_US34A
PF03753	HHV6-IE
PF25689	HHV_U21
PF25878	HH_AAEA_pHBA
PF25994	HH_AprE
PF25988	HH_CyaD
PF25893	HH_CzcB
PF25885	HH_EMRA
PF25876	HH_MFP_RND
PF26012	HH_RND_rel
PF01085	HH_signal
PF25881	HH_YBHG
PF25982	HH_YknX
PF03486	HI0933_like
PF22780	HI0933_like_1st
PF27318	HI1402_helical
PF22186	HI1480
PF28832	Hi1a-like
PF15403	HiaBD2
PF22414	Hia_Tpr_ring_dom
PF29181	Hib_C
PF07927	HicA_toxin
PF05534	HicB
PF15970	HicB-like_2
PF15919	HicB_lk_antitox
PF12722	Hid1
PF11413	HIF-1
PF08778	HIF-1a_CTAD
PF29431	HigA_N
PF05015	HigB-like_toxin
PF09907	HigB_toxin
PF28156	Highly_acidic
PF05636	HIGH_NTase1
PF16581	HIGH_NTase1_ass
PF04588	HIG_1_N
PF21057	Hikeshi-like_C
PF05603	Hikeshi-like_N
PF30449	HilA_2nd
PF15220	HILPDA
PF08732	HIM1
PF02760	HIN
PF19252	HIND
PF09520	HinfI
PF01079	Hint
PF13403	Hint_2
PF27524	HIP1R
PF16515	HIP1_clath_bdg
PF20613	HipA_2
PF07804	HipA_C
PF29689	HipHop
PF01355	HIPIP
PF18253	HipN
PF27585	HIR3_2nd
PF27595	HIR3_bundle
PF27648	HIR3_C
PF27584	HIR3_helical
PF30849	HIR3_TPR_2
PF27596	HIR3_TPR_N
PF07569	Hira
PF08797	HIRAN
PF09453	HIRA_B
PF00713	Hirudin
PF28209	His-triad_hairpin
PF27798	His-Xaa-Ser_sys
PF25665	His1_capsid
PF24066	Hisat_C
PF01634	HisG
PF08029	HisG_C
PF25936	HisG_halo
PF20302	HisK-N-like
PF00512	HisKA
PF07568	HisKA_2
PF07730	HisKA_3
PF16926	HisKA_4TM
PF16927	HisKA_7TM
PF22561	HisKin-conflict
PF09385	HisK_N
PF18698	HisK_sensor
PF00815	Histidinol_dh
PF00125	Histone
PF26281	Histone_ABTB
PF16211	Histone_H2A_C
PF00816	Histone_HNS
PF22470	Histone_HNS_N
PF00850	Hist_deacetyl
PF10529	Hist_rich_Ca-bd
PF21996	HisZ-like
PF27460	HisZ_C
PF02098	His_binding
PF00977	His_biosynth
PF06580	His_kinase
PF30156	His_kinase_N_fung
PF08047	His_leader
PF18275	His_Me_b4a2
PF00300	His_Phos_1
PF00328	His_Phos_2
PF01230	HIT
PF22088	HIT-like
PF18268	Hit1_C
PF30319	HI_0233
PF29764	HI_0449
PF10786	HI_0552
PF30317	HI_0559
PF27257	HI_0787_N
PF27161	HI_0983
PF30244	HI_1037
PF27365	HI_1054
PF29649	HI_1054_C
PF27159	HI_1054_N
PF29792	HI_1099
PF27396	HI_1128
PF27206	HI_1241
PF30246	HI_1396
PF29765	HI_1423
PF29771	HI_1482
PF27180	HI_1489_N
PF30247	HI_1492
PF27613	HI_1570
PF27549	HI_1622_C
PF01870	Hjc
PF12347	HJURP_C
PF12346	HJURP_mid
PF02110	HK
PF22309	HK-GC-Chemotax_sensor
PF22424	HK620_9_C
PF04883	HK97-gp10_like
PF18415	HKR_ArcB_TM
PF30711	HK_RR_C
PF16750	HK_sensor
PF21623	HK_sensor_dom_bact
PF28291	HLGFF_Neisseriales
PF00010	HLH
PF31213	HliA
PF02794	HlyC
PF06109	HlyE
PF03006	HlyIII
PF10115	HlyU
PF25891	Hl_ALG44
PF21461	HL_N-beta
PF00403	HMA
PF19991	HMA_2
PF27530	HMA_AllF_N
PF24534	HMA_PCA1
PF19335	HMBD
PF03201	HMD
PF22616	HMD_N
PF00368	HMG-CoA_red
PF25653	HMG-CoA_red_N
PF01101	HMG14_17
PF00682	HMGL-like
PF00505	HMG_box
PF09011	HMG_box_2
PF14887	HMG_box_5
PF08540	HMG_CoA_synt_C
PF01154	HMG_CoA_synt_N
PF24815	HMG_WDHD1
PF15908	HMMR_C
PF15905	HMMR_N
PF29054	HMO1_N
PF07849	HMP
PF28019	HmpF
PF22417	Hmr1_E-cad-like
PF30309	HMSD
PF18747	HMUD2
PF18723	HMUDK_hel
PF18748	HMUDK_HMUD1
PF14064	HmuY
PF18071	HMW1C_N
PF18254	HMw1_D2
PF13879	Hmw_CFAP97
PF00423	HN
PF04813	HNF-1A_C
PF04812	HNF-1B_C
PF04814	HNF-1_N
PF09354	HNF_C
PF01844	HNH
PF16784	HNHc_6
PF13391	HNH_2
PF13392	HNH_3
PF13395	HNH_4
PF14279	HNH_5
PF30803	HNH_assoc_N
PF18780	HNH_repeat
PF12196	hNIFK_binding
PF07700	HNOB
PF07701	HNOBA
PF11627	HnRNPA1_LC
PF11532	HnRNP_M_NLS
PF18360	hnRNP_Q_AcD
PF14515	HOASN
PF17664	HOATZ-like
PF12163	HobA
PF10344	Hobbit
PF17943	HOCHOB
PF11927	HODM_asu-like
PF25319	HofO
PF10748	HofP
PF01848	HOK_GEF
PF21500	HolB_lid
PF13272	Holin_2-3
PF16936	Holin_9
PF10960	Holin_BhlA
PF05102	Holin_BlyA
PF04688	Holin_SPP1
PF16935	Hol_Tox
PF05920	Homeobox_KN
PF00046	Homeodomain
PF11569	Homez
PF00742	Homoserine_dh
PF05204	Hom_end
PF05203	Hom_end_hint
PF05622	HOOK
PF19047	HOOK_N
PF21670	HOOK_N_NuMA
PF17914	HopA1
PF22079	HopBA1
PF26324	HopBF1_kinase
PF08888	HopJ
PF15457	HopW1-1
PF29634	HOR7
PF02301	HORMA
PF00103	Hormone_1
PF00123	Hormone_2
PF00159	Hormone_3
PF00220	Hormone_4
PF00184	Hormone_5
PF00236	Hormone_6
PF00104	Hormone_recep
PF10116	Host_attach
PF04617	Hox9_act
PF12284	HoxA13_N
PF21970	HOXB-AS3
PF27537	HoxH
PF18618	HP0268
PF18472	HP1451_C
PF22017	HP1454-like_C
PF22018	HP1454-like_middle_dom
PF25759	HP1_ORF34
PF03241	HpaB
PF11794	HpaB_N
PF09483	HpaP
PF23452	HPAT
PF28609	HPAT_C
PF31164	HpcH_C
PF03328	HpcH_HpaI
PF05044	HPD
PF28098	HPE1-like_N_CxxC
PF10228	HPF1
PF20646	Hpf1_C
PF13694	Hph
PF22829	HphA_C
PF22828	HphA_N
PF20933	HpHbR
PF22825	HpiC1-like
PF13323	HPIH
PF15226	HPIP
PF18524	HPIP_like
PF28170	Hpn-like
PF28152	HpnL
PF01288	HPPK
PF07456	Hpre_diP_synt_I
PF07475	Hpr_kinase_C
PF02603	Hpr_kinase_N
PF14763	HPS3_C
PF14761	HPS3_N
PF15702	HPS6
PF20468	HPS6_C
PF28006	HpsJ
PF01627	Hpt
PF10090	HPTransfase
PF16960	HpuA
PF30817	HP_1247_C
PF27254	HP_1247_M
PF01856	HP_OMP
PF02521	HP_OMP_2
PF02185	HR1
PF25610	HR1_TOCA
PF01628	HrcA
PF27310	HrcA_C_epsilon
PF27361	HrcQa_N
PF15758	HRCT1
PF00570	HRDC
PF25128	HRDE1_NRDE3_N
PF16954	HRG
PF16815	HRI1
PF22949	HRI2_3H
PF02793	HRM
PF28515	HrmA
PF28646	HrmA_middle
PF28647	HrmA_N
PF15072	HROB
PF09589	HrpA_pilin
PF09613	HrpB1_HrpK
PF09487	HrpB2
PF09502	HrpB4
PF09486	HrpB7
PF08482	HrpB_C
PF27358	HrpD6
PF06188	HrpE
PF28047	HrpE-like
PF06266	HrpF
PF07201	HrpJ
PF28066	HrpV
PF12210	Hrs_helical
PF13933	HRXXH
PF26427	HR_L37
PF05514	HR_lesion
PF07014	Hs1pro-1_C
PF07231	Hs1pro-1_N
PF02218	HS1_rep
PF07529	HSA
PF12456	hSac2
PF12296	HsbA
PF06825	HSBP1
PF18256	HscB_4_cys
PF07743	HSCB_C
PF15244	HSD3
PF30447	HsdM_C
PF12161	HsdM_N
PF04313	HSDR_N
PF13588	HSDR_N_2
PF22101	HSD_C
PF28349	HSF2BP_C
PF00447	HSF_DNA-bind
PF14603	hSH3
PF06350	HSL_N
PF18794	HSM3_C
PF18795	HSM3_N
PF12062	HSNSD-CE
PF25119	HSNSD_N
PF28601	HSP15_C
PF00011	HSP20
PF28885	HSP30_N
PF01430	HSP33
PF00012	HSP70
PF00183	HSP90
PF04119	HSP9_HSP12
PF03172	HSR
PF29910	HssS_N
PF30867	Hst1
PF12149	HSV_VP16_C
PF04213	HtaA
PF27832	Htd2
PF28168	HtdO
PF11534	HTHP
PF00126	HTH_1
PF04967	HTH_10
PF08279	HTH_11
PF11972	HTH_13
PF12324	HTH_15
PF12645	HTH_16
PF12728	HTH_17
PF12833	HTH_18
PF12844	HTH_19
PF12840	HTH_20
PF13276	HTH_21
PF13309	HTH_22
PF13384	HTH_23
PF13412	HTH_24
PF13413	HTH_25
PF13443	HTH_26
PF13463	HTH_27
PF13518	HTH_28
PF13551	HTH_29
PF01381	HTH_3
PF13556	HTH_30
PF13560	HTH_31
PF13565	HTH_32
PF13592	HTH_33
PF13601	HTH_34
PF13693	HTH_35
PF13730	HTH_36
PF13744	HTH_37
PF13936	HTH_38
PF14090	HTH_39
PF14493	HTH_40
PF14502	HTH_41
PF09904	HTH_43
PF14641	HTH_44
PF14947	HTH_45
PF15977	HTH_46
PF16221	HTH_47
PF17906	HTH_48
PF18010	HTH_49
PF01022	HTH_5
PF18024	HTH_50
PF18558	HTH_51
PF18576	HTH_52
PF18606	HTH_53
PF18607	HTH_54
PF18622	HTH_55
PF18662	HTH_56
PF18679	HTH_57
PF19575	HTH_58
PF20038	HTH_59
PF01418	HTH_6
PF20317	HTH_60
PF20470	HTH_61
PF20552	HTH_62
PF20575	HTH_63
PF20714	HTH_64
PF28916	HTH_65
PF21321	HTH_66
PF21863	HTH_67
PF22943	HTH_68
PF22979	HTH_69
PF02796	HTH_7
PF23671	HTH_70
PF23737	HTH_71
PF23739	HTH_72
PF24718	HTH_73
PF25370	HTH_74
PF25871	HTH_76
PF25872	HTH_77
PF26555	HTH_78
PF02954	HTH_8
PF08221	HTH_9
PF22324	HTH_91
PF22495	HTH_92
PF18107	HTH_ABP1_N
PF26215	HTH_animal
PF00165	HTH_AraC
PF13404	HTH_AsnC-type
PF25896	HTH_AT3G52170
PF23401	HTH_Card1
PF26121	HTH_CDT1
PF23588	HTH_CHD1_Hrp3
PF23078	HTH_CHD6-9
PF25981	HTH_Cic_C
PF25996	HTH_CLF_N
PF24270	HTH_Cmi2_C
PF08222	HTH_CodY
PF13545	HTH_Crp_2
PF30627	HTH_cyano
PF08220	HTH_DeoR
PF23302	HTH_DNAJC9
PF27602	HTH_ENOX1
PF26175	HTH_FAR1
PF27167	HTH_GRAD
PF24266	HTH_HVO_0163_N
PF09339	HTH_IclR
PF23081	HTH_KIF26A_B_1st
PF08280	HTH_Mga
PF17007	HTH_micro
PF27059	HTH_MmpR5
PF26775	HTH_Mok13
PF24426	HTH_NDX
PF27514	HTH_NLRC5
PF23079	HTH_NOL4_2nd
PF24064	HTH_NPRL3
PF12323	HTH_OrfB_IS605
PF19187	HTH_PafC
PF17762	HTH_ParB
PF30409	HTH_ParB_Mtase
PF30604	HTH_pico_cyano
PF30775	HTH_PLP
PF05225	HTH_psq
PF23161	HTH_RNase_II
PF27070	HTH_Rpn_C
PF25787	HTH_SB
PF27079	HTH_SpdB_C
PF18580	HTH_SUN2
PF23336	HTH_TbsP_C
PF26093	HTH_TGH
PF26019	HTH_TIMELESS
PF01527	HTH_Tnp_1
PF13022	HTH_Tnp_1_2
PF20310	HTH_Tnp_2
PF13613	HTH_Tnp_4
PF12759	HTH_Tnp_IS1
PF01710	HTH_Tnp_IS630
PF13542	HTH_Tnp_ISL3
PF02316	HTH_Tnp_Mu_1
PF09039	HTH_Tnp_Mu_2
PF11427	HTH_Tnp_Tc3_1
PF01498	HTH_Tnp_Tc3_2
PF21517	HTH_Tnp_Tc3_2_like
PF03221	HTH_Tnp_Tc5
PF27135	HTH_TnsB
PF26094	HTH_TSHZ3
PF24407	HTH_upst_double_PIN
PF26355	HTH_VMAP-M9
PF02650	HTH_WhiA
PF30116	HTL1
PF27831	HTLV1ZIPPER
PF17909	Htr2
PF09612	HtrL_YibB
PF04204	HTS
PF05090	HTTM
PF20925	Htt_bridge
PF20927	Htt_C-HEAT
PF29469	HTT_N
PF12372	Htt_N-HEAT
PF20926	Htt_N-HEAT_1
PF18174	HU-CCDC81_bac_1
PF18175	HU-CCDC81_bac_2
PF14908	HU-CCDC81_euk_1
PF18289	HU-CCDC81_euk_2
PF14848	HU-DNA_bdg
PF18291	HU-HIG
PF28686	HUA1_small
PF30265	Hugin
PF15040	Humanin
PF05393	Hum_adeno_E3A
PF08729	HUN
PF04955	HupE_UreJ
PF13795	HupE_UreJ_2
PF01455	HupF_HypC
PF04809	HupH_C
PF04005	Hus1
PF05962	HutD
PF22429	HutF_N
PF22039	HUTI_composite_bact
PF09021	HutP
PF25723	HU_inhibitor
PF11160	Hva1_TUDOR
PF22106	HvfC_C
PF09836	HvfC_N
PF28085	HVO_0416
PF24278	HVO_0513_N
PF23137	HVO_0758
PF24267	HVO_1552_C
PF28086	HVO_2142
PF21535	HVO_2248
PF28087	HVO_2523
PF24279	HVO_2525_N
PF24250	HVO_2718
PF26602	HVO_2718_N
PF24271	HVO_2833_C
PF28088	HVO_2901
PF24281	HVO_2928_N
PF25212	HVO_A0114
PF25213	HVO_A0261_N
PF28084	HVO_A0556
PF24280	HVO_A0563_N
PF25215	HVO_B0008_C
PF25214	HVO_B0008_N
PF09749	HVSL
PF20678	HV_Gp350_C-term
PF17086	HV_small_capsid
PF07536	HWE_HK
PF01638	HxlR
PF27806	HxsD
PF13787	HXXEE
PF07586	HXXSHH
PF07449	HyaE
PF07212	Hyaluronidase_1
PF11046	HycA_repressor
PF09790	Hyccin
PF07450	HycH
PF01750	HycI
PF29802	Hyd1F
PF01968	Hydantoinase_A
PF02538	Hydantoinase_B
PF19278	Hydant_A_C
PF05378	Hydant_A_N
PF18128	HydF_dimer
PF18133	HydF_tetramer
PF17213	Hydin_ADK
PF22544	HYDIN_VesB_CFA65-like_Ig
PF00702	Hydrolase
PF07486	Hydrolase_2
PF08282	Hydrolase_3
PF12146	Hydrolase_4
PF13344	Hydrolase_6
PF13242	Hydrolase_like
PF01185	Hydrophobin
PF06766	Hydrophobin_2
PF29785	Hydrophobin_D
PF29465	Hydrophobin_like
PF14547	Hydrophob_seed
PF22905	Hydro_N_hd
PF06462	Hyd_WA
PF30371	HyfI_C
PF31091	HyfR_N
PF15311	HYLS1_C
PF29503	Hymenoptaecin
PF27508	HYOU1_C
PF01155	HypA
PF01924	HypD
PF17788	HypF_C
PF22521	HypF_C_2
PF11765	Hyphal_reg_CWP
PF09509	Hypoth_Ymh
PF02494	HYR
PF15789	Hyr1
PF23237	HYR_4C
PF18582	HZS_alpha
PF09458	H_lectin
PF03030	H_PPase
PF24215	H_T_assoc
PF18372	I-EGF_1
PF22083	I-HmuI_NUMOD-like
PF07679	I-set
PF20987	I-TevI_DNA-bd
PF22635	I-TevI_ZnF
PF28669	IacB_C
PF28634	IacB_N
PF06776	IalB
PF04568	IATP
PF11924	IAT_beta
PF01749	IBB
PF10416	IBD
PF27834	IBD2
PF26576	IBH1_N
PF22859	IBIN
PF03810	IBN_N
PF11422	IBP39
PF01485	IBR
PF30335	IbrB_C
PF22191	IBR_1
PF22605	IBR_2
PF13956	Ibs_toxin
PF03617	IBV_3A
PF03622	IBV_3B
PF03620	IBV_3C
PF04629	ICA69
PF27790	IcaD
PF21146	ICAM1_3_5_D2
PF03921	ICAM_N
PF10480	ICAP-1_inte_bdg
PF28923	Icarapin_C
PF06384	ICAT
PF29547	Ice1_1st
PF29546	Ice1_2nd
PF25817	ICE1_C
PF08426	ICE2
PF05315	ICEA
PF05862	IceA2
PF11999	Ice_binding
PF00818	Ice_nucleation
PF00463	ICL
PF01614	IclR_C
PF06761	IcmF-related
PF14331	IcmF-related_N
PF06744	IcmF_C
PF21070	IcmF_helical
PF20863	IcmR
PF04140	ICMT
PF28014	IcmT_2
PF23130	IcmW
PF27682	ICR5_C
PF27349	IcsB_M
PF18543	ID
PF08858	IDEAL
PF03971	IDH
PF27884	IDL5
PF23209	IDM1_C
PF31004	IDM_C
PF31002	IDM_N
PF01231	IDO
PF24244	Iec3-like_M
PF05760	IER
PF27816	Ies1_C
PF27817	Ies1_helical
PF27809	IES1_N
PF17335	IES5
PF11987	IF-2
PF01008	IF-2B
PF08364	IF2_assoc
PF04760	IF2_N
PF00707	IF3_C
PF05198	IF3_N
PF01652	IF4E
PF21485	IF5A-like_N
PF06140	Ifi-6-16
PF00714	IFN-gamma
PF07140	IFNGR1_D2
PF20634	IFNGR1_transm
PF07334	IFP_35_N
PF14754	IFR3_antag
PF05004	IFRD
PF04836	IFRD_C
PF16718	IFS
PF14931	IFT20
PF15305	IFT43
PF12317	IFT46_B_C
PF23352	IFT52_central
PF23355	IFT52_GIFT
PF30475	IFT56
PF10498	IFT57
PF30363	IFT70_C
PF30951	IFT74
PF18383	IFT81_CH
PF17722	IFTAP
PF00047	ig
PF24770	Ig-CFAP74_2
PF24778	Ig-CFAP74_3rd
PF24798	Ig-CFAP74_4th
PF26562	Ig-like
PF26747	Ig-like_AcrB
PF23747	Ig-like_CATSPERD
PF23755	Ig-like_IP5PC_F
PF23265	Ig-like_KY
PF28268	Ig-like_NNF2
PF24312	Ig-like_POM152
PF24519	Ig-like_Pom152_1
PF24527	Ig-like_Pom152_9
PF24077	IgA0_D2
PF07095	IgaA
PF23645	IgD1_Trs65
PF23646	IgD2_Trs65
PF12735	IgD3_Trs65
PF20838	IgD_del_linker
PF08365	IGF2_C
PF00219	IGFBP
PF14653	IGFL
PF17517	IgGFc_binding
PF01378	IgG_binding_B
PF27953	IGIP
PF11550	IglC
PF22361	IglE_N
PF00475	IGPD
PF00218	IGPS
PF29039	IGSF6_C
PF13895	Ig_2
PF26114	Ig_2_Mok13
PF13927	Ig_3
PF16680	Ig_4
PF16681	Ig_5
PF18452	Ig_6
PF19081	Ig_7
PF31147	Ig_Actino
PF24528	Ig_ADGRF3
PF23197	IG_AIR9
PF28407	Ig_ANOS1
PF16319	Ig_BT4661_1st
PF28852	Ig_BT4661_2nd
PF28854	Ig_BT4661_3rd
PF28857	Ig_BT4661_4th
PF28858	Ig_BT4661_5th
PF28861	Ig_BT4661_6th
PF17736	Ig_C17orf99
PF17737	Ig_C19orf38
PF28393	Ig_Cad99C_N
PF24518	Ig_CD22
PF26579	Ig_CFAP47
PF24291	Ig_CFAP65
PF24507	Ig_CFAP65_4th
PF25249	Ig_CFAP65_7th
PF25248	Ig_CFAP65_8th
PF24816	Ig_CFAP65__9th
PF24771	Ig_CFAP74_1st
PF28399	Ig_CLSTN
PF29542	Ig_CMFA_1st
PF29538	Ig_CMFA_2nd
PF29540	Ig_CMFA_3rd
PF25511	Ig_CNNM4_N
PF30560	Ig_CofE
PF23892	Ig_CycH
PF24584	Ig_CYK3_C
PF29962	Ig_DAG1
PF23277	Ig_Dlec1_1
PF23316	Ig_DLEC1_6th
PF24025	Ig_DR_A0283-like
PF26918	Ig_Eae
PF30549	Ig_Eae_1st
PF25529	Ig_ENGASE1_C
PF24462	Ig_F54D1_6
PF24464	Ig_F54D1_6_2
PF23616	Ig_GEX2_N
PF18368	Ig_GlcNase
PF26737	Ig_GNPTAB
PF24425	Ig_GP210_15th
PF24427	Ig_GP210_16th
PF12421	Ig_GpJ_C
PF25942	Ig_halo
PF26515	Ig_halo_2
PF28276	Ig_IgSF3
PF23608	Ig_ILCR1
PF24415	Ig_Irg-7
PF24421	Ig_J
PF15097	Ig_J_chain
PF24489	Ig_J_second
PF28434	Ig_Let-653
PF28430	Ig_LY6G6F
PF30327	Ig_M157
PF17753	Ig_mannosidase
PF26111	Ig_Mok13
PF28321	Ig_MYOM1
PF25830	Ig_NFAM1
PF23141	Ig_NOMO
PF26015	Ig_NPH4_3rd
PF26190	Ig_NPHP4_1st
PF26189	Ig_NPHP4_2nd
PF26187	Ig_NPHP4_4th
PF26181	Ig_NUP210_13th
PF26183	Ig_NUP210_14th
PF22959	Ig_NUP210_15th
PF25354	Ig_NUP210_16th
PF22967	Ig_NUP210_1st
PF22969	Ig_NUP210_2nd
PF22963	Ig_NUP210_3rd
PF24991	Ig_NUP210_4th
PF26182	Ig_NUP210_5th
PF24935	Ig_NUP210_6th
PF22962	Ig_NUP210_7th
PF26184	Ig_NUP210_8th
PF24902	Ig_NUP210_9th
PF23166	Ig_N_CWD1
PF25305	Ig_PDGFR_d4
PF31178	Ig_PF07_0021
PF25419	Ig_PIFI
PF23664	Ig_Pom152
PF30509	Ig_PTPRO_2nd
PF30511	Ig_PTPRO_5th
PF30513	Ig_PTPRO_6th
PF25456	Ig_PVRIG
PF25788	Ig_Rha78A_N
PF25523	Ig_RIMBP2
PF24189	Ig_RSC4
PF28354	Ig_SEMA-3_4_7A
PF28320	Ig_Sema4F
PF24811	Ig_Shg
PF24619	Ig_SibA
PF24908	Ig_SIBA-E_2nd
PF24910	Ig_SIBA-E_3rd
PF26194	Ig_SMCHD1_1st
PF26195	Ig_SMCHD1_2nd
PF26196	Ig_SMCHD1_4th
PF26197	Ig_SMCHD1_5th
PF26198	Ig_SMCHD1_6th
PF26201	Ig_SMCHD1_7th
PF26199	Ig_SMCHD1_8th
PF26102	Ig_SPL7
PF26174	Ig_Tag1-like_1st
PF24612	Ig_TgrO1
PF10430	Ig_Tie2_1
PF27919	Ig_TM7SF3_2nd
PF25992	Ig_TM7SF3_N
PF24502	Ig_TMEM131homol_3rd
PF24505	Ig_TMEM131homol_6th
PF19532	Ig_TMEM131L_2nd
PF24498	Ig_TMEM131L_3
PF24499	Ig_TMEM131L_4
PF24501	Ig_TMEM131L_5
PF24495	Ig_TMEM131_2
PF23481	Ig_TMEM132_2nd
PF16070	Ig_TMEM132_4th
PF23486	Ig_TMEM132_5th
PF23487	Ig_TMEM132_6th
PF24384	Ig_TMM62
PF24545	Ig_TPPC8_1st
PF24544	Ig_TPPC8_2nd
PF24546	Ig_TPPC8_3rd
PF24542	Ig_TPPC8_C
PF24966	Ig_TR130_2nd
PF23604	Ig_TRAPPC10
PF30304	Ig_TRAPPC10_1st
PF30308	Ig_TRAPPC10_3rd
PF30051	Ig_TRAPPC11_1st
PF30052	Ig_TRAPPC11_2nd
PF30053	Ig_TRAPPC11_3rd
PF26254	Ig_TRAPPC9-Trs120_1st
PF26280	Ig_TRAPPC9-Trs120_2nd
PF26282	Ig_TRAPPC9-Trs120_3rd
PF26283	Ig_TRAPPC9-Trs120_4th
PF28381	Ig_TRS130
PF30300	Ig_TRS130_1st
PF22971	Ig_VEGFR-1-like_5th
PF28299	Ig_VSIG10L2_N
PF23619	Ig_VWA7
PF25776	Ig_VWDE
PF23736	Ig_ZP2
PF23740	Ig_ZP2_3rd
PF23738	Ig_ZP2_N
PF16174	IHABP4_N
PF24401	iHD-CE
PF30331	IHD1_N
PF16530	IHHNV_capsid
PF24402	iHKD
PF15771	IHO1
PF05049	IIGP
PF18397	IKBKB_SDD
PF12179	IKKbetaNEMObind
PF27789	IL-9
PF00340	IL1
PF00726	IL10
PF07400	IL11
PF03039	IL12
PF10420	IL12p40_C
PF03487	IL13
PF18001	Il13Ra_Ig
PF02372	IL15
PF06083	IL17
PF16742	IL17R_D_N
PF16556	IL17R_fnIII_D1
PF16578	IL17R_fnIII_D2
PF15037	IL17_R_N
PF02394	IL1_propep
PF00715	IL2
PF14565	IL22
PF16649	IL23
PF28570	IL27RA_FN3_3
PF28679	IL27RA_N
PF15177	IL28A
PF18707	IL2RB_N1
PF15874	Il2rg
PF02059	IL3
PF15209	IL31
PF15225	IL32
PF15095	IL33_bt
PF15036	IL34
PF18611	IL3Ra_N
PF21460	IL3Rb_N
PF00727	IL4
PF09238	IL4Ra_N
PF18258	IL4_i_Ig
PF02025	IL5
PF00489	IL6
PF09240	IL6Ra-bind
PF01415	IL7
PF00048	IL8
PF28842	IL9R_C
PF01787	Ilar_coat
PF25519	ILCR1_N
PF15711	ILEI
PF10311	Ilm1
PF29457	ILR2-like
PF08049	IlvB_leader
PF00920	ILVD_EDD_N
PF08046	IlvGEDA_leader
PF24877	ILV_EDD_C
PF09779	Ima1_N
PF12314	IMCp
PF08397	IMD
PF24309	IMEF_Flp
PF05046	Img2
PF23013	IML1_N
PF24438	IML1_N_fung
PF29595	IML1_small
PF10300	Iml2-TPR_39
PF30932	IML3
PF15655	Imm-NTF2
PF15631	Imm-NTF2-2
PF14430	Imm1
PF15588	Imm10
PF07791	Imm11
PF15560	Imm12
PF15561	Imm15
PF15562	Imm17
PF15563	Imm19
PF14426	Imm2
PF15589	Imm21
PF15564	Imm25
PF15428	Imm26
PF15590	Imm27
PF14425	Imm3
PF15565	Imm30
PF15591	Imm31
PF15566	Imm32
PF09951	Imm33
PF24719	Imm33-like
PF15567	Imm35
PF31128	Imm35_like
PF15568	Imm39
PF15569	Imm40
PF15592	Imm41
PF15593	Imm42
PF15570	Imm43
PF15571	Imm44
PF15572	Imm45
PF15573	Imm47
PF15574	Imm48
PF15575	Imm49
PF14423	Imm5
PF15594	Imm50
PF15595	Imm51
PF15579	Imm52
PF15580	Imm53
PF15596	Imm57
PF15581	Imm58
PF15597	Imm59
PF21805	Imm5_like
PF14434	Imm6
PF15598	Imm61
PF15599	Imm63
PF15600	Imm64
PF15582	Imm65
PF15583	Imm68
PF15585	Imm7
PF15601	Imm70
PF15602	Imm71
PF15584	Imm72
PF15603	Imm74
PF15660	Imm75
PF15586	Imm8
PF15587	Imm9
PF11480	ImmE5
PF14373	Imm_superinfect
PF10688	Imp-YgjV
PF18591	IMP2_C
PF18590	IMP2_N
PF01205	Impact_N
PF18642	IMPa_helical
PF06812	ImpA_N
PF18650	IMPa_N_2
PF00478	IMPDH
PF07024	ImpE
PF18773	Importin_rep
PF18786	Importin_rep_2
PF18806	Importin_rep_3
PF18808	Importin_rep_4
PF18816	Importin_rep_5
PF18829	Importin_rep_6
PF07826	IMP_cyclohyd
PF00817	IMS
PF11799	IMS_C
PF11798	IMS_HHH
PF21999	IMS_HHH_1
PF15761	IMUP
PF30152	IN080_4
PF28274	INA17_C
PF28275	INA17_N
PF15018	InaF-motif
PF15142	INCA1
PF17628	IncD
PF17627	IncE
PF03941	INCENP_ARK-bind
PF12178	INCENP_N
PF17626	IncF
PF02387	IncFII_repA
PF04227	Indigoidine_A
PF28982	INF24-like
PF12998	ING
PF02974	Inh
PF20773	InhA-like_MAM
PF20774	InhA-like_VEG
PF12559	Inhibitor_I10
PF10465	Inhibitor_I24
PF08246	Inhibitor_I29
PF10466	Inhibitor_I34
PF03995	Inhibitor_I36
PF09394	Inhibitor_I42
PF10467	Inhibitor_I48
PF11714	Inhibitor_I53
PF16850	Inhibitor_I66
PF11405	Inhibitor_I67
PF10468	Inhibitor_I68
PF13734	Inhibitor_I69
PF12628	Inhibitor_I71
PF11720	Inhibitor_I78
PF05922	Inhibitor_I9
PF11555	Inhibitor_Mig-6
PF21459	INI1_DNA-bd
PF27122	IniB
PF04179	Init_tRNA_PT
PF16928	Inj_translocase
PF22508	InlJ_IG
PF22122	InlK_D2
PF18981	InlK_D3
PF00876	Innexin
PF24237	INO80E
PF24245	INO80F
PF14612	Ino80_Iec3
PF08193	INO80_Ies4
PF01658	Inos-1-P_synth
PF00459	Inositol_P
PF25631	Inovirus_capsid
PF17091	Inovirus_G7P_1
PF19978	Inovirus_G7P_2
PF12634	Inp1
PF18823	InPase
PF27561	INPP4A_C2
PF16776	INPP5B_PH
PF05770	Ins134_P3_kin
PF17927	Ins134_P3_kin_N
PF08709	Ins145_P3_rec
PF19427	Insc_C
PF16748	INSC_LBD
PF07281	INSIG
PF00049	Insulin
PF17870	Insulin_TMD
PF06757	Ins_allergen_rp
PF03488	Ins_beta
PF06090	Ins_P5_2-kin
PF21045	INT10
PF22927	INT1_R3
PF16617	INTAP
PF12835	Integrase_1
PF13009	Integrase_2
PF02920	Integrase_DNA
PF17921	Integrase_H2C2
PF26003	Integrase_N_phage
PF22938	Integrase_p58_C
PF02022	Integrase_Zn
PF00357	Integrin_alpha
PF08441	Integrin_A_Ig_1
PF20805	Integrin_A_Ig_2
PF20806	Integrin_A_Ig_3
PF00362	Integrin_beta
PF08725	Integrin_b_cyt
PF07965	Integrin_B_tail
PF14890	Intein_splicing
PF09294	Interfer-bind
PF00143	Interferon
PF12354	Internalin_N
PF07979	Intimin_C
PF01348	Intron_maturas2
PF21386	IntS11_C
PF19435	IntS14_b-barrel
PF20504	IntS14_C
PF14964	INTS15
PF22929	INTS1_INTS2-bd
PF22928	INTS1_R4
PF12432	INTS1_RP2B-bd
PF14750	INTS2
PF10189	Ints3_N
PF24493	INTS4_8HBD
PF25458	INTS4_C
PF14838	INTS5_C
PF14837	INTS5_N
PF22965	INTS7_C
PF22966	INTS7_C_plants
PF24437	INTS7_HB
PF24436	INTS7_N
PF21382	IntS9_C
PF19031	Intu_longin_1
PF19032	Intu_longin_2
PF19033	Intu_longin_3
PF22350	Int_EF-hand
PF24624	Int_N
PF14882	INT_rpt
PF15300	INT_SG_DDX_CT_C
PF18785	Inv-AAD
PF09134	Invasin_D3
PF21764	Invasin_D4
PF03519	Invas_SpaK
PF05689	InvE_AD
PF04741	InvH
PF00904	Involucrin
PF06994	Involucrin2
PF10583	Involucrin_N
PF11837	INV_N
PF00552	IN_DBD_C
PF29369	IOC2_C
PF29367	IOC2_M
PF29355	IOC2_N
PF00520	Ion_trans
PF07885	Ion_trans_2
PF08412	Ion_trans_N
PF30897	IOR_2
PF31012	IOR_mid
PF03278	IpaB_EvcA
PF09599	IpaC_SipC
PF25855	IpaJ_protease
PF30907	IPGA1_CC
PF26700	IPGAL1_C
PF28743	IPGAL2_N
PF05925	IpgD
PF06415	iPGM_N
PF12333	Ipi1_N
PF11634	IPI_T4
PF03770	IPK
PF22615	IPMS_D2
PF04979	IPP-2
PF01715	IPPT
PF01745	IPT
PF18203	IPTL-CTERM
PF18783	IPU_b_solenoid
PF02121	IP_trans
PF00612	IQ
PF15157	IQCJ-SCHIP1
PF29130	IQGAP_C
PF03836	IQGAP_helical
PF30383	IQM_M
PF25805	IQUB
PF24609	IQ_SCN5A_C
PF16453	IQ_SEC7_PH
PF12185	IR1-M
PF24576	IR75A_N
PF27708	Irc19
PF30411	Irc3_C
PF30003	IRC8_N
PF06135	IreB
PF22563	iREC
PF26031	IREH1
PF00605	IRF
PF11261	IRF-2BP1_2
PF25457	IRF-2BP1_2_M
PF10401	IRF-3
PF28668	IRG2_N
PF12595	iRhom1-2_N
PF01007	IRK
PF17655	IRK_C
PF08466	IRK_N
PF18673	IrmA
PF04120	Iron_permease
PF04362	Iron_traffic
PF10634	Iron_transport
PF30077	Iron_transporter
PF21390	Irp3-like_C
PF02174	IRS
PF21729	IRX15_IRX15L_GXM
PF27330	IsaA-like_N
PF27443	IsaB
PF06215	ISAV_HA
PF29982	ISC10_helical
PF23511	ISD11
PF20861	Isd_H_B_linker
PF16625	ISET-FN3_linker
PF11727	ISG65-75
PF10281	Ish1
PF24403	iSirtuin
PF02060	ISK_Channel
PF20141	Island
PF06437	ISN1
PF21156	ISOA1-3_C
PF21331	Isoamylase_C
PF00857	Isochorismatase
PF18324	Isocitrate_DH_C_bact
PF00180	Iso_dh
PF18161	ISP1_C
PF18045	ISP3_C
PF04279	IspA
PF01128	IspD
PF18706	ISPD_C
PF22240	ISP_coupler
PF03398	Ist1
PF19995	iSTAND
PF01695	IstB_IS21
PF06246	Isy1
PF02189	ITAM
PF10538	ITAM_Cys-rich
PF21178	Itf52_C
PF15907	Itfg2
PF21520	ITGAX-like_Ig_3
PF06668	ITI_HC_C
PF21512	ITPK1_preATP-grasp
PF04183	IucA_IucC
PF01156	IU_nuc_hydro
PF19997	ivWA
PF19996	ivWA-helical_N
PF08816	Ivy
PF08574	Iwr1
PF15005	IZUMO
PF16706	Izumo-Ig
PF01608	I_LWEQ
PF01398	JAB
PF01419	Jacalin
PF23575	JAG1
PF21795	JAG1-like_EGF2
PF07086	Jagunal
PF14804	Jag_N
PF17887	Jak1_Phl
PF16034	JAKMIP_CC3
PF05571	JAMP
PF28995	JASON_N
PF09425	Jas_motif
PF15351	JCAD
PF18982	JetA
PF13835	JetB
PF09983	JetD_C
PF06585	JHBP
PF17811	JHD
PF31192	JHD1_C
PF15261	JHY
PF29718	JID1_C
PF29925	JIP4_helical
PF29926	JIP4_N
PF16471	JIP_LZII
PF15038	Jiraiya
PF14901	Jiv90
PF16668	JLPA
PF02373	JmjC
PF08007	JmjC_2
PF02375	JmjN
PF15871	JMY
PF02099	Josephin
PF15392	Joubert
PF22794	jr-ZPR1
PF15312	JSRP
PF05439	JTB
PF29578	Jumbo_sigma
PF03957	Jun
PF17054	JUPITER
PF01486	K-box
PF09080	K-cyclin_vir_C
PF28993	K02D10_N
PF02960	K1
PF24146	K1-lyase_C
PF24145	K1-lyase_N
PF24149	K1-lyase_Rider
PF15352	K1377
PF22352	K319L-like_PKD
PF27684	K88_fimbrial_pA
PF02149	KA1
PF21122	KA1_BRSK
PF15354	KAAG1
PF07688	KaiA
PF21714	KaiA_N
PF07689	KaiB
PF23154	KANSL3_1st
PF29585	KANTR
PF05804	KAP
PF29955	KAP122_middle
PF08810	KapB
PF31142	KAP_N
PF07693	KAP_NTPase
PF15222	KAR
PF08580	KAR9
PF01450	KARI_C
PF07991	KARI_N
PF10541	KASH
PF14662	KASH_CCD
PF30339	KASH_SINE4
PF16197	KAsynt_C_assoc
PF29847	KAT3
PF13925	Katanin_con80
PF21126	KATNA1_MIT
PF00050	Kazal_1
PF07648	Kazal_2
PF18434	Kazal_3
PF21288	Kazal_C6
PF21330	Kazal_C7
PF21287	Kazal_CFAI
PF25986	Kazrin
PF14089	KbaA
PF20883	Kbp-5
PF30212	KBP3
PF12309	KBP_C
PF20165	KBTB_W-LIR
PF16944	KCH
PF09303	KcnmB2_inactiv
PF16642	KCNQ2_u3
PF11956	KCNQC3-Ank-G_bd
PF03520	KCNQ_channel
PF17818	KCT2
PF20871	KCTD1-15_CTD
PF31104	KCTD10_C-like
PF19329	KCTD11_21_C
PF19321	KCTD18_C
PF19323	KCTD4_C
PF31093	KCTD5_C-like
PF31088	KCTD6_C
PF25611	KCTD_C
PF26370	KDD_N
PF06178	KdgM
PF07071	KDGP_aldolase
PF03812	KdgT
PF21323	KDM5_C-hel
PF21322	KDM6_C-hel
PF21326	KDM6_GATAL
PF06293	Kdo
PF11004	Kdo_hydroxy
PF03814	KdpA
PF02669	KdpC
PF02702	KdpD
PF04962	KduI
PF18758	KDZ
PF29729	Kebab_C
PF27452	KefB_C
PF08552	Kei1
PF19311	KELAA
PF01344	Kelch_1
PF07646	Kelch_2
PF25210	Kelch_FKB95
PF13854	Kelch_HCF
PF24681	Kelch_KLHDC2_KLHL20_DRC7
PF15796	KELK
PF02422	Keratin
PF16208	Keratin_2_head
PF16210	Keratin_2_tail
PF09775	Keratin_assoc
PF01500	Keratin_B2
PF13885	Keratin_B2_2
PF04579	Keratin_matx
PF00109	ketoacyl-synt
PF13723	Ketoacyl-synt_2
PF02801	Ketoacyl-synt_C
PF11740	KfrA_N
PF18790	KfrB
PF10937	Kgd4-YMR31
PF10685	KGG
PF08872	KGK
PF22675	KH-I_KHDC4-BBP
PF11834	KHA
PF25270	Khk
PF25991	KhtT_N
PF00013	KH_1
PF22952	KH_11
PF23469	KH_12
PF26657	KH_13
PF07650	KH_2
PF15985	KH_6
PF17904	KH_9
PF22985	KH_BICC1
PF24234	KH_BICC1_1st
PF24471	KH_DEAH11
PF24638	KH_DEAH11_1st
PF24641	KH_DEAH11_2nd
PF14714	KH_dom-like
PF21718	KH_DTX3L
PF09869	KH_DUF2096_C
PF29444	KH_FAR1_2nd
PF22801	KH_GLD-3_1st
PF21482	KH_GLD-3_2nd
PF22467	KH_GLD-3_3rd
PF17905	KH_GLD-3_4th
PF26774	KH_I_RBM43
PF29031	KH_KHD4
PF29993	KH_KHD4_1st
PF29998	KH_KHD4_2nd
PF13083	KH_KhpA-B
PF17903	KH_KRR1_1st
PF21800	KH_KRR1_2nd
PF24563	KH_Mug60-KHD4
PF23050	KH_N4BP1_1st
PF23052	KH_N4BP1_2nd
PF20704	KH_NucS_shadow
PF13184	KH_NusA_1st
PF26594	KH_NusA_2nd
PF27824	KH_PARP10
PF29969	KH_PARP10_1st
PF23084	KH_PARP14_1
PF23248	KH_PARP14_2
PF23249	KH_PARP14_3
PF23251	KH_PARP14_4
PF23252	KH_PARP14_5
PF23253	KH_PARP14_6
PF23254	KH_PARP14_8
PF22891	KH_PNO1_2nd
PF14611	KH_SLS1_1
PF20777	KH_SLS1_2
PF17214	KH_TffA
PF24668	KH_Vigilin
PF29522	KH_YLL032C_2nd
PF29983	KH_YLL032C_3rd
PF29529	KH_YLL032C_4th
PF29533	KH_YLL032C_5th
PF29984	KH_YLL032C_5th-like
PF08065	KI67R
PF23620	KIAA0319
PF23597	KIAA0319_N
PF15369	KIAA1328
PF12877	KIAA1549
PF29952	KIAA1549_1st
PF29951	KIAA1549_3rd
PF28925	KIAA1586_C
PF27632	KIAA1755_C
PF27628	KIAA1755_N
PF23450	KIAA2026_hel
PF02524	KID
PF12423	KIF1B
PF23203	KIF21A
PF23204	KIF21A_2nd
PF25764	KIF21A_4th
PF22923	KIF2A-like_1st
PF23735	KIF9
PF04383	KilA-N
PF27072	KilB
PF27398	KilR
PF26843	Kil_protein
PF30635	KimA_C
PF14531	Kinase-like
PF18762	Kinase-PolyVal
PF03618	Kinase-PPPase
PF16767	KinB_sensor
PF16474	KIND
PF18124	Kindlin_2_N
PF00225	Kinesin
PF16183	Kinesin_assoc
PF08568	Kinetochor_Ybp2
PF08260	Kinin
PF15033	Kinocilin
PF07765	KIP1
PF15152	Kisspeptin
PF02172	KIX
PF16987	KIX_2
PF30954	Kizuna_M
PF28416	Kizuna_N
PF29674	Kk1D_mid
PF29675	Kk1D_N
PF15204	KKLCAg1
PF27190	KlcB_3rd
PF29622	KlcB_C
PF27393	KlcB_N
PF29618	KlcB_N1
PF17383	kleA_kleC
PF17394	KleE
PF10205	KLRAQ
PF03037	KMP11
PF20294	KMPT-N
PF28607	KMS1_N
PF18131	KN17_SH3
PF21506	Knl-2-like_dom
PF18210	Knl1_RWD_C
PF03790	KNOX1
PF03791	KNOX2
PF07827	KNTase_C
PF24506	KNTC1_N
PF12075	KN_motif
PF28834	KOKOPELLI
PF16509	KORA
PF08535	KorB
PF06613	KorB_C
PF00467	KOW
PF23042	KOW1_SPT5
PF23284	KOW2_Spt5
PF23291	KOW4_SPT5
PF23290	KOW5_SPT5
PF23288	KOW6_SPT5
PF23038	KOW6_SPT51-2
PF23287	KOW7_SPT5
PF23037	KOWx_SPT5
PF29191	KOW_HD_C
PF09044	Kp4
PF19292	KPBB_C
PF27566	KpeA
PF28118	KPN01023
PF29604	KpnI_C
PF29603	KpnI_N
PF18176	KptA_kDCL
PF30693	KPTN
PF17733	KPWE_dom
PF08659	KR
PF01352	KRAB
PF14722	KRAP_IP3R_bind
PF15287	KRBA1
PF17056	KRE1
PF17097	Kre28
PF10342	Kre9_KNH
PF05390	Kre9_KNH1_C
PF27973	Kreg-1
PF05178	Kri1
PF12936	Kri1_C
PF00051	Kringle
PF25866	Kringle_2
PF24522	KRIT1_FRMD8_FERM_C
PF11759	KRTAP
PF29365	KRTAP17_1
PF15034	KRTAP7
PF15200	KRTDAP
PF19298	KshA_C
PF11049	KSHV_K1
PF07188	KSHV_K8
PF08433	KTI12
PF13619	KTSC
PF02735	Ku
PF00014	Kunitz_BPTI
PF00197	Kunitz_legume
PF03730	Ku_C
PF03731	Ku_N
PF08785	Ku_PK_bind
PF03521	Kv2channel
PF28043	KwaA
PF16162	KwaB
PF24300	KWL1
PF10241	KxDL
PF19258	KxYKxGKxW_sig
PF23790	Kyano_Gp96
PF22580	KYNU_C
PF07941	K_channel_TID
PF02705	K_trans
PF22776	K_trans_C
PF05849	L-fibroin
PF02442	L1R_F9L
PF02828	L27
PF09058	L27_1
PF09045	L27_2
PF09060	L27_N
PF09784	L31
PF05047	L51_S25_CI-B8
PF21657	L544_helical
PF21655	L544_NTransf
PF05805	L6_membrane
PF02448	L71
PF05383	La
PF09220	LA-virus_coat
PF20210	Laa1_Sip1_HTR5
PF07578	LAB_N
PF02502	LacAB_rpiB
PF00356	LacI
PF09330	Lact-deh-memb
PF00753	Lactamase_B
PF12706	Lactamase_B_2
PF13483	Lactamase_B_3
PF13691	Lactamase_B_4
PF14597	Lactamase_B_5
PF16661	Lactamase_B_6
PF02652	Lactate_perm
PF04369	Lactococcin
PF09683	Lactococcin_972
PF10282	Lactonase
PF09508	Lact_bio_phlase
PF01306	LacY_symp
PF16353	LacZ_4
PF06543	Lac_bphage_repr
PF22446	Lac_Phage_Head
PF09271	LAG1-DNAbind
PF30192	LAG2_C
PF30191	LAG2_N
PF00961	LAGLIDADG_1
PF03161	LAGLIDADG_2
PF14528	LAGLIDADG_3
PF26411	LAGLIDADG_4
PF14527	LAGLIDADG_WhiA
PF19256	LAIKA
PF18603	LAL_C2
PF27525	LAM55_pectate-like
PF21260	Laman-like_dom
PF02264	LamB
PF23219	LAMB1
PF24999	LAMB4
PF22033	Lamba1_VP3
PF06291	Lambda_Bor
PF02061	Lambda_CIII
PF20735	Lambda_ea8_5
PF06301	Lambda_Kil
PF06805	Lambda_tail_I
PF03746	LamB_YcsF
PF00052	Laminin_B
PF00054	Laminin_G_1
PF02210	Laminin_G_2
PF13385	Laminin_G_3
PF06008	Laminin_I
PF21199	LAMININ_IV_B
PF00055	Laminin_N
PF01299	Lamp2-like_luminal
PF21222	Lamp2_2nd
PF06403	Lamprin
PF15454	LAMTOR
PF16672	LAMTOR5
PF12544	LAM_C
PF21501	LANA1_DNA-bd
PF05147	LANC_like
PF14867	Lantibiotic_a
PF27905	Lanti_SCO0268
PF14028	Lant_dehydr_C
PF04738	Lant_dehydr_N
PF28317	Lant_leader_dom
PF05609	LAP1_C
PF20443	LAP1_N
PF11560	LAP2alpha
PF20579	LapA
PF06305	LapA_dom
PF16448	LapD_MoxY_N
PF21113	LarA_C
PF20265	LARA_dom
PF30415	LarB_N
PF21071	LARP1_HEAT
PF26393	Lart1_ADPRT
PF09861	Lar_N
PF14354	Lar_restr_allev
PF04031	Las1
PF15792	LAS2
PF28689	LasA_N
PF31139	LASP1NB
PF30373	LasT_C
PF15234	LAT
PF15703	LAT2
PF10279	Latarcin
PF17861	Laterosporulin
PF00500	Late_protein_L1
PF00513	Late_protein_L2
PF02354	Latrophilin
PF15658	Latrotoxin_C
PF15681	LAX
PF28425	LAZY_C
PF28307	LA_1883
PF18177	La_HTH_kDCL
PF24061	LBD_receptor
PF28269	LBF_1011
PF28304	LBF_1134
PF28308	LBF_2017-like_N
PF28270	LBF_2127
PF28305	LBF_4227
PF15317	Lbh
PF25084	LbH_EIF2B
PF25247	LbH_GLGC
PF01273	LBP_BPI_CETP
PF02886	LBP_BPI_CETP_C
PF17386	LBP_C
PF17385	LBP_M
PF21300	LbR_Ice_bind
PF09465	LBR_tudor
PF27429	LB_356
PF02450	LCAT
PF03815	LCCL
PF14672	LCE
PF15858	LCE6A
PF12197	lci
PF18599	LCIB_C_CA
PF28115	LCL2_C
PF07603	Lcl_C
PF04072	LCM
PF25940	LcnD_C
PF11632	LcnG-beta
PF07216	LcrG
PF09621	LcrR
PF04792	LcrV
PF28642	LcsF_C
PF28072	LCTMP-like
PF30090	LDB16_N
PF13002	LDB19
PF18306	LDcluster4
PF02866	Ldh_1_C
PF00056	Ldh_1_N
PF02615	Ldh_2
PF18566	Ldi
PF21691	LDL
PF25241	LDLRAD1_C
PF00057	Ldl_recept_a
PF00058	Ldl_recept_b
PF29932	LdmS_C
PF27267	LdmS_N
PF12617	LdpA_C
PF25160	LdpA_Fe-S-bd
PF13940	Ldr_toxin
PF17969	Ldt_C
PF18163	LD_cluster2
PF18180	LD_cluster3
PF28692	LD_N
PF23894	LD_SV2
PF26153	LEA-2L_5
PF26150	LEA-2_4
PF27970	LEA1_2_D7_KIN2
PF08252	Leader_CPA1
PF08253	Leader_Erm
PF08254	Leader_Thr
PF08255	Leader_Trp
PF07359	LEAP-2
PF03760	LEA_1
PF03168	LEA_2
PF03242	LEA_3a
PF22272	LEA_3b
PF02987	LEA_4
PF00477	LEA_5
PF10714	LEA_6
PF30862	LEB1
PF15619	Lebercilin
PF26730	LECT2_C
PF00059	Lectin_C
PF18022	Lectin_C_term
PF18483	Lectin_L-type_dom
PF03388	Lectin_leg-like
PF00139	Lectin_legB
PF18560	Lectin_like
PF03954	Lectin_N
PF11467	LEDGF
PF20854	LED_rpt
PF05098	LEF-4
PF04941	LEF-8
PF05094	LEF-9
PF05612	Leg1
PF18654	LegC3_N
PF05150	Legionella_OMP
PF20985	Legum_prodom
PF07858	LEH
PF30842	LEKR1
PF15042	LELP1
PF03020	LEM
PF22945	LEM-3_GIY-YIG
PF20834	Lem25
PF04011	LemA
PF08262	Lem_TRP
PF02998	Lentiviral_Tat
PF05851	Lentivirus_VIF
PF07401	Lenti_VIF_2
PF04004	Leo1
PF15221	LEP503
PF06421	LepA_C
PF18227	LepB_GAP_C
PF18172	LepB_GAP_N
PF18640	LepB_N
PF02024	Leptin
PF27902	Lepto_4Cys
PF27903	Lepto_8Cys
PF27868	Lepto_lipo
PF27904	Lepto_Lipo_YY_C
PF27908	Lept_O_ant_chp1
PF06328	Lep_receptor_Ig
PF28232	LESV
PF26561	LETM1_C
PF07766	LETM1_RBD
PF19324	LETM2_N
PF08502	LeuA_dimer
PF30132	Leucokinin
PF14795	Leucyl-specific
PF27512	LeuD
PF27434	LeuD_C
PF09127	Leuk-A4-hydro_C
PF07968	Leukocidin
PF08054	Leu_leader
PF03588	Leu_Phe_trans
PF30046	Leu_Phe_trans_N
PF15294	Leu_zip
PF01819	Levi_coat
PF01726	LexA_DNA_bind
PF22684	LFE_1968-like
PF11488	Lge1
PF08310	LGFP
PF08596	Lgl_C
PF01790	LGT
PF22375	Lgt1_N
PF00556	LHC
PF23190	LHD_TRPY1
PF14411	LHH
PF29815	LH_prot_PucE
PF09922	LiaF-like_C
PF22570	LiaF-TM
PF18917	LiaI-LiaF-like_TM1
PF22571	LiaI-LiaF-TM_PspC
PF16881	LIAS_N
PF27950	LIAT1
PF29977	LIC10012_3rd
PF28306	LIC10012_N
PF28309	LIC11073
PF28303	LIC11874
PF27859	LIC12162
PF28300	LIC13410
PF28633	LIC4_C
PF04991	LicD
PF22146	LicP_NPro
PF28271	LIC_11090
PF28267	LIC_12936
PF17916	LID
PF18641	LidA_Long_CC
PF10230	LIDHydrolase
PF21177	LIF-R_Ig-like
PF30203	LIF1_N
PF17971	LIFR_D2
PF25552	LIFR_D4
PF18207	LIFR_N
PF01291	LIF_OSM
PF16759	LIG3_BRCT
PF07746	LigA
PF00549	Ligase_CoA
PF19045	Ligase_CoA_2
PF02900	LigB
PF13298	LigD_N
PF21686	LigD_Prim-Pol
PF02834	LigT_PEase
PF19301	LigXa_C
PF18330	Lig_C
PF00060	Lig_chan
PF10613	Lig_chan-Glu_bd
PF30879	LIL3_
PF00412	LIM
PF15332	LIME1
PF01803	LIM_bind
PF25076	LIM_FHL2-3_N
PF25375	Lin-15B
PF21890	Lin-28A-like_zf-CCHC_2
PF03353	Lin-8
PF27405	Lin0124_C
PF09585	Lin0512_fam
PF14297	Lin1244_N
PF29135	LIN13_N
PF29157	LIN13_zf
PF31176	LIN14_BEN
PF29463	LIN26_N
PF15306	LIN37
PF10044	LIN52
PF28958	LIN5_N
PF19438	LIN9_C
PF21418	LinB-like_C
PF21971	LINC-PINT
PF14695	LINES_C
PF14694	LINES_N
PF00538	Linker_histone
PF04454	Linocin_M18
PF27932	Linr3
PF03583	LIP
PF25526	LIP-1
PF15904	LIP1
PF29681	LIP1_C
PF00151	Lipase
PF03893	Lipase3_N
PF01674	Lipase_2
PF01764	Lipase_3
PF12262	Lipase_bact_N
PF18067	Lipase_C
PF03280	Lipase_chap
PF00657	Lipase_GDSL
PF13472	Lipase_GDSL_2
PF14606	Lipase_GDSL_3
PF16255	Lipase_GDSL_lke
PF28590	Lipid_A_deac
PF12888	Lipid_bd
PF08557	Lipid_DES
PF10520	Lipid_desat
PF16876	Lipin_mid
PF04571	Lipin_N
PF12103	Lipl32
PF00061	Lipocalin
PF24976	Lipocalin_10
PF08212	Lipocalin_2
PF12702	Lipocalin_3
PF13648	Lipocalin_4
PF13924	Lipocalin_5
PF14651	Lipocalin_7
PF16585	Lipocalin_8
PF00820	Lipoprotein_1
PF03202	Lipoprotein_10
PF03260	Lipoprotein_11
PF03640	Lipoprotein_15
PF03923	Lipoprotein_16
PF04200	Lipoprotein_17
PF13617	Lipoprotein_19
PF00921	Lipoprotein_2
PF13942	Lipoprotein_20
PF14041	Lipoprotein_21
PF17294	Lipoprotein_22
PF18966	Lipoprotein_23
PF00938	Lipoprotein_3
PF01441	Lipoprotein_6
PF01540	Lipoprotein_7
PF02030	Lipoprotein_8
PF03180	Lipoprotein_9
PF07553	Lipoprotein_Ltp
PF03305	Lipoprotein_X
PF00305	Lipoxygenase
PF27897	Lipo_LenA
PF28245	Lipo_PTPT
PF25228	Lips
PF03279	Lip_A_acyltrans
PF24708	Lip_C
PF10437	Lip_prot_lig_C
PF07207	Lir1
PF08513	LisH
PF16045	LisH_2
PF29040	LisH_CTF50
PF24951	LisH_PAC1
PF30097	LisH_SSDP
PF17814	LisH_TPL
PF30093	LisH_UCP007778
PF23627	LisH_WDR26
PF24550	LIS_MGM1
PF07314	Lit
PF14954	LIX1
PF15478	LKAAEAR
PF06261	LktC
PF14945	LLC1
PF15838	LLCFC1
PF26578	LLG1
PF22692	LlgE_F_G_D1
PF08366	LLGL
PF10169	LLPH
PF04791	LMBR1
PF11209	LmeA
PF06762	LMF1
PF25179	LMF1_C
PF14421	LmjF365940-deam
PF28869	LMNTD2_N
PF28286	Lmo0673
PF28120	Lmo0850
PF22416	Lmo2445-like_C
PF22681	Lmo2446-like_N
PF04778	LMP
PF07988	LMSTEN
PF12532	LmuB_C
PF01451	LMWPc
PF12211	LMWSLP_N
PF13387	Lnb_N
PF30476	LNK
PF18238	LnmK_N_HDF
PF15419	LNP1
PF08235	LNS2
PF24694	LNS2_PITM1-3
PF22390	LntA_helical
PF20154	LNT_N
PF21658	LNYV_PP_C
PF03195	LOB
PF28225	LOC1_helical
PF21013	LOC400499
PF26760	Lockin
PF22991	Lock_Gag1-like
PF18417	LodA_C
PF17990	LodA_N
PF10158	LOH1CR12
PF03548	LolA
PF25897	LolA_1st_nematode
PF16584	LolA_2
PF25898	LolA_2nd_metazoa
PF19574	LolA_3
PF03550	LolB
PF20436	LonB_AAA-LID
PF20437	LonC_helical
PF13774	Longin
PF18639	Longin_2
PF05362	Lon_C
PF22667	Lon_lid
PF02190	LON_substr_bdg
PF04525	LOR
PF15847	Loricrin
PF28345	LPA1_N
PF27949	LPA2-like
PF08139	LPAM_1
PF06474	LPAM_MltD
PF18796	LPD1
PF18824	LPD11
PF18825	LPD13
PF18827	LPD14
PF18828	LPD15
PF18830	LPD16
PF18832	LPD18
PF18834	LPD22
PF18838	LPD23
PF18839	LPD24
PF18840	LPD25
PF18842	LPD26
PF18843	LPD28
PF18847	LPD29
PF18798	LPD3
PF18850	LPD30
PF18852	LPD34
PF18853	LPD37
PF18857	LPD38
PF18858	LPD39
PF18799	LPD5
PF18821	LPD7
PF21758	LpdD_chaperone
PF28147	LPFR_strepto
PF22035	Lpg0393_VPS9
PF20980	lpg1496_N
PF27081	Lpg1689
PF09924	LPG_synthase_C
PF03706	LPG_synthase_TM
PF21948	LplA-B_cat
PF30553	LPMO11_C
PF03067	LPMO_10
PF22810	LPMO_AA14
PF13036	LpoB
PF31271	LPO_N
PF04728	LPP
PF10738	Lpp-LpqN
PF02169	LPP20
PF16708	LppA
PF04348	LppC
PF27220	LppJ
PF21946	LppM
PF07161	LppX_LprAFG
PF25976	LpqB_N
PF04314	LpqE-like
PF26327	LpqS
PF17301	LpqV
PF07007	LprI
PF06835	LptC
PF04453	LptD
PF19838	LptD_2
PF03968	LptD_N
PF04390	LptE
PF03739	LptF_LptG
PF13627	LptM_cons
PF02684	LpxB
PF03331	LpxC
PF04613	LpxD
PF06230	LpxI_C
PF17930	LpxI_N
PF02606	LpxK
PF09982	LpxR
PF04970	LRAT
PF30666	LRC39_N
PF22125	Lreu_0056_like
PF03788	LrgA
PF04172	LrgB
PF15741	LRIF1
PF20733	LRIM1_dimer
PF16472	LRP1-like_beta_prop
PF15176	LRR19-TM
PF15779	LRRC37
PF14914	LRRC37AB_C
PF28335	LRRC43_C
PF28328	LRRC43_N
PF01463	LRRCT
PF16920	LRRCT_2
PF09738	LRRFIP
PF01462	LRRNT
PF08263	LRRNT_2
PF00560	LRR_1
PF18805	LRR_10
PF18831	LRR_11
PF18837	LRR_12
PF23286	LRR_13
PF23598	LRR_14
PF24969	LRR_15
PF26020	LRR_16
PF07723	LRR_2
PF07725	LRR_3
PF12799	LRR_4
PF13306	LRR_5
PF13516	LRR_6
PF13855	LRR_8
PF14580	LRR_9
PF08191	LRR_adjacent
PF23622	LRR_At1g61320_AtMIF1
PF24758	LRR_At5g56370
PF29265	LRR_CARMIL
PF24141	LRR_ComC
PF23952	LRR_EndoS
PF27086	LRR_F-Box-like
PF25372	LRR_FBXL15
PF19729	LRR_FBXL18
PF23211	LRR_LRWD1
PF29247	LRR_MHP1-HER1-GIP3
PF29255	LRR_NLRC3
PF29252	LRR_NLRC4
PF24048	LRR_NXF1-5
PF29460	LRR_NXF2
PF25019	LRR_R13L1-DRL21
PF18779	LRR_RI_capping
PF23247	LRR_RPS2
PF29594	LRR_SKP2
PF27087	LRR_TMOD-LMOD
PF12468	LRR_TTSS
PF25013	LRR_Zer-1
PF10422	LRS4
PF01816	LRV
PF25591	LRV_2
PF05484	LRV_FeS
PF28316	Lsa36
PF18139	LSDAT_euk
PF18171	LSDAT_prok
PF01423	LSM
PF28412	LSM11_N
PF30285	LSM12_C
PF21166	LSM12_LSM
PF12701	LSM14
PF06741	LsmAD
PF14894	Lsm_C
PF05391	Lsm_interact
PF16605	LSM_int_assoc
PF31193	LSM_LSM12_Trypanos
PF22048	LSO1_2-like
PF06049	LSPR
PF05624	LSR
PF11774	Lsr2
PF23359	Lsr2_DNA-bd
PF14067	LssY_C
PF05083	LST1
PF31026	LST2_mid
PF24980	LSU
PF06453	LT-IIB
PF27449	LtaS_N
PF00932	LTD
PF23926	LtfC
PF23403	LTI65_LTI78_N
PF23402	LTI65_LTI78_NYQTKV
PF23399	LTI65_PGEED
PF25393	LTM
PF22958	Ltn1_1st
PF24618	LTN1_E3_ligase_5th
PF22999	LTN1_E3_ligase_6th
PF14368	LTP_2
PF06772	LtrA
PF17446	LtuA
PF17455	LtuB
PF04180	LTV
PF07813	LTXXQ
PF03194	LUC7
PF26307	LUCA
PF17648	Luciferase
PF10284	Luciferase_3H
PF10285	Luciferase_cat
PF05295	Luciferase_N
PF02589	LUD_dom
PF12893	Lumazine_bd_2
PF00677	Lum_binding
PF31016	Lunapark_N
PF18242	LupA
PF14854	LURAP
PF29114	LURY1
PF14625	Lustrin_cystein
PF11870	LutB_C
PF00894	Luteo_coat
PF08467	Luteo_P1-P2
PF04662	Luteo_PO
PF01659	Luteo_Vpg
PF05893	LuxC
PF04443	LuxE
PF09308	LuxQ-periplasm
PF02664	LuxS
PF18285	LuxT_C
PF30756	LUZP2
PF29690	LUZP6
PF29777	LvgA
PF28095	LVIS_2131
PF08309	LVIVD
PF28946	LvrA_C
PF26423	LWR_salt
PF04740	LXG
PF28162	LxmA-like_leader
PF06907	LXN
PF06579	Ly-6_related
PF08391	Ly49
PF00206	Lyase_1
PF02278	Lyase_8
PF02884	Lyase_8_C
PF08124	Lyase_8_N
PF00221	Lyase_aromatic
PF09093	Lyase_catalyt
PF09092	Lyase_N
PF18916	Lycopene_cyc
PF05834	Lycopene_cycl
PF16084	LydB
PF30625	Lymphostatin_ART
PF11996	Lymphostatin_delI
PF30611	Lymphostatin_GT-II
PF30613	Lymphostatin_protease
PF30615	Lymphostatin_VX-I
PF30616	Lymphostatin_VX-II
PF15686	LYRIC
PF20263	LYRM2-like
PF23655	LYRM_2
PF00062	Lys
PF31264	Lys-1
PF09043	Lys-AminoMut_A
PF30998	Lys-rich_AGP
PF28015	LysA
PF23793	LysC
PF30586	LYSC_C
PF01810	LysE
PF31087	LysG
PF03641	Lysine_decarbox
PF02402	Lysis_col
PF01476	LysM
PF29312	LysM-like_PVC7
PF26794	LysM11_ab
PF30526	LysM11_C
PF30529	LysM11_N
PF25139	LysM14_C
PF23446	LysM1_NFP_LYK
PF23472	LysM2_CERK1_LYK3_4_5
PF23457	LysM2_NFP
PF23473	LysM3_LYK4_5
PF23462	LysM3_NFP
PF30480	LysM4_N
PF30403	LysM_MltD
PF04225	LysM_OapA
PF23577	LysM_RLK
PF29028	LysM_SLT_C
PF25533	Lysostaphin_N
PF13702	Lysozyme_like
PF03466	LysR_substrate
PF22626	LysX_preATP_grasp
PF27052	Lysyl_endopep_N
PF01186	Lysyl_oxidase
PF03956	Lys_export
PF13434	Lys_Orn_oxgnase
PF31190	Lys_phage
PF02401	LYTB
PF18342	LytB_SH3
PF21640	LytM_N
PF13399	LytR_C
PF03816	LytR_cpsA_psr
PF04397	LytTR
PF07385	Lyx_isomer
PF18517	LZ3wCH
PF14389	Lzipper-MIP1
PF13011	LZ_Tnp_IS481
PF13007	LZ_Tnp_IS66
PF04604	L_biotic_typeA
PF10242	L_HMGIC_fpl
PF06673	L_lactis_ph-MCP
PF06430	L_lactis_RepB_C
PF06488	L_lac_phage_MSP
PF12603	L_PA-C-like
PF15518	L_protein_N
PF21561	L_thumb_ring_vir
PF02370	M
PF03855	M-factor
PF25030	M-HEAT_ATR
PF06617	M-inducer_phosp
PF12216	m04gp34like
PF11099	M11L
PF11624	M157
PF22158	M157_N_1
PF08367	M16C_assoc
PF29334	M1AP_C
PF28287	M1AP_N
PF21648	M1E1E6-like
PF07687	M20_dimer
PF21932	M2AP_beta_dom
PF09213	M3
PF21433	M3K_C
PF17291	M60-like_N
PF16217	M64_N
PF09245	MA-Mit
PF02847	MA3
PF16951	MaAIMP_sms
PF07476	MAAL_C
PF05034	MAAL_N
PF03281	Mab-21
PF20266	Mab-21_C
PF10240	MABP
PF12464	Mac
PF09028	Mac-1
PF12704	MacB_PCD
PF14865	Macin
PF09726	Macoilin
PF01823	MACPF
PF22693	MACPF_1
PF20779	MACPF_D2
PF20785	MACPF_D3
PF24674	MACPF_SNTX
PF26336	MacP_activator
PF01661	Macro
PF14519	Macro_2
PF03523	Macscav_rec
PF16628	Mac_assoc
PF05557	MAD
PF28990	MAD2_N
PF08311	Mad3_BUB1_I
PF08171	Mad3_BUB1_II
PF17014	Mad3_BUB1_I_2
PF26611	MAD7
PF10545	MADF_DNA_bdg
PF27502	MadH_C
PF03817	MadL
PF03818	MadM
PF13017	Maelstrom
PF02545	Maf
PF09174	Maf1
PF29356	MAF1_C
PF26521	MAFA_adhesin
PF06255	MafB
PF14437	MafB19-deam
PF12750	Maff2
PF26541	MafI2
PF20156	Maf_C
PF20157	Maf_flag10_N
PF08383	Maf_N
PF06672	MagC
PF01454	MAGE
PF12440	MAGE_N
PF16663	MAGI_u1
PF16666	MAGI_u5
PF28196	Magnetosome_regulatory
PF09282	Mago-bind
PF02792	Mago_nashi
PF05507	MAGP
PF03082	MAGSP
PF10608	MAGUK_N_PEST
PF27635	Mahjong_helical
PF15077	MAJIN
PF09950	Major_capside
PF04112	Mak10
PF04874	Mak16
PF30362	MAKR5_C
PF30942	MAKR6
PF18085	Mak_N_cap
PF30081	MAL13P1_147_C
PF29673	MAL13P1_304_C
PF12434	Malate_DH
PF22701	Mala_s_1-like
PF11721	Malectin
PF12819	Malectin_like
PF20872	MalF_N_TM
PF14785	MalF_P2
PF00390	malic
PF03949	Malic_M
PF07148	MalM
PF30397	MalM_C
PF21226	MalQ_N
PF30434	MalS_N
PF18703	MALT1_Ig
PF16657	Malt_amylase_C
PF16957	Mal_decarbox_Al
PF00629	MAM
PF10434	MAM1
PF02330	MAM33
PF26373	MamC
PF09685	MamF_MmsF
PF26391	MamI
PF09596	MamL-1
PF20802	MAML1_3_TAD1
PF20801	MAML1_3_TAD2
PF20804	MAML2_TAD
PF26390	MamS_MamX
PF26389	MamY_C
PF02157	Man-6-P_recep
PF22640	ManC_GMP_beta-helix
PF07502	MANEC
PF01232	Mannitol_dh
PF08125	Mannitol_dh_C
PF01050	MannoseP_isomer
PF17786	Mannosidase_ig
PF05007	Mannosyl_trans
PF04188	Mannosyl_trans2
PF11051	Mannosyl_trans3
PF15971	Mannosyl_trans4
PF21253	Mann_GBD_bact
PF01575	MaoC_dehydratas
PF03642	MAP
PF14925	MAP10_C
PF14924	MAP10_N
PF15807	MAP17
PF00414	MAP1B_neuraxin
PF08377	MAP2_projctn
PF27575	Map3k7cl
PF13281	MAP3K_TRAF_bd
PF30522	MAP6
PF03999	MAP65_ASE1
PF05672	MAP7
PF07058	MAP70
PF28194	MapA_lipoprotein
PF23415	MAPB1_N
PF01124	MAPEG
PF08923	MAPKK1_Int
PF18708	MapZ_C2
PF18041	MapZ_EC1
PF28171	MAP_0585
PF17270	MAP_0900
PF06740	MAP_Futsch
PF13999	MarB
PF01914	MarC
PF23113	MARCHF6_C
PF31018	MARCH_TM_C
PF02063	MARCKS
PF02124	Marek_A
PF07153	Marek_SORF3
PF19687	MARF1_LOTUS
PF01047	MarR
PF12802	MarR_2
PF01284	MARVEL
PF10564	MAR_sialic_bdg
PF02064	MAS20
PF05231	MASE1
PF20970	MASE10
PF20969	MASE11
PF20971	MASE12
PF05230	MASE2
PF17159	MASE3
PF17158	MASE4
PF17178	MASE5
PF20966	MASE6
PF20967	MASE7
PF20968	MASE8
PF20972	MASE9
PF27849	MAST
PF08249	Mastoparan
PF08251	Mastoparan_2
PF06391	MAT1
PF17043	MAT1-1-2
PF10221	Mat89Bb
PF28944	MATalpha3_N
PF04769	MATalpha_HMGbox
PF16449	MatB
PF08014	MATCAP
PF07158	MatC_N
PF01554	MatE
PF00917	MATH
PF22486	MATH_2
PF12737	Mating_C
PF12731	Mating_N
PF01824	MatK_N
PF06303	MatP
PF17414	MatP_C
PF10393	Matrilin_ccoil
PF16520	Matrix_Borna
PF07447	Matrix_Filo
PF23765	Matrix_Paramyxo_C
PF00661	Matrix_Paramyxo_N
PF23766	Matrix_Pneumo_C
PF03393	Matrix_Pneumo_N
PF07291	MauE
PF17419	MauJ
PF30157	MauJ_N
PF30241	MavE
PF24754	MavL
PF16062	MavL-like
PF23364	MAX_effector
PF11455	MazE-like
PF30224	MazE1
PF04014	MazE_antitoxin
PF27083	MazE_antitoxin_C
PF03819	MazG
PF12643	MazG-like
PF18722	MazG_C
PF27510	MazG_N
PF27532	Mb0984_helical
PF27540	Mb1296_C
PF07961	MBA1
PF23508	MBB1
PF01429	MBD
PF16564	MBDa
PF14048	MBD_C
PF04899	MbeD_MobD
PF11187	Mbeg1-like
PF08523	MBF1
PF15868	MBF2
PF17883	MBG
PF18676	MBG_2
PF18887	MBG_3
PF13244	MbhD
PF20501	MbhE
PF30494	MBIP_C
PF27820	MBIP_N
PF25281	MBL_MAP1B
PF05114	MbnB_TglH_ChrH
PF27805	MbnC-like
PF20243	MbnP
PF03062	MBOAT
PF13813	MBOAT_2
PF30178	MboIIR_C
PF30179	MboIIR_mid
PF30916	MBP2C
PF17058	MBR1
PF02820	MBT
PF03621	MbtH
PF23001	MBTP1_N
PF23094	MBTPS1_3rd
PF23090	MBTPS1_4th
PF05854	MC1
PF20288	MC2
PF20131	MC3
PF20290	MC4
PF20291	MC5
PF20293	MC6
PF28926	MC69
PF20292	MC7
PF20295	MC8
PF19584	MCAfunc
PF27891	McbB
PF19331	MCCA_BT
PF15707	MCCD1
PF17508	MccV
PF05292	MCD
PF28693	MCD1
PF26392	McdB
PF31208	McdB_C
PF17408	MCD_N
PF11887	Mce4_CUP1
PF21004	MCEL_GT_NTPase
PF10640	MCEL_TPase
PF30646	Mcf1_ABD
PF30645	Mcf1_NED
PF30660	Mcf1_PED
PF02289	MCH
PF31133	MchB
PF13072	MciZ
PF12341	Mcl1_mid
PF05934	MCLC
PF21381	MCLN_ECD
PF00493	MCM
PF22517	Mcm-like_N
PF09332	Mcm10
PF30129	MCM22_C
PF12619	MCM2_N
PF29854	MCM3AP_GANP_C
PF16769	MCM3AP_GANP_N
PF21933	MCM5_C
PF26065	MCM8_N
PF26066	MCM9_N
PF26063	MCMDC2_N
PF09739	MCM_bind
PF17855	MCM_lid
PF14551	MCM_N
PF17207	MCM_OB
PF20289	MComp1
PF22673	MCP-like_PDC_1
PF25654	MCP1_SIFV
PF07950	MCP1_TM
PF21563	Mcp40H-20_sensor
PF12814	Mcp5_PH
PF22097	McpB_HAMP_1st
PF21927	McpB_HAMP_2
PF18182	mCpol
PF00015	MCPsignal
PF02993	MCPVI
PF21660	MCP_C
PF22031	MCP_V20_C
PF18509	MCR
PF06100	MCRA
PF30443	McrA_N
PF10117	McrBC
PF28529	McrB_lid
PF13325	MCRS_N
PF02249	MCR_alpha
PF02745	MCR_alpha_N
PF02241	MCR_beta
PF02783	MCR_beta_N
PF04609	MCR_C
PF02505	MCR_D
PF02240	MCR_gamma
PF29892	McsA
PF27454	McsB_C
PF11382	MctB
PF04678	MCU
PF12593	McyA_C
PF19315	MC_hydratase
PF28635	MDA2
PF06833	MdcE
PF10620	MdcG
PF20866	MdcG_N
PF18376	MDD_C
PF15316	MDFI
PF02315	MDH
PF30536	MDH1B_N
PF21791	MDHAR3-like_C
PF15501	MDM1
PF12519	MDM10
PF26544	Mdm12
PF08118	MDM31_MDM32
PF28355	MDM34_C
PF28762	MDM34_helical
PF26545	Mdm34_N
PF07398	MDMPI_C
PF11716	MDMPI_N
PF21108	MDN1_4th
PF04349	MdoG
PF26139	MDS2_C
PF29108	Mdt-12_N
PF30341	MDT-28
PF29509	Mdt30
PF11542	Mdv1
PF18514	MDY2_C
PF06433	Me-amine-dh_H
PF02975	Me-amine-dh_L
PF06910	MEA1
PF03308	MeaB
PF22214	Mec-4_10_cyt
PF05389	MecA
PF05223	MecA_N
PF09773	Meckelin
PF10744	Med1
PF09748	Med10
PF10280	Med11
PF09497	Med12
PF12145	Med12-LCEWAV
PF12144	Med12-PQL
PF06333	Med13_C
PF11597	Med13_N
PF08638	Med14
PF25069	Med14_C
PF26204	Med14_fung
PF21539	Med15_C
PF05397	Med15_fungi
PF21538	Med15_M
PF09606	Med15_N
PF30952	MED16_beta-prop
PF20718	Med16_bridge
PF20719	Med16_C
PF30926	MED16_helical
PF11635	Med16_N
PF10156	Med17
PF30532	Med17_C
PF30534	Med17_M
PF09637	Med18
PF10278	Med19
PF11214	Med2
PF08612	Med20
PF11221	Med21
PF06179	Med22
PF11573	Med23
PF11277	Med24_N
PF11232	Med25
PF11235	Med25_SD1
PF11265	Med25_VWA
PF08711	Med26
PF15693	Med26_C
PF15694	Med26_M
PF11571	Med27
PF11594	Med28
PF11568	Med29
PF11593	Med3
PF11315	Med30
PF05669	Med31
PF27769	MED33_C
PF27814	MED33_TPR-like_2nd
PF27774	MED33_TPR-like_mid
PF10018	Med4
PF08689	Med5
PF04934	Med6
PF05983	Med7
PF10232	Med8
PF28579	MED8_mid
PF07544	Med9
PF30941	MEDAG
PF29306	Mediator_1_middle
PF14417	MEDS
PF26376	Mef1
PF09047	MEF2_binding
PF24153	Meg
PF17560	Megourin
PF30272	Mei-P22_C
PF28582	MEI1_N
PF13971	Mei4
PF10376	Mei5
PF17021	Mei5_like
PF27928	Meikin
PF15189	MEIOC
PF15163	Meiosis_expr
PF03525	Meiotic_rec114
PF16493	Meis_PKNOX_N
PF08670	MEKHLA
PF19431	MEKK4_N
PF06236	MelC1
PF08189	Meleagrin
PF02065	Melibiase
PF16499	Melibiase_2
PF17450	Melibiase_2_C
PF17801	Melibiase_C
PF01372	Melittin
PF19221	MELT
PF15402	MELT_2
PF09746	Membralin
PF14564	Membrane_bind
PF27925	Membrane_MLC1
PF27867	Membra_charge
PF01875	Memo
PF02964	MeMO_Hyd_G
PF03547	Mem_trans
PF21508	MenC_N
PF05053	Menin
PF25161	Menorin_C
PF10223	Menorin_N
PF10457	MENTAL
PF29009	MEP1_N
PF08877	MepB-like
PF09074	Mer2
PF03243	MerB
PF27991	merbe_CoV_ORF8b-like
PF03203	MerC
PF05052	MerE
PF07133	Merozoite_SPAM
PF30079	Merozoite_surf_9_helical
PF00376	MerR
PF09278	MerR-DNA-bind
PF13411	MerR_1
PF13591	MerR_2
PF27993	MERS-CoV-like_ORF5
PF16934	Mersacidin
PF02411	MerT
PF29623	MerT_actino
PF30325	MES-3_C
PF30324	MES-3_M
PF10185	Mesd
PF06060	Mesothelin
PF08908	MesX
PF03724	META
PF31179	Metacaspase_2_C
PF01676	Metalloenzyme
PF12044	Metallopep
PF00149	Metallophos
PF16370	MetallophosC
PF16371	MetallophosN
PF12850	Metallophos_2
PF14582	Metallophos_3
PF14008	Metallophos_C
PF00131	Metallothio
PF30063	Metallothionein
PF02066	Metallothio_11
PF01439	Metallothio_2
PF02067	Metallothio_5
PF05522	Metallothio_6
PF07846	Metallothio_Cad
PF12749	Metallothio_Euk
PF02068	Metallothio_PEC
PF02069	Metallothio_Pro
PF11403	Metallothio_yeast
PF12809	Metallothi_Euk2
PF27650	Metalthion_crustacean
PF27649	Metalthion_nemt
PF10118	Metal_hydrol
PF13801	Metal_resist
PF09595	Metaviral_G
PF30598	Meteorin_C
PF27640	Meteorin_N
PF25751	Methanobactin
PF06652	Methuselah_N
PF01420	Methylase_S
PF13636	Methyltranf_PUA
PF02086	MethyltransfD12
PF05971	Methyltransf_10
PF08241	Methyltransf_11
PF08242	Methyltransf_12
PF08421	Methyltransf_13
PF08484	Methyltransf_14
PF09445	Methyltransf_15
PF10294	Methyltransf_16
PF12692	Methyltransf_17
PF12847	Methyltransf_18
PF04672	Methyltransf_19
PF02870	Methyltransf_1N
PF00891	Methyltransf_2
PF12147	Methyltransf_20
PF05050	Methyltransf_21
PF13383	Methyltransf_22
PF13489	Methyltransf_23
PF13578	Methyltransf_24
PF13649	Methyltransf_25
PF02636	Methyltransf_28
PF03141	Methyltransf_29
PF01596	Methyltransf_3
PF05430	Methyltransf_30
PF13847	Methyltransf_31
PF13679	Methyltransf_32
PF10017	Methyltransf_33
PF11312	Methyltransf_34
PF20553	Methyltransf_35
PF23525	Methyltransf_36
PF30636	Methyltransf_37
PF02390	Methyltransf_4
PF01795	Methyltransf_5
PF03492	Methyltransf_7
PF05148	Methyltransf_8
PF08003	Methyltransf_9
PF29244	Methyltransf_ANTKMT
PF12248	Methyltransf_FA
PF05891	Methyltransf_PK
PF21080	Methyltrans_Mon_1st
PF14314	Methyltrans_Mon_2nd
PF21081	Methyltrans_Mon_3rd
PF04452	Methyltrans_RNA
PF10672	Methyltrans_SAM
PF04013	Methyltrn_RNA_2
PF02598	Methyltrn_RNA_3
PF09936	Methyltrn_RNA_4
PF01189	Methyltr_RsmB-F
PF17125	Methyltr_RsmF_N
PF10119	MethyTransf_Reg
PF08267	Meth_synt_1
PF01717	Meth_synt_2
PF01340	MetJ
PF18546	MetOD1
PF18548	MetOD2
PF09635	MetRS-N
PF07021	MetW
PF06368	Met_asp_mut_E
PF06838	Met_gamma_lyase
PF02965	Met_synt_B12
PF28566	MEX1_N
PF17445	Mfa1
PF17317	MFA1_2
PF08842	Mfa2
PF22358	MfA4_C
PF06991	MFAP1
PF13149	Mfa_like_1
PF15415	Mfa_like_2
PF30518	Mfd_cyano
PF21132	MFD_D3
PF22622	MFE-2_hydrat-2_N
PF28463	MFI_C
PF07777	MFMR
PF16596	MFMR_assoc
PF04202	Mfp-3
PF12150	MFP2b
PF17352	MFS18
PF07690	MFS_1
PF12832	MFS_1_like
PF13347	MFS_2
PF05977	MFS_3
PF06779	MFS_4
PF05631	MFS_5
PF16983	MFS_MOT1
PF07672	MFS_Mycoplasma
PF23709	MftA
PF28189	MftB-like
PF26520	MftB_chaperone
PF04648	MF_alpha
PF05436	MF_alpha_N
PF07109	Mg-por_mtran_C
PF17790	MG1
PF27319	MG185_MG260
PF01835	MG2
PF23067	MG280
PF09644	Mg296
PF17791	MG3
PF17789	MG4
PF22373	MG491_central
PF05043	Mga
PF05060	MGAT2
PF23524	MGAT4A_C
PF04666	MGAT4_cons
PF16059	MGA_dom
PF05283	MGC-24
PF06925	MGDG_synth
PF22422	MGH1-like_GH
PF22420	MglA_C
PF29198	MglC_N
PF06420	Mgm101p
PF09153	MGMT_N
PF19342	MGP3_C
PF05220	MgpC
PF08602	Mgr1
PF28917	MGR3_mid
PF13998	MgrB
PF02142	MGS
PF12002	MgsA_C
PF21967	MGS_C
PF21969	MGS_GT
PF15027	MGT5A_N
PF09178	MGTA_C
PF02308	MgtC
PF21770	MgtC_SapB_C
PF01769	MgtE
PF03448	MgtE_N
PF17059	MGTL
PF22865	MgtS-like
PF23498	MgtT
PF01078	Mg_chelatase
PF13335	Mg_chelatase_C
PF31109	MG_like
PF05653	Mg_trans_NIPA
PF03165	MH1
PF03166	MH2
PF16525	MHB
PF09307	MHC2-interact
PF08831	MHCassoc_trimer
PF00129	MHC_I
PF00993	MHC_II_alpha
PF00969	MHC_II_beta
PF14586	MHC_I_2
PF16497	MHC_I_3
PF06623	MHC_I_C
PF28401	MHP1_C
PF12829	Mhr1
PF22104	MHV_Nsp3_DPUP
PF03707	MHYT
PF30829	MIA2_CC
PF31049	MiaB_C
PF23701	MIAC
PF06175	MiaE
PF09117	MiAMP1
PF02426	MIase
PF26361	MIB_arm
PF06701	MIB_HERC2
PF26360	MIB_M1
PF26364	MIB_M2
PF05300	MIC19_MIC25
PF29913	MIC21
PF30310	MIC27
PF21496	MIC5
PF27546	MICAH
PF12258	Microcephalin
PF03526	Microcin
PF30034	Microplusin
PF23479	Microp_apicomplexa
PF23519	Microp_apicomplexa_10
PF23520	Microp_apicomplexa_11
PF23522	Microp_apicomplexa_12
PF23523	Microp_apicomplexa_13
PF23527	Microp_apicomplexa_14
PF23528	Microp_apicomplexa_15
PF23529	Microp_apicomplexa_16
PF23531	Microp_apicomplexa_17
PF23533	Microp_apicomplexa_19
PF23483	Microp_apicomplexa_2
PF23534	Microp_apicomplexa_20
PF23535	Microp_apicomplexa_21
PF23537	Microp_apicomplexa_22
PF28797	Microp_apicomplexa_23
PF28798	Microp_apicomplexa_24
PF28848	Microp_apicomplexa_25
PF28866	Microp_apicomplexa_26
PF28868	Microp_apicomplexa_27
PF28877	Microp_apicomplexa_28
PF23496	Microp_apicomplexa_3
PF29311	Microp_apicomplexa_30
PF29462	Microp_apicomplexa_31
PF29464	Microp_apicomplexa_32
PF29504	Microp_apicomplexa_33
PF29512	Microp_apicomplexa_34
PF29513	Microp_apicomplexa_35
PF29537	Microp_apicomplexa_36
PF29879	Microp_apicomplexa_37
PF23501	Microp_apicomplexa_4
PF23503	Microp_apicomplexa_5
PF23510	Microp_apicomplexa_6
PF23512	Microp_apicomplexa_8
PF23513	Microp_apicomplexa_9
PF24004	Microp_archaea
PF29475	Microp_euk
PF16796	Microtub_bd
PF13931	Microtub_bind
PF04687	Microvir_H
PF04726	Microvir_J
PF04517	Microvir_lysis
PF17018	MICSWaP
PF12929	Mid1
PF04478	Mid2
PF21297	MID51-like_C
PF18296	MID_MedPIWI
PF18157	MID_pPIWI_RE
PF16026	MIEAP
PF19426	MIER1_3_C
PF01187	MIF
PF15624	Mif2_N
PF14877	mIF3
PF02854	MIF4G
PF09088	MIF4G_like
PF09090	MIF4G_like_2
PF05644	Miff
PF07395	Mig-14
PF10265	Miga
PF15734	MIIP
PF12448	Milton
PF19117	Mim2
PF21491	MIMI_R596-like_C
PF26961	MimR
PF26965	MimR_N
PF06789	MINAR1_C
PF22948	MINAR1_N
PF03775	MinC_C
PF05209	MinC_N
PF22642	MinC_N_1
PF13898	MINDY-3_4_CD
PF04424	MINDY_DUB
PF03776	MinE
PF21950	MINION
PF10665	Minor_capsid_1
PF11114	Minor_capsid_2
PF06763	Minor_tail_Z
PF20809	MINT_MID
PF20808	MINT_RAM7
PF20810	MINT_RID
PF21719	MIOS_a-sol
PF21720	MIOS_WD40
PF05153	MIOX
PF00230	MIP
PF10243	MIP-T3
PF17749	MIP-T3_C
PF26752	MIP2_C
PF06629	MipA
PF27921	MIPOL1_C
PF27918	MIPOL1_N
PF09140	MipZ
PF02815	MIR
PF27835	Miracidia_Ag_8I
PF05859	Mis12
PF08202	MIS13
PF08641	Mis14
PF10644	Misat_Tub_SegII
PF15822	MISS
PF11458	Mistic
PF04212	MIT
PF15951	MITF_TFEB_C_3_N
PF13012	MitMem_reg
PF11093	Mitochondr_Som1
PF09776	Mitoc_L55
PF18126	Mitoc_mL59
PF09731	Mitofilin
PF08520	Mitofissin
PF10660	MitoNEET_N
PF28948	Mitoshell_1st_helical
PF28945	Mitoshell_middle
PF05919	Mitovir_RNA_pol
PF00153	Mito_carr
PF06258	Mito_fiss_Elm1
PF05308	Mito_fiss_reg
PF14972	Mito_morph_reg
PF15061	MITRAC7_Phoenixin
PF24497	MIT_ATG1
PF31146	MIT_ATG38
PF16565	MIT_C
PF10173	Mit_KHE1
PF17556	MIT_LIKE_ACTX
PF08039	Mit_proteolip
PF11709	Mit_ribos_Mrp51
PF14724	mit_SMPDase
PF18529	MIX
PF09774	MIX23
PF27234	MJ0013
PF27218	MJ0043_C
PF27275	MJ0093
PF27343	MJ0207
PF27273	MJ0235
PF27249	MJ0330_N
PF27276	MJ0349
PF27353	MJ0401
PF27325	MJ0538
PF27307	MJ0565
PF29260	MJ0607
PF27233	MJ0711_N
PF27309	MJ0753_N
PF27336	MJ0786_C
PF27317	MJ0786_N
PF27370	MJ0788
PF27219	MJ0874
PF31224	MJ1004_C
PF21690	MJ1010-like_2nd
PF29261	MJ1145
PF27356	MJ1155
PF27355	MJ1278
PF27305	MJ1308
PF04457	MJ1316
PF27296	MJ1341_C
PF27232	MJ1433_C
PF27246	MJ1433_N
PF27404	MJ1491
PF27230	MJ1566_N
PF27231	MJ1567
PF27357	MJ1579
PF27247	MJ1673
PF27248	MJ1674_2nd
PF22138	MjAgo_N-like
PF27324	MjaV
PF27406	MJECL01_C
PF27326	MJECL32
PF25924	MJECL33
PF27344	MJECL34
PF23712	Mkg_C
PF16540	MKLP1_Arf_bdg
PF15815	MKRN1_C
PF28010	MksB
PF21980	MksE
PF28007	MksF
PF12246	MKT1_C
PF12247	MKT1_N
PF29656	ML2630
PF04333	MlaA
PF05494	MlaC
PF02470	MlaD
PF02405	MlaE
PF14991	MLANA
PF11647	MLD
PF10248	Mlf1IP
PF16413	Mlh1_C
PF09864	MliC
PF15274	MLIP
PF22215	MLKL_N
PF00658	MLLE
PF23950	MLLE_2
PF03094	Mlo
PF03304	Mlp
PF27412	MlpA
PF22393	MLPTv-like_HTH
PF22267	MlrA_C
PF22270	MlrA_helical
PF07171	MlrC_C
PF03562	MltA
PF11873	Mltc_N
PF17765	MLTR_LBD
PF18697	MLVIN_C
PF16690	MMACHC
PF10229	MMADHC
PF23868	Mmc1_C
PF23867	Mmc1_N
PF06319	MmcB-like
PF20467	MmeI_C
PF20465	MmeI_hel
PF20473	MmeI_Mtase
PF20464	MmeI_N
PF20466	MmeI_TRD
PF19305	MmgE_PrpD_C
PF03972	MmgE_PrpD_N
PF10270	MMgT
PF09448	MmlI
PF10296	MMM1
PF02406	MmoB_DmpM
PF27775	MmoD
PF26627	MmpB
PF03176	MMPL
PF08505	MMR1
PF01926	MMR_HSR1
PF16897	MMR_HSR1_Xtn
PF12460	MMS19_C
PF14500	MMS19_N
PF30076	MMS1_C
PF30074	MMS1_M
PF30032	MMS1_N
PF22326	MMS21_N
PF14911	MMS22L_C
PF14910	MMS22L_N
PF28190	MMSYN1_0478
PF10159	MMtag
PF01054	MMTV_SAg
PF17119	MMU163
PF01642	MM_CoA_mutase
PF03962	Mnd1
PF13762	MNE1
PF04039	MnhB
PF01899	MNHE
PF27637	MNM1_beta
PF12631	MnmE_helical
PF07657	MNNL
PF15718	MNR
PF06692	MNSV_P7B
PF02659	Mntp
PF26599	MntS
PF05067	Mn_catalase
PF03404	Mo-co_dimer
PF06967	Mo-nitro_C
PF08569	Mo25
PF01967	MoaC
PF09189	MoaD_arch
PF02391	MoaE
PF10703	MoaF
PF17409	MoaF_C
PF22036	MoaF_like
PF03637	Mob1_phocein
PF03389	MobA_MobL
PF03205	MobB
PF05713	MobC
PF19514	MobC_2
PF19456	MobI
PF17511	Mobilization_B
PF18555	MobL
PF27874	Mob_CxxC_CxxC
PF01076	Mob_Pre
PF06463	Mob_synth_C
PF00994	MoCF_biosynth
PF02738	MoCoBD_1
PF20256	MoCoBD_2
PF29856	Modigliani
PF26816	Mod_ADP_RT
PF07200	Mod_r
PF03454	MoeA_C
PF03453	MoeA_N
PF16005	MOEP19
PF05161	MOFRL
PF04603	Mog1
PF12181	MogR_DNAbind
PF27864	Mollicut_2TM
PF27873	Mollicu_LP
PF17175	MOLO1
PF00384	Molybdopterin
PF18364	Molybdopterin_N
PF04879	Molybdop_Fe4S4
PF01568	Molydop_binding
PF25680	Mom
PF25029	MOM1
PF16206	Mon2_C
PF09200	Monellin
PF24664	Monjiviricetes_fusion
PF15626	mono-CXXC
PF14318	Mononeg_mRNAcap
PF00946	Mononeg_RNA_pol
PF04744	Monooxygenase_B
PF13826	Monooxy_af470-like
PF08765	Mor
PF14225	MOR2-PAG1_C
PF14228	MOR2-PAG1_mid
PF14222	MOR2-PAG1_N
PF17942	Morc6_S5
PF21864	MORF_dom
PF06451	Moricin
PF02493	MORN
PF07661	MORN_2
PF24667	MORN_DRC7
PF03473	MOSC
PF03476	MOSC_N
PF02722	MOSP_C
PF02707	MOSP_N
PF09114	MotA_activ
PF01618	MotA_ExbB
PF20560	MotA_N
PF17613	motB
PF13677	MotB_plug
PF29601	MotC
PF09158	MotCF
PF00635	Motile_Sperm
PF04643	Motilin_assoc
PF04644	Motilin_ghrelin
PF18393	MotY_N
PF04870	Moulting_cycle
PF21634	MOV-10_beta-barrel
PF21635	Mov-10_helical
PF21633	MOV-10_Ig-like
PF21632	MOV-10_N
PF27243	MoxZ
PF12554	MOZART1
PF12926	MOZART2
PF01853	MOZ_SAS
PF01107	MP
PF22001	MP31
PF09995	MPAB_Lcp_cat
PF22136	MpAgo_N-like
PF03650	MPC
PF16667	MPDZ_u10
PF30997	MPH1
PF20675	MPH2
PF21621	MPI_cupin_dom
PF25466	MPK1_gelsolin_C
PF27879	Mplasa_alph_rch
PF15502	MPLKIP
PF17234	MPM1
PF28262	MPN337
PF28263	MPN454_MG319
PF25856	MPN635_N
PF25854	MPN_270
PF21125	MPN_2A_DUB_like
PF26924	MPN_499
PF06127	Mpo1-like
PF04006	Mpp10
PF10175	MPP6
PF07668	MpPF1
PF07666	MpPF26
PF17523	MPS-4
PF30991	MPS1
PF17060	MPS2
PF29435	MPS3_helical
PF10057	MpsC
PF30307	MPSS1_C
PF30306	MPSS1_M
PF30305	MPSS1_N
PF30302	MPSS2_C
PF30301	MPSS2_M
PF30299	MPSS2_N
PF18818	MPTase-PolyVal
PF26314	MptA_B_family
PF27547	MptB_C
PF01973	MptE-like
PF09176	Mpt_N
PF04117	Mpv17_PMP22
PF06716	MP_p6
PF06039	Mqo
PF15731	MqsA_antitoxin
PF15723	MqsR_toxin
PF15183	MRAP
PF10555	MraY_sig1
PF02381	MraZ
PF21117	MRB1590_C
PF09444	MRC1
PF12102	MrcB_N
PF22411	Mre11_2nd
PF22155	Mre11_acc_DNA_cap
PF22226	Mre11_C
PF22161	Mre11_C_bact
PF04152	Mre11_DNA_bind
PF21522	MreB-like_C
PF06723	MreB_Mbl
PF04085	MreC
PF04093	MreD
PF15812	MREG
PF15155	MRFAP1
PF13888	MRF_C2
PF05712	MRG
PF23087	MRH_ELAPOR1_9th
PF15325	MRI
PF03022	MRJP
PF22003	MrkDrd
PF22363	MrkH_YcgR_like
PF29032	MRL1_C
PF29097	MRM1_N
PF22435	MRM3-like_sub_bind
PF03919	mRNA_cap_C
PF01331	mRNA_cap_enzyme
PF16741	mRNA_decap_C
PF03291	mRNA_G-N7_MeTrfase
PF02940	mRNA_triPase
PF15749	MRNIP
PF09387	MRP
PF14978	MRP-63
PF12824	MRP-L20
PF09809	MRP-L27
PF09812	MRP-L28
PF11788	MRP-L46
PF06984	MRP-L47
PF10244	MRP-L51
PF10245	MRP-S22
PF10484	MRP-S23
PF14955	MRP-S24
PF13741	MRP-S25
PF14943	MRP-S26
PF10037	MRP-S27
PF10213	MRP-S28
PF15433	MRP-S31
PF10210	MRP-S32
PF08293	MRP-S33
PF16053	MRP-S34
PF10246	MRP-S35
PF28374	Mrp13
PF29443	MRP13_C
PF29440	MRP13_N
PF04066	MrpF_PhaF
PF24223	MrpH_C
PF24222	MrpH_N
PF28227	MRPL11_C
PF18699	MRPL52
PF18502	Mrpl_C
PF22823	MrpR_C_cat
PF22822	MrpR_N_CB
PF10780	MRP_L53
PF04471	Mrr_cat
PF13156	Mrr_cat_2
PF14338	Mrr_N
PF22099	MRS2-like
PF05781	MRVI1
PF29093	MRX12_C
PF29094	MRX12_middle
PF29096	MRX12_N
PF29095	MRX12_TPR-like_2nd
PF26669	Mrx15
PF30015	MRX4_C
PF29865	MRX5_C
PF29866	MRX5_M
PF10906	Mrx7
PF29682	MRX9_C
PF30185	MRX9_TM
PF13378	MR_MLE_C
PF02746	MR_MLE_N
PF27748	MS1_C
PF27744	MS1_N
PF26163	mS26
PF28824	MS46_middle
PF31036	mS65
PF17077	Msap1
PF00985	MSA_2
PF08101	Msb1-Mug8_dom
PF27810	MSB2_C
PF09402	MSC
PF29124	MSC3_beta
PF30136	MSC6_C
PF29070	MSC6_N
PF01741	MscL
PF12795	MscS_porin
PF12794	MscS_TM
PF28258	MSC_0620_UU052
PF30118	MSD1
PF30117	MSD5
PF24174	MsddA-like
PF02349	MSG
PF12373	Msg2_C
PF20658	MSG_insertion
PF05157	MshEN
PF25918	MSH_C
PF16801	MSL1_dimer
PF24956	Msl2-3_C
PF16682	MSL2-CXC
PF25237	MSL2_3
PF22732	MSL3_chromo-like
PF22565	mSLOG
PF23509	MSMEG_3727_PQQ-assoc
PF27182	MSMEG_6518_N
PF14477	Mso1_C
PF14475	Mso1_Sec1_bdg
PF01716	MSP
PF11670	MSP1a
PF03429	MSP1b
PF21454	MSP1_barrel
PF07462	MSP1_C
PF12948	MSP7_C
PF09203	MspA
PF26698	MspA_staph
PF20939	MsrA_helical
PF30197	MSS18
PF29062	MSS2_N
PF04421	Mss4
PF20179	MSS51_C
PF03940	MSSP
PF20297	MSSS
PF04978	MST
PF11629	Mst1_SARAH
PF22857	Mst87F
PF10553	MSV199
PF25886	Msy1
PF13984	MsyB
PF20659	MS_C
PF21088	MS_channel_1st
PF05552	MS_channel_1st_1
PF00924	MS_channel_2nd
PF21082	MS_channel_3rd
PF25392	MS_channel_TM1
PF20656	MS_N
PF01274	MS_TIM-barrel
PF12777	MT
PF05063	MT-A70
PF21945	MT-RNR1
PF25859	MT0599
PF14013	MT0933_antitox
PF27531	MT3502_N
PF12176	MtaB
PF16185	MTABC_N
PF26055	Mtase_EDM2
PF20296	MTaX1
PF17226	MTA_R1
PF26580	Mtb12_C
PF27228	MTBMA_p00010_2nd
PF14920	MTBP_C
PF29597	MTBP_dis-hel
PF14919	MTBP_mid
PF14918	MTBP_N
PF30321	MTC2_N
PF28296	MTC4_N
PF01993	MTD
PF29371	MTD1_C
PF29359	MTD1_N
PF21916	mtd_2nd
PF18454	Mtd_N
PF02536	mTERF
PF18741	MTES_1575
PF28929	MTF1_helical
PF19189	Mtf2
PF14061	Mtf2_C
PF27377	MTF_ORF3
PF07747	MTH865
PF02219	MTHFR
PF19345	MTHFR_2
PF21895	MTHFR_C
PF21550	MTIP_N
PF22002	MTLN
PF05068	MtlR
PF05369	MtmB
PF03083	MtN3_slv
PF28519	MTNAP1_ZnF
PF12808	Mto2_bdg
PF28618	MTOPVIB_C
PF28653	MTOPVIB_middle
PF11865	mTOR_dom
PF03821	Mtp
PF10558	MTP18
PF22600	MTPAP-like_central
PF19444	MTP_lip_bd
PF10429	Mtr2
PF21408	MTR4-like_stalk
PF13234	MTR4_beta-barrel
PF04208	MtrA
PF05440	MtrB
PF11854	MtrB_PioB
PF04211	MtrC
PF22113	Mtrc-MtrF_II-IV_dom
PF22111	MtrC-MtrF_N
PF04207	MtrD
PF04206	MtrE
PF25818	MTRES1_C
PF09472	MtrF
PF22118	MtrF-like_dom-III
PF04210	MtrG
PF02007	MtrH
PF05175	MTS
PF08468	MTS_N
PF06253	MTTB
PF27559	MTUS1_CCDC69_CC1
PF27558	MTUS1_CCDC69_CC2
PF22121	MtxA_C
PF22433	MtxA_IG-like
PF24045	MtxA_N
PF05405	Mt_ATP-synt_B
PF05873	Mt_ATP-synt_D
PF15704	Mt_ATP_synt
PF05374	Mu-conotoxin
PF10124	Mu-like_gpT
PF10123	Mu-like_Pro_N
PF09299	Mu-transpos_C
PF22483	Mu-transpos_C_2
PF28962	Mu-transpos_M
PF15474	MU117
PF18221	MU2_FHA
PF28016	Mua
PF21824	MUC20
PF28965	MUC20_C
PF27926	MUC7
PF06458	MucBP
PF17965	MucBP_2
PF03888	MucB_RseB
PF17188	MucB_RseB_C
PF01456	Mucin
PF16058	Mucin-like
PF15672	Mucin15
PF13330	Mucin2_WxxW
PF03272	Mucin_bdg
PF21823	MUCL1
PF17966	Muc_B2
PF18819	MuF_C
PF13455	MUG113
PF30845	Mug123
PF08593	Mug135_C
PF24919	Mug62
PF10291	muHD
PF04310	MukB
PF30340	MukB_C
PF16330	MukB_hinge
PF04288	MukE
PF17193	MukF_C
PF17192	MukF_M
PF10551	MULE
PF13447	Multi-haem_cyto
PF00893	Multi_Drug_Res
PF14452	Multi_ubiq
PF20884	MUM1-like_PWWP
PF06292	MUN
PF05913	MupG_C
PF19200	MupG_N
PF11860	Muramidase
PF02873	MurB_C
PF21799	MurD-like_N
PF21377	MurD_N
PF03023	MurJ
PF26298	MurL_epimerase_C
PF26299	MurL_N
PF08353	MurT_C
PF01225	Mur_ligase
PF02875	Mur_ligase_C
PF08245	Mur_ligase_M
PF28915	Mus304_C
PF09462	Mus7
PF11037	Musclin
PF06588	Muskelin_N
PF15682	Mustang
PF01927	Mut7-C
PF20700	Mutator
PF14942	Muted
PF02976	MutH
PF13941	MutL
PF08676	MutL_C
PF31110	MutS2_N
PF27035	MutS5_N
PF27441	MutS_C
PF01624	MutS_I
PF05188	MutS_II
PF05192	MutS_III
PF05190	MutS_IV
PF00488	MutS_V
PF26171	Mu_AP3
PF22709	Mu_Gam-Sipho_Gp157-TOTE
PF29960	Mu_thomitoxin
PF15515	MvaI_BcnI
PF22055	MvaT_DBD
PF09452	Mvb12
PF22193	MvcA_ins
PF22700	MVD-like_N
PF12151	MVL
PF11978	MVP_shoulder
PF15879	MWFE
PF30697	MwoI_central
PF27366	MwoI_N
PF28081	MXAN_6627_5
PF21439	MxiC_C
PF11441	MxiM
PF25473	MXRA7_helical
PF17536	Mx_ML
PF14379	Myb_CC_LHEQLE
PF11831	Myb_Cef
PF00249	Myb_DNA-binding
PF23082	Myb_DNA-binding_2
PF21227	Myb_DNA-binding_7
PF12776	Myb_DNA-bind_3
PF13837	Myb_DNA-bind_4
PF13873	Myb_DNA-bind_5
PF13921	Myb_DNA-bind_6
PF15963	Myb_DNA-bind_7
PF22980	Myb_DNA-bind_8
PF08914	Myb_Rap1
PF02344	Myc-LZ
PF14646	MYCBPAP
PF29056	MYCBP_helical
PF17843	MycE_N
PF25718	Mycobacteriophage_73
PF25687	Mycobacteriophage_Gene3
PF25684	Mycobacteriophage_Gp53
PF25715	Mycobacteriophage_Gp67
PF24191	Mycobacteriophage_TM
PF27060	Mycobact_ESX1_assoc
PF05423	Mycobact_memb
PF29610	Mycolysin_C
PF27283	Mycolysin_M
PF27334	Mycolysin_N
PF26817	Mycophage_Gp41
PF25674	Mycophage_Gp42
PF26824	Mycophage_gp62
PF27920	Mycopla_NOT_gsn
PF20614	Mycovirus_RNAse
PF05481	Myco_19_kDa
PF09610	Myco_arth_vir_N
PF05692	Myco_haema
PF01732	Myco_protease
PF01056	Myc_N
PF15179	Myc_target_1
PF10570	Myelin-PO_C
PF01669	Myelin_MBP
PF01275	Myelin_PLP
PF15004	MYEOV2
PF31204	MYEOV_N
PF12232	Myf5
PF03690	MYG1_exonuc
PF24324	MYND_ZMYND11_ZMYD8
PF16735	MYO10_CC
PF26570	MYO15
PF22773	Myo1_CA
PF25966	Myo5a
PF21521	MYO6_lever
PF31020	MYO9_tail
PF15929	Myofilin
PF30771	MYORG_N
PF16521	Myosin-VI_CBD
PF00063	Myosin_head
PF02736	Myosin_N
PF01576	Myosin_tail_1
PF06017	Myosin_TH1
PF24123	Myosin_VII_N
PF28905	Myosuppressin
PF00819	Myotoxins
PF06602	Myotub-related
PF28253	MYPU_1760
PF13887	MYRF_ICA
PF08474	MYT1
PF00784	MyTH4
PF10690	Myticin-prepro
PF31214	MytiLec
PF27866	Myxo_TraA_N
PF09369	MZB
PF22806	M_C
PF17491	m_DGTX_Dc1a_b_c
PF12938	M_domain
PF22837	M_Eco57I_C
PF20757	M_large_dom
PF22805	M_smaller_dom
PF09113	N-glycanase_C
PF09112	N-glycanase_N
PF25032	N-HEAT_ATR
PF11764	N-SET
PF07923	N1221
PF23111	N1_PEX6
PF11438	N36
PF25713	N4_GP8
PF21894	N4_RNAP_helical
PF10237	N6-adenineMlase
PF02384	N6_Mtase
PF01555	N6_N4_Mtase
PF22722	NA-iREase1
PF22723	NA-iREase2
PF22739	NA-iREase3
PF04245	NA37
PF15508	NAAA-beta
PF04902	Nab1
PF11517	Nab2
PF22683	Nab2-like_zf-CCCH_
PF21803	Nab2-zf4
PF18260	Nab2p_Zf1
PF10567	Nab6_mRNP_bdg
PF07990	NABP
PF01849	NAC
PF05729	NACHT
PF17100	NACHT_N
PF17106	NACHT_sigma
PF23114	NAD-bd_HRPKS_sdrA
PF10712	NAD-GH
PF06235	NAD4L
PF02445	NadA
PF08719	NADAR
PF22397	NADAR-DarT1
PF07461	NADase_NGA
PF25302	NADase_transloc
PF10588	NADH-G_4Fe-4S_3
PF16514	NADH-UOR_E
PF10785	NADH-u_ox-rdase
PF06455	NADH5_C
PF10125	NADHdeh_related
PF00146	NADHdh
PF12155	NADHdh-2_N
PF14987	NADHdh_A3
PF10589	NADH_4Fe-4S
PF14813	NADH_B2
PF06444	NADH_dehy_S2_C
PF09326	NADH_dhqG_C
PF15088	NADH_dh_m_C1
PF08040	NADH_oxidored
PF11497	NADH_Oxid_Nqo15
PF12853	NADH_u_ox_C
PF21953	NadN_nucleosid_C
PF08414	NADPH_Ox
PF00175	NAD_binding_1
PF13460	NAD_binding_10
PF14833	NAD_binding_11
PF03446	NAD_binding_2
PF03447	NAD_binding_3
PF07993	NAD_binding_4
PF07994	NAD_binding_5
PF08030	NAD_binding_6
PF13241	NAD_binding_7
PF13450	NAD_binding_8
PF13454	NAD_binding_9
PF07479	NAD_Gly3P_dh_C
PF01210	NAD_Gly3P_dh_N
PF01513	NAD_kinase
PF20143	NAD_kinase_C
PF02540	NAD_synthase
PF09126	NaeI
PF03822	NAF
PF21566	NagA_C
PF22643	NagA_N
PF07555	NAGidase
PF21774	NagJ_C
PF05089	NAGLU
PF12972	NAGLU_C
PF12971	NAGLU_N
PF09992	NAGPA
PF27022	NAI2_C
PF27018	NAI2_N
PF20726	Nairovirus_Gn
PF07948	Nairovirus_GP38
PF20727	Nairovirus_MLD
PF20728	Nairovirus_NSm
PF02477	Nairo_nucleo
PF21230	Nakanori
PF25819	Nal1_C
PF25608	NAL1_N
PF02365	NAM
PF14303	NAM-associated
PF18127	NAMPT_N
PF20732	NamZ_C
PF07075	NamZ_N
PF04131	NanE
PF24996	NANM
PF05629	Nanovirus_C8
PF04660	Nanovirus_coat
PF00956	NAP
PF03892	NapB
PF03927	NapD
PF06796	NapE
PF04095	NAPRTase
PF17956	NAPRTase_C
PF17767	NAPRTase_N
PF16974	NAR2
PF21641	NarE
PF20299	NARF
PF10505	NARG2_C
PF28599	NarG_dom_V
PF30364	NarQ_GAF-like
PF03059	NAS
PF18265	Nas2_N
PF04768	NAT
PF05127	NAT10_TcmA_helicase
PF12569	NatA_aux_su
PF09797	NatB_MDM20
PF18082	NAT_N
PF01235	Na_Ala_symp
PF01699	Na_Ca_ex
PF16494	Na_Ca_ex_C
PF03553	Na_H_antiporter
PF06965	Na_H_antiport_1
PF13726	Na_H_antiport_2
PF07399	Na_H_antiport_3
PF00999	Na_H_Exchanger
PF00287	Na_K-ATPase
PF02690	Na_Pi_cotrans
PF00939	Na_sulph_symp
PF06512	Na_trans_assoc
PF11933	Na_trans_cytopl
PF04159	NB
PF00931	NB-ARC
PF12061	NB-LRR
PF29019	NBA1_C
PF22913	NBAS_11th
PF15492	Nbas_N
PF20426	NBCH_WD40
PF16830	NBD94
PF17042	NBD_C
PF23569	NBD_SMAX1
PF10444	Nbl1_Borealin_N
PF04485	NblA
PF08537	NBP1
PF08599	Nbs1_C
PF08637	NCA2
PF28362	NcaA_C
PF22724	NCAB1
PF22726	NCAB2
PF26777	NCAPD3_N
PF21453	NCAP_ISAV_hel
PF21451	NCAP_ISAV_N
PF28617	NCBP2AS2
PF10309	NCBP3
PF22730	NCC-H
PF04905	NCD2
PF07562	NCD3G
PF11654	NCE101
PF16621	NCF1_PBR_AIR
PF22728	NCH1
PF22727	NCH2
PF22729	NCH3
PF22731	NCH4
PF09735	Nckap1
PF15246	NCKAP5
PF25663	NCLDV_minor_capsid_P6
PF27960	NCMAP
PF13820	NCOA6_TRADD-N
PF16665	NCOA_u2
PF27579	NCOR1_N
PF18266	Ncstrn_small
PF23844	NCTSP_N
PF16787	NDC10_II
PF21400	Ndc10_N
PF09531	Ndc1_Nup
PF03801	Ndc80_HEC
PF24487	NDC80_loop
PF22366	NDH2_C
PF19530	Ndh2_N
PF10716	NdhL
PF10664	NdhM
PF11909	NdhN
PF11910	NdhO
PF11623	NdhS
PF30014	NDJ1
PF00334	NDK
PF10179	NDNF
PF19433	NDNF_C
PF24354	NDNF_N
PF28549	NDPSase_N
PF03096	Ndr
PF05224	NDT80_PhoG
PF31061	NDUC2_plant
PF05071	NDUFA12
PF28759	NDUFA3
PF10249	NDUFB10
PF17250	NDUFB11
PF31058	NDUFC2_fungi
PF31059	NDUFC2_sar
PF10200	Ndufs5
PF15880	NDUFV3
PF08122	NDUF_B12
PF07225	NDUF_B4
PF09781	NDUF_B5
PF09782	NDUF_B6
PF05676	NDUF_B7
PF05821	NDUF_B8
PF06374	NDUF_C2
PF04800	NDUS4
PF28496	NEAP
PF05031	NEAT
PF12312	NeA_P2
PF00880	Nebulin
PF10379	nec1
PF24565	Ned1_M
PF10176	NEDD4_Bsd2
PF25798	NED_Nanos
PF09292	Neil1-DNA_bind
PF05616	Neisseria_TspB
PF29964	NEJ1_C
PF29965	NEJ1_N
PF14496	NEL
PF23553	NELF-A_N
PF31028	NELL_VWC_C
PF11577	NEMO
PF10225	NEMP
PF30295	Nemuri
PF00960	Neocarzinostat
PF06583	Neogenin_C
PF22460	Neopullulanase-like_C
PF03391	Nepo_coat
PF03688	Nepo_coat_C
PF03689	Nepo_coat_N
PF18557	NepR
PF03080	Neprosin
PF14365	Neprosin_AP
PF14780	NEPRO_N
PF22246	NeqB_N
PF08378	NERD
PF25980	NERD_plant
PF06390	NESP55
PF18208	NES_C_h
PF25014	NET2A
PF24918	NET2A_C
PF14044	NETI
PF03102	NeuB
PF06413	Neugrin
PF00064	Neur
PF07177	Neuralized
PF06567	Neural_ProG_Cyt
PF18413	Neuraminidase
PF02158	Neuregulin
PF14927	Neurensin
PF06312	Neurexophilin
PF20425	Neurobeachin
PF05536	Neurochondrin
PF30908	Neurokinin_A
PF03823	Neurokinin_B
PF06614	Neuromodulin
PF10580	Neuromodulin_N
PF27808	Neuronatin
PF07327	Neuroparsin
PF14993	Neuropeptide_S
PF15161	Neuropep_like
PF12533	Neuro_bHLH
PF02931	Neur_chan_LBD
PF02932	Neur_chan_memb
PF24988	NEW1_HB
PF21827	New_glue
PF16644	NEXCaM_BD
PF08628	Nexin_C
PF28145	NF038105
PF11923	NFACT-C
PF05670	NFACT-R_1
PF18297	NFACT-R_2
PF05833	NFACT_N
PF28614	NFAM1_coil
PF28773	NFAP2
PF23262	NFD4_C
PF01957	NfeD
PF25145	NfeD1b_N
PF31148	NfeD_C
PF24961	NfeD_membrane
PF25842	NfeD_TM
PF10524	NfI_DNAbd_pre-N
PF30945	NFKBIL1_C
PF21888	NFLD
PF13283	NfrA_C
PF08712	Nfu_N
PF00243	NGF
PF09015	NgoMIV_restric
PF28176	NGO_0222
PF22300	NGO_1070-like
PF08153	NGP1NT
PF08619	Nha1_C
PF06450	NhaB
PF02979	NHase_alpha
PF02211	NHase_beta_C
PF21006	NHase_beta_N
PF01436	NHL
PF08788	NHR2
PF15273	NHS
PF26086	Niban2
PF16508	NIBRIN_BRCT_II
PF04097	Nic96
PF05450	Nicastrin
PF15845	NICE-1
PF07406	NICE-3
PF03824	NicO
PF26233	NicX
PF07292	NID
PF06119	NIDO
PF30706	NIDO_rel
PF03031	NIF
PF07862	Nif11
PF30632	NIF11-like_cyano
PF11939	NiFe-hyd_HybE
PF00374	NiFeSe_Hases
PF17367	NiFe_hyd_3_EhaA
PF14720	NiFe_hyd_SSU_C
PF04891	NifQ
PF06988	NifT
PF01106	NifU
PF01592	NifU_N
PF03206	NifW
PF04319	NifZ
PF17415	NigD_C
PF12667	NigD_N
PF21983	NikA-like
PF08753	NikR_C
PF09383	NIL
PF05772	NinB
PF17466	NinD
PF05322	NinE
PF27974	Ninein_long_CC
PF27645	Ninein_mid
PF05810	NinF
PF05766	NinG
PF04923	Ninjurin
PF31078	NIPBL_C
PF12830	Nipped-B_C
PF07978	NIPSNAP
PF08995	NIP_1
PF22451	NirdL-like_HTH
PF01077	NIR_SIR
PF03460	NIR_SIR_ferr
PF19271	Nis1
PF08376	NIT
PF30498	NitG
PF02613	Nitrate_red_del
PF02665	Nitrate_red_gam
PF18549	NitrOD1
PF18550	NitrOD2
PF11537	NitrOD5
PF02087	Nitrophorin
PF00881	Nitroreductase
PF28600	Nitroreductase_C
PF02579	Nitro_FeMo-Co
PF14710	Nitr_red_alph_N
PF09655	Nitr_red_assoc
PF14711	Nitr_red_bet_C
PF10126	Nit_Regul_Hom
PF01292	Ni_hydr_CYTB
PF01969	Ni_insertion
PF15053	Njmu-R1
PF05640	NKAIN
PF15692	NKAP
PF06047	Nkap_C
PF10364	NKWYS
PF05211	NLBH
PF08154	NLE
PF20798	NleE
PF16809	NleF_casp_inhib
PF22745	Nlig-Ia
PF30535	Nlp-28-30
PF21525	Nlp36
PF29415	NLP40
PF00877	NLPC_P60
PF04170	NlpE
PF17185	NlpE_C
PF29710	Nlp_11
PF17889	NLRC4_HD
PF17776	NLRC4_HD2
PF21402	NLRX1_C
PF16136	NLS_NINJA_AFP
PF12402	nlz1
PF24574	Nm-ACP
PF18753	Nmad2
PF18754	Nmad3
PF18756	Nmad4
PF18757	Nmad5
PF22310	NMB0315_dom_I
PF21917	NMB0537_N
PF22174	NMB1110-like_C
PF22630	NMB1110_3rd
PF04981	NMD3
PF29994	NMD3_N
PF31195	NMD4_C
PF10565	NMDAR2_C
PF21193	NMD_SH3
PF27126	NmeDI_C
PF04973	NMN_transporter
PF03060	NMO
PF05368	NmrA
PF01233	NMT
PF09084	NMT1
PF13379	NMT1_2
PF16868	NMT1_3
PF02799	NMT_C
PF02070	NMU
PF19285	NmU-R2_C_term
PF03980	Nnf1
PF28337	NNF2_middle
PF22733	NNH1
PF22734	NNH2
PF22735	NNH3
PF22736	NNH5
PF22737	NNH6
PF22738	NNH7
PF01234	NNMT_PNMT_TEMT
PF05940	NnrS
PF07298	NnrU
PF06524	NOA36
PF21949	NoBody
PF03715	Noc2
PF07540	NOC3p
PF29069	NOCA1_C
PF29075	NOCA1_mid
PF30900	Nociceptin
PF06816	NOD
PF17114	Nod1
PF02474	NodA
PF19222	Noda_Vmethyltr
PF27102	NodI_C
PF07684	NODP
PF05401	NodS
PF02451	Nodulin
PF06813	Nodulin-like
PF24679	Nodulin_C
PF07127	Nodulin_late
PF25246	Nodulin_N
PF05830	NodZ
PF07806	Nod_GRP
PF12308	Noelin-1
PF06858	NOG1
PF17835	NOG1_N
PF08155	NOGCT
PF05806	Noggin
PF23097	NOL10_2nd
PF20998	Nol11_C
PF08168	NOL11_N
PF25467	NOL9_C
PF17398	NolB
PF05819	NolX
PF22898	NOMO1-like_1st
PF22904	NOMO1-like_2nd
PF22902	NOMO1-like_9th
PF23192	NOMO_12th
PF23193	NOMO_3rd
PF23194	NOMO_5th
PF23196	NOMO_6th
PF23660	NOMO_8th
PF25182	NonGDSL
PF01798	Nop
PF04135	Nop10p
PF04147	Nop14
PF09420	Nop16
PF10863	NOP19
PF29699	NOP1_C
PF09805	Nop25
PF08062	NOP2_rpt
PF05997	Nop52
PF07767	Nop53
PF08156	NOP5NT
PF21572	Nop5_56-rel_N_Arc
PF21667	Nop5_N
PF28224	NOP6_C
PF29021	NOP8_helical
PF29020	NOP8_middle
PF15370	NOPCHAP1
PF29820	NopP
PF16201	NopRA1
PF08075	NOPS
PF22085	NorB_cytochrome_c-like
PF16517	Nore1-SARAH
PF05048	NosD
PF05573	NosL
PF27538	NosR
PF18764	nos_propeller
PF18793	nos_propeller_2
PF04054	Not1
PF23590	NOT1_connector
PF04153	NOT2_3_5_C
PF04065	Not3
PF00066	Notch
PF12183	NotI
PF27534	NovG_helical
PF05554	Novirhabdo_Nv
PF13020	NOV_C
PF08744	NOZZLE
PF02898	NO_synthase
PF11733	NP1-WLL
PF16469	NPA
PF11707	Npa1
PF15712	NPAT_C
PF20885	NPB13-l_MII_rpt
PF15180	NPBW
PF22314	NPC1_MLD
PF16414	NPC1_N
PF08305	NPCBM
PF10633	NPCBM_assoc
PF08058	NPCC
PF06809	NPDC1
PF16601	NPF
PF15085	NPFF
PF12011	NPH-II
PF03000	NPH3
PF08469	NPHI_C
PF25022	NPHP3
PF24884	NPHP3_hel
PF24883	NPHP3_N
PF28126	NPHP4_C2_2nd
PF26186	NPHP4_C2_3rd
PF26173	NPHP4_SK
PF06409	NPIP
PF17800	NPL
PF05021	NPL4
PF28785	NPLP1_C
PF28786	NPLP1_N
PF16276	NPM1-C
PF24675	NpmA
PF08384	NPP
PF23386	NPP-6_helical
PF05630	NPP1
PF29145	NPP16_N
PF07391	NPR
PF15699	NPR1_interact
PF12313	NPR1_like_C
PF06218	NPR2
PF03666	NPR3
PF28240	Npun_F0494
PF18068	Npun_R1517
PF28239	Npun_R2479
PF05531	NPV_P10
PF12622	NpwBP
PF21422	NP_C_Orthomyx
PF03116	NQR2_RnfD_RnfE
PF24836	NQRA_2nd
PF05896	NQRA_N
PF11973	NQRA_SLBB
PF04400	NqrM
PF01566	Nramp
PF03813	Nrap
PF17403	Nrap_D2
PF17404	Nrap_D3
PF17405	Nrap_D4
PF17406	Nrap_D5
PF17407	Nrap_D6
PF08961	NRBF2
PF17169	NRBF2_MIT
PF21380	Nrd1-Seb1_dom2
PF01995	NRD1_2
PF13597	NRDD
PF08424	NRDE-2
PF31244	NrdJ_rel_C
PF04895	Nre_C
PF04894	Nre_N
PF20146	NRF
PF10492	Nrf1_activ_bdg
PF10491	Nrf1_DNA-bind
PF03916	NrfD
PF14589	NrfD_2
PF25518	NRG2_N
PF30983	NRG4_TM
PF16733	NRho
PF26762	NRIF_CS
PF15687	NRIP1_repr_1
PF15688	NRIP1_repr_2
PF15689	NRIP1_repr_3
PF15690	NRIP1_repr_4
PF15056	NRN1
PF26386	NrnB_C
PF12753	Nro1
PF22329	Nro1_C
PF20427	NRP1_C
PF22763	NrS1-1_pol-like_HBD
PF22761	NrS1-1_pol-like_head
PF22762	NrS1-pol-like_tail
PF06532	NrsF
PF14046	NR_Repeat
PF12117	NS1_C
PF17530	NS3
PF22027	NS3_helicase_C
PF27996	NS6_deltaCoV
PF27995	NS7a_deltaCoV_HKU16-like
PF27994	NS7b_batCoV-HKU9
PF15412	Nse4-Nse3_bdg
PF08743	Nse4_C
PF08691	Nse5
PF02071	NSF
PF21964	NSF_ATPase_lid
PF30874	nSMase_N
PF05064	Nsp1_C
PF14757	NSP2-B_epitope
PF14758	NSP2_assoc
PF14755	Nsp2_AV
PF17896	NSP2_gammaCoV
PF20852	nsP3_ZBD
PF27258	NspV
PF09745	NSRP1_N
PF11073	NSs
PF13945	NST1
PF20703	nSTAND1
PF20702	nSTAND2
PF20720	nSTAND3
PF25201	nSTAND6
PF24406	nSTAND_NTPase4
PF25199	nSTAND_NTPase5
PF24404	nSTAND_NTPase7
PF21148	NSUN5_fdxn-like
PF21153	NSUN5_N
PF10358	NT-C2
PF06941	NT5C
PF03146	NtA
PF20697	NTase-conflict
PF08780	NTase_sub_bind
PF24690	NTCP5_P3_N
PF22127	NtdA_N
PF13006	Nterm_IS4
PF24179	NTE_Ploop
PF14540	NTF-like
PF02136	NTF2
PF26529	NTF2_2_
PF26530	NTF2_3
PF26531	NTF2_4
PF26532	NTF2_5
PF26533	NTF2_6
PF26534	NTF2_7
PF23056	NTF2_MEX67
PF24840	NTF2_SigF
PF25155	NTF2_YvbJ
PF19338	NTF3_N
PF08470	NTNH_C
PF15500	Ntox1
PF15520	Ntox10
PF15521	Ntox11
PF15522	Ntox14
PF15604	Ntox15
PF15523	Ntox16
PF15524	Ntox17
PF15526	Ntox21
PF15527	Ntox22
PF15528	Ntox23
PF15529	Ntox24
PF15530	Ntox25
PF15531	Ntox27
PF15605	Ntox28
PF15536	Ntox3
PF15532	Ntox30
PF15533	Ntox33
PF15606	Ntox34
PF15534	Ntox35
PF15535	Ntox37
PF15541	Ntox4
PF15537	Ntox43
PF15607	Ntox44
PF15538	Ntox46
PF15540	Ntox47
PF15543	Ntox5
PF15542	Ntox50
PF15544	Ntox6
PF15545	Ntox8
PF03266	NTPase_1
PF01931	NTPase_I-T
PF11602	NTPase_P4
PF00483	NTP_transferase
PF01909	NTP_transf_2
PF12804	NTP_transf_3
PF13562	NTP_transf_4
PF14907	NTP_transf_5
PF06042	NTP_transf_6
PF07984	NTP_transf_7
PF12281	NTP_transf_8
PF04248	NTP_transf_9
PF01759	NTR
PF15458	NTR2
PF19312	NtrY_N
PF20841	NtrZ
PF15447	NTS
PF15448	NTS_2
PF24967	NTS_TR130
PF24275	NttA
PF24268	NttC
PF24274	NttE
PF09764	Nt_Gln_amidase
PF24103	NT_N
PF09340	NuA4
PF08600	NuBaID_C
PF18510	NUC
PF08157	NUC129
PF08159	NUC153
PF25434	NUCB1_N
PF08133	Nuclease_act
PF11030	Nucleocapsid-N
PF11128	Nucleocap_ssRNA
PF16725	Nucleolin_bd
PF03066	Nucleoplasmin
PF04096	Nucleoporin2
PF03177	Nucleoporin_C
PF13634	Nucleoporin_FG
PF15967	Nucleoporin_FG2
PF08801	Nucleoporin_N
PF07575	Nucleopor_Nup85
PF25481	Nucleoprot-TPR
PF01733	Nucleoside_tran
PF07662	Nucleos_tra2_C
PF01773	Nucleos_tra2_N
PF03407	Nucleotid_trans
PF06256	Nucleo_LEF-12
PF07267	Nucleo_P87
PF01939	NucS_C
PF21003	NucS_N
PF05014	Nuc_deoxyrib_tr
PF15891	Nuc_deoxyri_tr2
PF11071	Nuc_deoxyri_tr3
PF03825	Nuc_H_symport
PF14448	Nuc_N
PF11825	Nuc_recep-AF1
PF08815	Nuc_rec_co-act
PF04142	Nuc_sug_transp
PF16273	NuDC
PF14050	Nudc_N
PF09342	Nudel
PF04880	NUDE_C
PF29283	NudE_N
PF00293	NUDIX
PF09296	NUDIX-like
PF13869	NUDIX_2
PF14815	NUDIX_4
PF16705	NUDIX_5
PF18290	Nudix_hydro
PF12535	Nudix_N
PF27456	NudK_N
PF22327	Nudt16-like
PF30668	NUDT19_C
PF30669	NUDT19_Nudix
PF25969	NUDT9_N
PF03800	Nuf2
PF18595	Nuf2_DHR10-like
PF10453	NUFIP1
PF15293	NUFIP2
PF07924	NuiA
PF23151	NuiA_2
PF28358	NUJM_C
PF30145	Nullo
PF06311	NumbF
PF07453	NUMOD1
PF07460	NUMOD3
PF07463	NUMOD4
PF27975	Nuo178_helical
PF30687	Nuo9p5
PF06516	NUP
PF21486	NUP120_helical
PF22114	NUP120_helical_2
PF08604	Nup153
PF23345	NUP160_helical
PF17238	NUP160_helical_2
PF18378	Nup188_C
PF10487	Nup188_N
PF21093	Nup188_N-subdom_III
PF21094	Nup188_SH3-like
PF11894	Nup192
PF22957	NUP210_Ig
PF28654	NUP214_coiled
PF18617	Nup214_FG
PF14605	Nup35_RRM_2
PF28370	NUP37_N
PF27899	NUP42_C
PF21121	Nup49_C
PF08911	NUP50
PF28376	NUP53_C
PF30866	NUP53_M
PF30868	NUP53_N
PF13874	Nup54
PF18570	Nup54_57_C
PF29949	Nup54_a-b
PF18437	Nup54_C
PF28621	NUP58_M
PF30861	NUP82_beta-prop
PF04121	Nup84_Nup100
PF10168	Nup88
PF12110	Nup96
PF21240	Nup98_GLEBS
PF16768	NupH_GANP
PF10599	Nup_retrotrp_bd
PF09376	NurA
PF16006	NUSAP
PF08529	NusA_N
PF01029	NusB
PF02357	NusG
PF18298	NusG_add
PF07009	NusG_II
PF12881	NUT
PF27886	NuzM_C
PF27885	NuzM_N
PF14055	NVEALA
PF27593	NvfJ_N
PF29420	nvRNAP_subunit
PF24177	NV_polyhedrin
PF22602	NXF_NTF2
PF24536	NXPE4_C
PF15452	NYAP_C
PF15439	NYAP_N
PF15015	NYD-SP12_N
PF14772	NYD-SP28
PF14775	NYD-SP28_assoc
PF01936	NYN
PF05991	NYN_YacP
PF09426	Nyv1_longin
PF14736	N_Asn_amidohyd
PF16158	N_BRCA1_IG
PF18216	N_formyltrans_C
PF07963	N_methyl
PF12912	N_NLPC_P60
PF25694	N_peptide
PF14296	O-ag_pol_Wzy
PF13425	O-antigen_lig
PF10250	O-FucT
PF03977	OAD_beta
PF04277	OAD_gamma
PF22873	OAF_C
PF14941	OAF_N
PF16552	OAM_alpha
PF16554	OAM_dimer
PF08525	OapA_N
PF09846	OapB
PF09845	OapC
PF03826	OAR
PF10421	OAS1_C
PF03137	OATP
PF21498	Obc1_C
PF21502	Obc1_cap
PF20913	ObcA_N
PF16312	Oberon_cc
PF22651	OBP47_like
PF18589	ObR_Ig
PF26045	OB_2TM_halo
PF22221	OB_BFO2992
PF01796	OB_ChsH2_C
PF25522	OB_cyt-4
PF24343	OB_DEPS-1_1st
PF24342	OB_DEPS-1_2nd
PF24339	OB_DEPS-1_3rd
PF24341	OB_DEPS-1_6th
PF17849	OB_Dis3
PF03120	OB_DNA_ligase
PF22062	OB_DPOA2
PF25049	OB_HELZ2
PF29975	OB_LIC10012
PF27162	OB_LytA
PF17912	OB_MalK
PF21005	OB_MCEL_GT
PF22379	OB_MCM10
PF22471	OB_Mcm2-like_arc
PF24903	OB_MEIOB_N
PF29087	OB_MOV10L1_N
PF30388	OB_MP81
PF21192	OB_NMD3
PF07717	OB_NTP_bind
PF30514	OB_PatR_C
PF30545	OB_PatR_N
PF29086	OB_PDCD11
PF29084	OB_POLE2
PF25507	OB_POT1A
PF29066	OB_POT1_N
PF21236	OB_PRS7
PF08206	OB_RNB
PF22896	OB_RNR_1st
PF24190	OB_RNR_2nd
PF24682	OB_RRP5
PF24685	OB_RRP5_4th
PF22779	OB_SHLD2_2nd
PF21473	OB_Ssb-like
PF23139	OB_YrrC
PF15506	OCC1
PF07303	Occludin_ELL
PF02423	OCD_Mu_crystall
PF07051	OCIA
PF05005	Ocnus
PF08684	ocr
PF17780	OCRE
PF21310	OCRL-like_ASH
PF16726	OCRL_clath_bd
PF03373	Octapeptide
PF02317	Octopine_DH
PF02101	Ocular_alb
PF21773	ODAD1_CC
PF15424	ODAM
PF15848	ODAPH
PF02100	ODC_AZ
PF27605	ODF2_C
PF27578	ODF2_N
PF19583	ODP
PF14778	ODR4-like
PF10717	ODV-E18
PF02321	OEP
PF30985	OEP21
PF28482	OEP24
PF28611	OEP37
PF02159	Oest_recep
PF15680	OFCC1
PF10637	Ofd1_CTDD
PF16955	OFeT_1
PF28573	OFUT_helical_N
PF25238	OGFOD2-like
PF04680	OGFr_III
PF04664	OGFr_N
PF21790	OGG
PF22175	Ogg-HhH
PF07934	OGG_N
PF04606	Ogr_Delta
PF22413	OGT_N
PF14418	OHA
PF09349	OHCU_decarbox
PF01276	OKR_DC_1
PF03711	OKR_DC_1_C
PF03709	OKR_DC_1_N
PF20469	OLD-like_TOPRIM
PF24395	OLD-like_TOPRIM_1
PF06758	Olduvai
PF25664	Oleavirus_coat
PF01277	Oleosin
PF09253	Ole_e_6
PF02191	OLF
PF06554	Olfactory_mark
PF08352	oligo_HPY
PF17304	OM14_C
PF30088	OM45
PF22112	OmcA-like_N
PF13376	OmdA
PF06357	Omega-toxin
PF07764	Omega_Repress
PF26368	OMP10
PF11551	Omp28
PF01103	Omp85
PF19143	Omp85_2
PF00691	OmpA
PF16961	OmpA_like
PF01389	OmpA_membrane
PF00215	OMPdecase
PF03938	OmpH
PF28315	OmpL37
PF01278	Omptin
PF03922	OmpW
PF11557	Omp_AT
PF13505	OMP_b-brl
PF13568	OMP_b-brl_2
PF14905	OMP_b-brl_3
PF25183	OMP_b-brl_4
PF27860	OMP_Lepto
PF03532	OMS28_porin
PF19434	OPA1_C
PF07047	OPA3
PF02462	Opacity
PF27852	Opalin
PF07239	OpcA
PF10128	OpcA_G6PD_assem
PF20171	OpcA_G6PD_C
PF30432	OpgB_M
PF30375	OpgB_N
PF10129	OpgC_C
PF08618	Opi1
PF01160	Opiods_neuropep
PF12911	OppC_N
PF04966	OprB
PF03573	OprD
PF05736	OprF
PF03169	OPT
PF11078	Optomotor-blind
PF04069	OpuAC
PF09463	Opy2
PF08035	Op_neuropeptide
PF07856	Orai-1
PF30758	Orange_C
PF30754	Orange_mid
PF30755	Orange_N
PF01718	Orbi_NS1
PF01616	Orbi_NS3
PF05788	Orbi_VP1
PF00898	Orbi_VP2
PF01700	Orbi_VP3
PF05059	Orbi_VP4
PF00901	Orbi_VP5
PF01516	Orbi_VP6
PF00897	Orbi_VP7
PF24389	ORC-CDC6-like
PF19675	ORC3_ins
PF07034	ORC3_N
PF14629	ORC4_C
PF14630	ORC5_C
PF21639	ORC5_lid
PF05460	ORC6
PF21913	ORC6_2nd
PF28756	Orcokinin
PF29873	ORD
PF02072	Orexin
PF03827	Orexin_rec2
PF27997	Orf10_SARS-CoV-2
PF10549	ORF11CD3
PF27154	ORF11_beta
PF22425	ORF126-like
PF21644	ORF158L-like
PF23684	ORF20A
PF22056	ORF239-like
PF23682	ORF28
PF23698	ORF29
PF29843	ORF2p_C
PF17620	ORF45
PF27992	ORF4b_HKU5-CoV
PF23624	ORF68_C
PF10552	ORF6C
PF10543	ORF6N
PF06024	Orf78
PF17495	OrfA
PF01385	OrfB_IS605
PF06597	OrfX-like
PF26542	Orfx1
PF26543	Orfx2_N
PF18042	ORF_12_N
PF18492	ORF_2_N
PF10950	Organ_specific
PF09482	OrgA_MxiK
PF24687	OrgC
PF04061	ORMDL
PF02088	Ornatin
PF02784	Orn_Arg_deC_N
PF00278	Orn_DAP_Arg_deC
PF12013	OrsD
PF22010	OrtA
PF02250	Orthopox_35kD
PF05950	Orthopox_A36R
PF06517	Orthopox_A43R
PF06334	Orthopox_A47
PF06489	Orthopox_A49R
PF06193	Orthopox_A5L
PF07033	Orthopox_B11R
PF07020	Orthopox_C10L
PF06076	Orthopox_F14
PF06601	Orthopox_F6
PF05813	Orthopox_F7
PF05886	Orthopox_F8
PF07204	Orthoreo_P10
PF07272	Orthoreo_P17
PF30037	OS-C_C
PF03392	OS-D
PF28713	Os04g0629400-like
PF30979	OSA15_C
PF28580	OSA15_N
PF22015	OSBS_N
PF30937	OSB_PDF
PF30940	OSB_SSB
PF00213	OSCP
PF10188	Oscp1
PF28983	OsI_030282_C
PF28955	OsI_030282_N
PF17182	OSK
PF28768	OSM11_N
PF29416	OSM8
PF02566	OsmC
PF08946	Osmo_CC
PF09488	Osmo_MPGsynth
PF03207	OspD
PF02471	OspE
PF03536	OspF_SpvC
PF22303	OspG_kinase
PF12202	OSR1_C
PF12872	OST-HTH
PF04756	OST3_OST6
PF10215	Ost4
PF23358	OST48_MD
PF03345	OST48_N
PF05251	Ost5
PF13100	OstA_2
PF15048	OSTbeta
PF00865	Osteopontin
PF07175	Osteoregulin
PF09777	OSTMP1
PF18246	OST_IS
PF21618	OST_P1
PF18235	OST_P2
PF30133	OSW2_M
PF30134	OSW2_N
PF17062	Osw5
PF00185	OTCace
PF02729	OTCace_N
PF29889	OTO1
PF28491	Otoancorin_N
PF25961	OTOGL_N
PF03189	Otopetrin
PF15182	OTOS
PF14441	OTT_1508_deam
PF02338	OTU
PF21403	OTU1_UBXL
PF29258	OTU_Vertnin
PF25652	Ourmia_CP
PF04844	Ovate
PF24423	OVT1
PF29761	OWP_7th
PF29762	OWP_N
PF09791	Oxidored-like
PF16490	Oxidoreduct_C
PF00724	Oxidored_FMN
PF00174	Oxidored_molyb
PF00148	Oxidored_nitro
PF00420	Oxidored_q2
PF00499	Oxidored_q3
PF00507	Oxidored_q4
PF01059	Oxidored_q5_N
PF01058	Oxidored_q6
PF12573	OxoDH_E1alpha_N
PF16870	OxoGdeHyase_C
PF30805	OXR1_M
PF19858	OxRdtase_C
PF30470	OXS3
PF09859	Oxygenase-NA
PF01237	Oxysterol_BP
PF08635	ox_reductase_C
PF22620	OYE-like_second_a-b
PF01901	O_anti_polymase
PF17531	O_Spanin_T7
PF00543	P-II
PF30762	P-loop_CpgS
PF21090	P-loop_SecA
PF19044	P-loop_TraG
PF04275	P-mevalo_kinase
PF20837	P1
PF30044	P113_C
PF30045	P113_lectin-like
PF30041	P113_M
PF30043	P113_N
PF23707	P116
PF23983	P11_C
PF12233	p12I
PF04699	P16-Arc
PF07392	P19Arf_N
PF12378	P1_N
PF07194	P2
PF04062	P21-Arc
PF10548	P22_AR_C
PF10547	P22_AR_N
PF11651	P22_CoatProtein
PF14549	P22_Cro
PF29665	P22_Gp10_C
PF25688	P22_gp7
PF16510	P22_portal
PF11650	P22_Tail-4
PF20760	P23-45_gp39_N
PF21919	P23-45_portal_barrel
PF05517	p25-alpha
PF21161	P2R3B_EF-hand
PF20478	P2RX7_C
PF00864	P2X_receptor
PF25513	P2_C
PF18628	P2_N
PF06891	P2_Phage_GpR
PF07390	P30
PF06581	p31comet
PF15302	P33MONOX
PF04045	P34-Arc
PF02331	P35
PF08727	P3A
PF25514	P3_C
PF00067	p450
PF08944	p47_phox_C
PF08336	P4Ha_N
PF12409	P5-ATPase
PF00870	P53
PF14936	p53-inducible11
PF11619	P53_C
PF08563	P53_TAD
PF07710	P53_tetramer
PF21705	p55_CTD
PF14748	P5CR_dimer
PF17548	p6
PF28251	P60-like
PF10546	P63C
PF16563	P66_CC
PF08061	P68HR
PF30160	p72_C
PF22371	P7_N_core
PF24305	P8
PF19065	P8_CR
PF28259	P97_adhes_N
PF19066	P9_TM
PF02225	PA
PF07472	PA-IIL
PF07828	PA-IL
PF30220	PA0049_C
PF27118	PA0049_N
PF07691	PA14
PF28105	PA1414
PF27144	PA14_33160
PF09979	Pa193_gp24
PF30928	Pa193_gp26
PF20734	PA2201_N
PF28029	PA2485
PF04636	PA26
PF22432	PA2794-like_C
PF28052	PA2816
PF28053	PA2817
PF02252	PA28_C
PF02251	PA28_N
PF24876	PA4575
PF21475	PaaA-like_N
PF21217	PaaA2
PF05138	PaaA_PaaC
PF06243	PaaB
PF05488	PAAR_motif
PF14958	PAAT-like
PF07848	PaaX
PF22444	PaaX-like_Fer-like
PF08223	PaaX_C
PF20803	PaaX_M
PF13969	Pab87_oct
PF23182	PABC_AtC3H46
PF27638	PABIR_N
PF31209	PABL017_Cdi1I
PF21579	PabTrmU54_TRAM_dom
PF28503	PAB_C
PF28502	PAB_middle
PF30404	PAB_N
PF16094	PAC1
PF30151	PAC11
PF09754	PAC2
PF10178	PAC3
PF16093	PAC4
PF28334	PacC_helical
PF05375	Pacifastin_I
PF14000	Packaging_FI
PF23699	PACMP
PF10254	Pacs-1
PF10495	PACT_coil_coil
PF28683	PAC_M
PF28684	PAC_N_CC
PF03068	PAD
PF20592	pAdhesive_10
PF20596	pAdhesive_11
PF20597	pAdhesive_15
PF20609	pAdhesive_17
PF20595	pAdhesive_6
PF20602	pAdhesive_8
PF03551	PadR
PF21728	PADR1_N
PF14009	PADRE
PF08527	PAD_M
PF08526	PAD_N
PF04371	PAD_porph
PF03283	PAE
PF15715	PAF
PF03403	PAF-AH_p_II
PF03985	Paf1
PF10255	Paf67
PF15347	PAG
PF15284	PAGK
PF09411	PagL
PF28821	PagL_C
PF07017	PagP
PF02671	PAH
PF23202	PAH_ZNF598
PF09699	Paired_CXXCH_1
PF08316	Pal1
PF16756	PALB2_WD40
PF25435	PalB_C
PF08733	PalH
PF18663	Pallilysin
PF02089	Palm_thioest
PF00291	PALP
PF03656	Pam16
PF08566	Pam17
PF07145	PAM2
PF22479	Pam3_gp18
PF23992	Pam3_gp32
PF23977	Pam3_Gp34
PF23986	Pam3_gp59
PF20770	PAN2_N
PF18101	Pan3_CK
PF12534	Pannexin_like
PF30194	Panoramix_cons
PF02569	Pantoate_ligase
PF02548	Pantoate_transf
PF11326	PANTS-like
PF12568	PanZ
PF00024	PAN_1
PF08276	PAN_2
PF08277	PAN_3
PF14295	PAN_4
PF03309	Pan_kinase
PF08417	PaO
PF05380	Pao_retrotransp
PF26180	PAP-OAS1
PF08601	PAP1
PF01569	PAP2
PF14378	PAP2_3
PF14360	PAP2_C
PF29204	PAP2_TM
PF04795	PAPA-1
PF16911	PapA_C
PF03333	PapB
PF13953	PapC_C
PF13954	PapC_N
PF14874	PapD-like
PF02753	PapD_C
PF00345	PapD_N
PF03628	PapG_C
PF03627	PapG_N
PF16626	Papilin_u7
PF03025	Papilloma_E5
PF14855	PapJ
PF02380	Papo_T_antigen
PF25900	PAPPA
PF01507	PAPS_reduct
PF22740	PapZ_C
PF03828	PAP_assoc
PF04928	PAP_central
PF02711	Pap_E4
PF04755	PAP_fibrillin
PF20750	PAP_NTPase
PF06864	PAP_PilO
PF04926	PAP_RNA-bind
PF30854	Par-4_C
PF30855	Par-4_SAC
PF06521	PAR1
PF12053	Par3_HAL_N_term
PF10609	ParA
PF03285	Paralemmin
PF01508	Paramecium_SA
PF01692	Paramyxo_C
PF00973	Paramyxo_ncap
PF02725	Paramyxo_NS_C
PF01806	Paramyxo_P
PF14320	Paramyxo_PNT
PF13825	Paramyxo_P_V_N
PF03210	Paramyx_P_V_C
PF01279	Parathyroid
PF24313	Paratox
PF08775	ParB
PF24392	Parb-CE
PF08857	ParBc_2
PF29893	ParBc_C
PF23552	ParB_C
PF02195	ParB_N
PF28031	ParC-like
PF10274	ParcG
PF09386	ParD
PF07425	Pardaxin
PF03693	ParD_antitoxin
PF11903	ParD_like
PF15781	ParE-like_toxin
PF06344	Parecho_VpG
PF05942	PaREP1
PF07903	PaRep2a
PF07775	PaRep2b
PF24732	ParE_like
PF05016	ParE_toxin
PF09274	ParG
PF05028	PARG_cat_C
PF10021	PARG_cat_microb
PF20811	PARG_cat_N
PF28331	PARI_N
PF17061	PARM
PF21523	ParM_N
PF00644	PARP
PF26156	PARP4_MVP-ID
PF31022	PARP6_N
PF02877	PARP_reg
PF01358	PARP_regulatory
PF15861	partial_CstF
PF25666	Partiti_capsid
PF01057	Parvo_NS1
PF27719	Parvo_NS2
PF00989	PAS
PF26131	PAS-like
PF30269	PASD1_N
PF03793	PASTA
PF13596	PAS_10
PF14598	PAS_11
PF18095	PAS_12
PF24990	PAS_13
PF08446	PAS_2
PF08447	PAS_3
PF08448	PAS_4
PF07310	PAS_5
PF08348	PAS_6
PF12860	PAS_7
PF13188	PAS_8
PF13426	PAS_9
PF21370	PAS_GdpP
PF30516	PAS_NblS
PF21815	PAS_PdeA
PF09016	Pas_Saposin
PF09770	PAT1
PF01734	Patatin
PF14332	PatA_N
PF02460	Patched
PF18065	PatG_C
PF18047	PatG_D
PF28195	Pathogen_avirulence
PF09593	Pathogen_betaC1
PF19224	pATOM36
PF12951	PATR
PF28281	PatS
PF28278	PatX
PF22306	PAV1-137_bromodom-like
PF04721	PAW
PF00292	PAX
PF12403	Pax2_C
PF12360	Pax7
PF03535	Paxillin
PF15364	PAXIP1_C
PF05625	PAXNEB
PF24799	Paxt-1_C
PF15384	PAXX
PF02170	PAZ
PF12212	PAZ_2
PF18309	PAZ_3
PF18349	PAZ_4
PF26744	PAZ_Dcl1
PF05870	PA_decarbox
PF20835	PA_Ig-like
PF00564	PB1
PF11986	PB1-F2
PF26130	PB1-like
PF27604	PB2B2_08
PF21442	PB2_627-dom
PF21490	PB2_cap-binding
PF24168	PB4_spike
PF05874	PBAN
PF03792	PBC
PF25636	PBCV1_P7
PF08789	PBCV_basic_adap
PF25661	PBCV_P4
PF00786	PBD
PF04669	PBDC1
PF18809	PBECR1
PF18810	PBECR2
PF18812	PBECR3
PF18813	PBECR4
PF18814	PBECR5
PF29586	PBG37_TM
PF01161	PBP
PF14889	PBP-Tp47_a
PF14888	PBP-Tp47_c
PF30367	PBP1b_C
PF30382	PBP1c_linker
PF30384	PBP1c_linker_2
PF14812	PBP1_TM
PF22177	PBP1_XylR
PF22511	PBP2
PF22384	PBP2_Ca3427_like
PF07943	PBP5_C
PF29195	PBP_1A_C
PF03717	PBP_dimer
PF21922	PBP_dimer_2
PF01395	PBP_GOBP
PF12727	PBP_like
PF12849	PBP_like_2
PF28500	PBP_middle
PF17093	PBP_N
PF07222	PBP_sp32
PF31257	PBS2_N
PF17356	PBSX_XtrA
PF00427	PBS_linker_poly
PF20816	PBV_CP
PF25203	PB_DAAF9
PF13839	PC-Esterase
PF02229	PC4
PF06466	PCAF_N
PF17092	PCB_OB
PF03479	PCC
PF09341	Pcc1
PF22297	PccH
PF26062	PccX
PF18140	PCC_BT
PF28560	PCD-like
PF23206	PCDH15_12th
PF12391	PCDO_beta_N
PF07418	PCEMA1
PF09461	PcF
PF21936	Pcf11_C
PF20827	PCF11_charged
PF20845	Pcf11_helical
PF20844	PCF11_RFEG_rpt
PF14284	PcfJ
PF14058	PcfK
PF22107	Pch2_N
PF28724	PchR_N
PF29706	PCHTP_C
PF01399	PCI
PF12237	PCIF1_WW
PF30898	PCL_mid
PF15717	PCM1_C
PF13201	PCMD
PF01135	PCMT
PF28198	PCNA-interact_regulator
PF02747	PCNA_C
PF00705	PCNA_N
PF15473	PCNP
PF27346	PcoE
PF07847	PCO_ADO
PF02429	PCP
PF29017	PCP52
PF08369	PCP_red
PF21196	PcrA_UvrD_tudor
PF01884	PcrB
PF03462	PCRF
PF19501	PcRGLX_1st
PF21345	PcRGLX_2nd
PF21346	PcRGLX_3rd
PF18459	PCSK9_C1
PF18464	PCSK9_C2
PF18463	PCSK9_C3
PF13798	PCYCGC
PF01851	PC_rep
PF09310	PD-C2-AF1
PF07676	PD40
PF13739	PdaC
PF14756	Pdase_C33_assoc
PF18295	Pdase_M17_N2
PF06840	PDC10_C
PF22063	Pdc1_Ge1
PF20929	PDCD10_N
PF04194	PDCD2_C
PF30657	PDCD2_N
PF16021	PDCD7
PF07147	PDCD9
PF12705	PDDEXK_1
PF07788	PDDEXK_10
PF20472	PDDEXK_11
PF20516	PDDEXK_12
PF20796	PDDEXK_13
PF24579	PDDEXK_14
PF24608	PDDEXK_15
PF25941	PDDEXK_16
PF26295	PDDEXK_17
PF26437	PDDEXK_18
PF26553	PDDEXK_19
PF12784	PDDEXK_2
PF13366	PDDEXK_3
PF14281	PDDEXK_4
PF11645	PDDEXK_5
PF04720	PDDEXK_6
PF04411	PDDEXK_7
PF08011	PDDEXK_9
PF26115	PDDEXK_GAPS4
PF21171	PDE12-like_N
PF26710	Pde4dip
PF18100	PDE4_UCR
PF04868	PDE6_gamma
PF08629	PDE8
PF23198	PDE8A_N
PF28324	PDE8_3rd
PF00233	PDEase_I
PF02112	PDEase_II
PF08499	PDEase_I_N
PF30418	PdeR_N
PF29092	PDF-1
PF29338	Pdf-2
PF27764	PDF1_C
PF25797	PDF2_C
PF00341	PDGF
PF04692	PDGF_N
PF13190	PDGLE
PF20463	PDH_C
PF17831	PDH_E1_M
PF28598	PDH_E1_N
PF02153	PDH_N
PF08370	PDR_assoc
PF06422	PDR_CDR
PF20168	PDS5
PF00800	PDT
PF10662	PduV-EutP
PF15953	PDU_like
PF28116	PDV_N
PF04166	PdxA
PF22930	PDXDC1-like_cen
PF22937	PDXDC1-like_cen2
PF03740	PdxJ
PF00595	PDZ
PF26547	PDZD8_N
PF12812	PDZ_1
PF13180	PDZ_2
PF17815	PDZ_3
PF17816	PDZ_4
PF17817	PDZ_5
PF17820	PDZ_6
PF10600	PDZ_assoc
PF23658	PDZ_CPAF_rel
PF14685	PDZ_Tricorn
PF30260	PD_1611-like_2nd
PF00934	PE
PF20729	PE-PGRS_C
PF08237	PE-PPE
PF08111	Pea-VEAacid
PF29090	PEA2_C
PF29082	PEA2_middle
PF29081	PEA2_N
PF05278	PEARLI-4
PF05041	Pecanex_C
PF12708	Pect-lyase_RHGA_epim
PF03211	Pectate_lyase
PF14583	Pectate_lyase22
PF06917	Pectate_lyase_2
PF00544	Pectate_lyase_4
PF20585	Pectate_lyase_5
PF01095	Pectinesterase
PF09492	Pec_lyase
PF04431	Pec_lyase_N
PF20207	PedC-like
PF08182	Pedibin
PF26596	PEF-CTERM_ARCH
PF30901	PEG10-RTL1_C-capsid
PF03732	PEG10_N-capsid
PF08308	PEGA
PF15275	PEHE
PF18736	pEK499_p136
PF22842	Pel9A-like_beta_helix
PF16963	PelD_GGDEF
PF16933	PelG
PF04710	Pellino_FHA
PF20723	Pellino_RING
PF15608	PELOTA_1
PF26356	Pelota_N
PF17859	Pelovaterin
PF08166	PELP1_HEAT
PF25850	PelX_Ig
PF25849	PelX_N
PF02452	PemK_toxin
PF04191	PEMT
PF10251	PEN-2
PF05927	Penaeidin
PF03965	Penicillinase_R
PF01804	Penicil_amidase
PF00805	Pentapeptide
PF01469	Pentapeptide_2
PF13576	Pentapeptide_3
PF13599	Pentapeptide_4
PF00354	Pentaxin
PF05524	PEP-utilisers_N
PF00391	PEP-utilizers
PF02896	PEP-utilizers_C
PF17232	Pep1_7
PF05131	Pep3_Vps18
PF23341	PEP5_VPS11_N
PF00311	PEPcase
PF14010	PEPcase_2
PF28766	PEPCK-like_mid
PF01293	PEPCK_ATP
PF00821	PEPCK_GTP
PF17297	PEPCK_N
PF26300	PEPCK_PPi_lobe_2
PF29600	PEPCK_PPi_N
PF24393	Pepco
PF18027	Pepdidase_M14_N
PF21216	PepQ_N
PF28943	PepS8_pro_Ba
PF06394	Pepsin-I3
PF03413	PepSY
PF13670	PepSY_2
PF11396	PepSY_like
PF03929	PepSY_TM
PF16357	PepSY_TM_like_2
PF03566	Peptidase_A21
PF04258	Peptidase_A22B
PF01478	Peptidase_A24
PF03418	Peptidase_A25
PF12384	Peptidase_A2B
PF12382	Peptidase_A2_2
PF02160	Peptidase_A3
PF21024	Peptidase_A3B
PF01828	Peptidase_A4
PF01829	Peptidase_A6
PF01252	Peptidase_A8
PF00112	Peptidase_C1
PF01640	Peptidase_C10
PF16218	Peptidase_C101
PF17222	Peptidase_C107
PF03415	Peptidase_C11
PF01088	Peptidase_C12
PF01650	Peptidase_C13
PF00656	Peptidase_C14
PF01470	Peptidase_C15
PF01831	Peptidase_C16
PF03051	Peptidase_C1_2
PF00648	Peptidase_C2
PF05381	Peptidase_C21
PF05379	Peptidase_C23
PF03510	Peptidase_C24
PF01364	Peptidase_C25
PF03785	Peptidase_C25_C
PF07722	Peptidase_C26
PF05407	Peptidase_C27
PF05408	Peptidase_C28
PF00548	Peptidase_C3
PF05409	Peptidase_C30
PF05410	Peptidase_C31
PF05411	Peptidase_C32
PF05412	Peptidase_C33
PF05413	Peptidase_C34
PF05415	Peptidase_C36
PF05416	Peptidase_C37
PF03412	Peptidase_C39
PF13529	Peptidase_C39_2
PF12381	Peptidase_C3G
PF00863	Peptidase_C4
PF05417	Peptidase_C41
PF05533	Peptidase_C42
PF05543	Peptidase_C47
PF02902	Peptidase_C48
PF00770	Peptidase_C5
PF05550	Peptidase_C53
PF03416	Peptidase_C54
PF03290	Peptidase_C57
PF03543	Peptidase_C58
PF00851	Peptidase_C6
PF12380	Peptidase_C62
PF10275	Peptidase_C65
PF03577	Peptidase_C69
PF01830	Peptidase_C7
PF12385	Peptidase_C70
PF12386	Peptidase_C71
PF12387	Peptidase_C74
PF07910	Peptidase_C78
PF03569	Peptidase_C8
PF11713	Peptidase_C80
PF01707	Peptidase_C9
PF05708	Peptidase_C92
PF06035	Peptidase_C93
PF05903	Peptidase_C97
PF15499	Peptidase_C98
PF11962	Peptidase_G2
PF26036	Peptidase_inhib_put
PF01433	Peptidase_M1
PF00413	Peptidase_M10
PF08548	Peptidase_M10_C
PF05548	Peptidase_M11
PF01431	Peptidase_M13
PF05649	Peptidase_M13_N
PF00246	Peptidase_M14
PF01427	Peptidase_M15
PF05951	Peptidase_M15_2
PF08291	Peptidase_M15_3
PF13539	Peptidase_M15_4
PF00675	Peptidase_M16
PF05193	Peptidase_M16_C
PF16187	Peptidase_M16_M
PF00883	Peptidase_M17
PF02789	Peptidase_M17_N
PF21337	Peptidase_M17_N_1
PF02127	Peptidase_M18
PF01244	Peptidase_M19
PF17900	Peptidase_M1_N
PF01401	Peptidase_M2
PF01546	Peptidase_M20
PF01551	Peptidase_M23
PF18421	Peptidase_M23_N
PF00557	Peptidase_M24
PF16188	Peptidase_M24_C
PF07580	Peptidase_M26_C
PF05342	Peptidase_M26_N
PF01742	Peptidase_M27
PF26320	Peptidase_M27_Wo
PF04389	Peptidase_M28
PF02073	Peptidase_M29
PF01432	Peptidase_M3
PF10460	Peptidase_M30
PF02074	Peptidase_M32
PF02102	Peptidase_M35
PF02128	Peptidase_M36
PF08439	Peptidase_M3_N
PF29194	Peptidase_M3_N_2
PF01447	Peptidase_M4
PF01434	Peptidase_M41
PF05343	Peptidase_M42
PF05572	Peptidase_M43
PF03410	Peptidase_M44
PF01435	Peptidase_M48
PF16491	Peptidase_M48_N
PF03571	Peptidase_M49
PF02868	Peptidase_M4_C
PF02163	Peptidase_M50
PF13398	Peptidase_M50B
PF07998	Peptidase_M54
PF04951	Peptidase_M55
PF05569	Peptidase_M56
PF12388	Peptidase_M57
PF05547	Peptidase_M6
PF13402	Peptidase_M60
PF18630	Peptidase_M60_C
PF05299	Peptidase_M61
PF17899	Peptidase_M61_N
PF09471	Peptidase_M64
PF10462	Peptidase_M66
PF02031	Peptidase_M7
PF12389	Peptidase_M73
PF03411	Peptidase_M74
PF09375	Peptidase_M75
PF09768	Peptidase_M76
PF06114	Peptidase_M78
PF01457	Peptidase_M8
PF13678	Peptidase_M85
PF01752	Peptidase_M9
PF06167	Peptidase_M90
PF14891	Peptidase_M91
PF17033	Peptidase_M99
PF17129	Peptidase_M99_C
PF17130	Peptidase_M99_m
PF08453	Peptidase_M9_N
PF13485	Peptidase_MA_2
PF15887	Peptidase_Mx
PF15890	Peptidase_Mx1
PF04327	Peptidase_Prp
PF00450	Peptidase_S10
PF00768	Peptidase_S11
PF02113	Peptidase_S13
PF02129	Peptidase_S15
PF00716	Peptidase_S21
PF00717	Peptidase_S24
PF10502	Peptidase_S26
PF05577	Peptidase_S28
PF02907	Peptidase_S29
PF00944	Peptidase_S3
PF01577	Peptidase_S30
PF05578	Peptidase_S31
PF05579	Peptidase_S32
PF05576	Peptidase_S37
PF02122	Peptidase_S39
PF03572	Peptidase_S41
PF11918	Peptidase_S41_N
PF10459	Peptidase_S46
PF03574	Peptidase_S48
PF01343	Peptidase_S49
PF08496	Peptidase_S49_N
PF03575	Peptidase_S51
PF05580	Peptidase_S55
PF03576	Peptidase_S58
PF02395	Peptidase_S6
PF08192	Peptidase_S64
PF02016	Peptidase_S66
PF17676	Peptidase_S66C
PF10461	Peptidase_S68
PF00949	Peptidase_S7
PF13884	Peptidase_S74
PF13611	Peptidase_S76
PF03420	Peptidase_S77
PF04586	Peptidase_S78
PF14550	Peptidase_S78_2
PF00082	Peptidase_S8
PF20034	Peptidase_S80
PF16361	Peptidase_S8_N
PF00326	Peptidase_S9
PF02897	Peptidase_S9_N
PF01136	Peptidase_U32
PF16325	Peptidase_U32_C
PF03419	Peptidase_U4
PF10464	Peptidase_U40
PF10463	Peptidase_U49
PF05582	Peptidase_U57
PF31181	Pept_C14_Metacaspase
PF30662	Pept_C39_actino_N
PF18294	Pept_S41_N
PF21558	Pept_S41_N_bact
PF01195	Pept_tRNA_hydro
PF08530	PepX_C
PF09168	PepX_N
PF01327	Pep_deformylase
PF07589	PEP_exosort_dom
PF09370	PEP_hydrolase
PF01562	Pep_M12B_propep
PF13714	PEP_mutase
PF04080	Per1
PF21353	Per3-like_PAS-A
PF06590	PerB
PF06069	PerC
PF07054	Pericardin_rpt
PF03036	Perilipin
PF17316	Perilipin_2
PF12114	Period_C
PF25234	Periphilin_C
PF00532	Peripla_BP_1
PF01497	Peripla_BP_2
PF13377	Peripla_BP_3
PF13407	Peripla_BP_4
PF13433	Peripla_BP_5
PF13458	Peripla_BP_6
PF18610	Peripla_BP_7
PF25493	Peripla_BP_A-cyclase
PF25495	Peripla_BP_A-cyclase_1
PF08259	Periviscerokin
PF19877	PerM
PF15629	Perm-CXXC
PF28384	PERM1
PF24388	Permuted_GreAB-C
PF22152	Permu_RdRp_palm
PF22260	Permu_RdRp_thumb
PF00141	peroxidase
PF01328	Peroxidase_2
PF11895	Peroxidase_ext
PF04088	Peroxin-13_N
PF12827	Peroxin-22
PF04882	Peroxin-3
PF03212	Pertactin
PF09275	Pertus-S4-tox
PF09276	Pertus-S5-tox
PF02917	Pertussis_S1
PF02918	Pertussis_S2S3
PF07149	Pes-10
PF06732	Pescadillo_N
PF16754	Pesticin
PF21613	Pesticin_RB
PF16329	Pestivirus_E2
PF06297	PET
PF09803	Pet100
PF15786	PET117
PF05476	PET122
PF08634	Pet127
PF29116	PET130
PF10203	Pet191_N
PF08692	Pet20
PF30024	PET494_C
PF30023	PET494_N
PF28459	PET54_N
PF12740	PETase
PF02529	PetG
PF05115	PetL
PF08041	PetM
PF03742	PetN
PF09262	PEX-1N
PF09263	PEX-2N
PF05648	PEX11
PF23020	PEX14-like_2nd
PF04695	Pex14_N
PF30033	PEX15_N
PF08610	Pex16
PF30744	Pex17
PF25098	PEX18_PEX21_C
PF04614	Pex19
PF06398	Pex24p
PF07163	Pex26
PF04757	Pex2_Pex12
PF23315	PEX6_4th
PF23120	PEX6_N
PF25394	PEX6_vert_N
PF27739	PEX8_C
PF27740	PEX8_helical
PF26001	Pex8_N
PF27812	PEX8_TPR_mid
PF22748	PexRD54_WY
PF22315	PF0095-like_C
PF21476	PF0610-like_N
PF22353	PF1197-like_C
PF02594	PF1765-like
PF30062	PF3D7_0207100_beta-sheet
PF30060	PF3D7_0207100_coil
PF27588	PF3D7_0210200_6th
PF27571	PF3D7_0210200_7th
PF27589	PF3D7_0210200_C
PF27587	PF3D7_0210200_HH
PF27586	PF3D7_0210200_N
PF29487	PF3D7_1205000_C
PF29485	PF3D7_1205000_helical
PF30040	PF3D7_1223600_C
PF30042	PF3D7_1223600_M
PF30080	PF3D7_1225600_plus-like
PF30188	PF3D7_1446700_N
PF18328	PfaD_N
PF05714	PFam54_60
PF11526	Pfc11_Clp1_ID
PF21940	Pfc11_Rna14-15-ID
PF29545	PFD1115c_C
PF03011	PFEMP
PF21807	PfEMP1_CIDRalpha1_dom
PF22250	PFF1_C
PF22251	PFF1_TM
PF09216	Pfg27
PF22162	PFIN
PF00365	PFK
PF00294	PfkB
PF18468	Pfk_N
PF02901	PFL-like
PF22365	PfNDH2_hel_ins
PF17147	PFOR_II
PF12367	PFO_beta_C
PF29115	PFS1_middle
PF27878	PFTS_polysacc
PF09070	PFU
PF11567	PfUIS3
PF25634	PFV_capsid
PF29361	PGA
PF10333	Pga1
PF29647	PGA17_helical
PF07543	PGA2
PF29052	PGA28-like_dom
PF29141	PGA43
PF29143	PGA45_C
PF29144	PGA45_N
PF29113	PGA60_trefoil
PF21197	PgaA_barrel
PF13994	PgaD
PF07819	PGAP1
PF25141	PGAP1_2nd
PF24660	PGAP1_3rd
PF25140	PGAP1_TMD
PF30737	PGAP4
PF06162	PgaPase_1
PF09587	PGA_cap
PF15437	PGBA_C
PF15436	PGBA_N
PF15549	PGC7_Stella
PF18627	PgdA_N
PF30262	PGDB_FadG-YbfG
PF16896	PGDH_C
PF19304	PGDH_inter
PF14083	PGDYG
PF18204	PGF-CTERM
PF13962	PGG
PF00342	PGI
PF00162	PGK
PF31060	PGLa-A
PF17836	PglD_N
PF15864	PglL_A
PF27141	PglY_4th
PF08665	PglZ
PF25862	PglZ_1st
PF25861	PglZ_2nd
PF25863	PglZ_C
PF29799	PGL_C
PF29800	PGL_N
PF18105	PGM1_C
PF24947	PGM1_C_vert_fung
PF02878	PGM_PMM_I
PF02879	PGM_PMM_II
PF02880	PGM_PMM_III
PF00408	PGM_PMM_IV
PF20857	Pgp3_helical
PF20858	Pgp3_N
PF04608	PgpA
PF09656	PGPGW
PF09419	PGP_phosphatase
PF30904	PGRL1_C
PF30905	PGRL1_N
PF21526	PGRS
PF28460	PGSIP7_C
PF21577	PG_0320-like_C
PF22013	PG_1098_Fer
PF21911	PG_1098_N
PF01471	PG_binding_1
PF08823	PG_binding_2
PF09374	PG_binding_3
PF12229	PG_binding_4
PF21398	PG_binding_5
PF18353	PG_isomerase_N
PF00169	PH
PF21098	PH-GRAM_MTMR6-like
PF22167	PH0730-like_N
PF09638	Ph1570
PF21103	PH1_SSRP1-like
PF06542	PHA-1
PF21017	PHA01746
PF21189	PHA02142
PF07167	PhaC_N
PF03676	PHAF1
PF10653	Phage-A118_gp45
PF09215	Phage-Gp8
PF09077	Phage-MuB_C
PF09306	Phage-scaffold
PF09097	Phage-tail_1
PF09096	Phage-tail_2
PF13550	Phage-tail_3
PF18894	PhageMetallopep
PF10145	PhageMin_Tail
PF09251	PhageP22-tail
PF09584	Phageshock_PspD
PF09583	Phageshock_PspG
PF26872	Phage_186_Dhr
PF10893	Phage_186_Fil
PF08010	Phage_30_3
PF06019	Phage_30_8
PF29383	Phage_3BD
PF25605	Phage_80a_gp11
PF18066	Phage_ABA_S
PF26075	Phage_Adaptor_PhiTE
PF05930	Phage_AlpA
PF06530	Phage_antitermQ
PF06323	Phage_antiter_Q
PF26913	Phage_APSE1_p4
PF26917	Phage_APSE1_p49
PF17585	Phage_Arf
PF10554	Phage_ASH
PF05354	Phage_attach
PF02304	Phage_B
PF30794	Phage_base_N
PF04717	Phage_base_V
PF30765	Phage_base_V_C
PF25181	Phage_Bbp19
PF26907	Phage_Bf23_A1
PF24647	Phage_blade
PF29579	Phage_BPS1_21
PF09356	Phage_BR0599
PF12025	Phage_C
PF05065	Phage_capsid
PF19821	Phage_capsid_2
PF13252	Phage_capsid_3
PF25209	Phage_capsid_4
PF09018	Phage_Capsid_P3_N
PF03864	Phage_cap_E
PF05125	Phage_cap_P2
PF22758	Phage_cement
PF09956	Phage_cement_2
PF23968	Phage_cement_3
PF05269	Phage_CII
PF16452	Phage_CI_C
PF07022	Phage_CI_repr
PF16790	Phage_clamp_A
PF09063	Phage_coat
PF19199	Phage_coatGP8
PF05357	Phage_Coat_A
PF05356	Phage_Coat_B
PF05352	Phage_connector
PF05135	Phage_connect_1
PF24829	Phage_connect_2
PF10743	Phage_Cox
PF26850	Phage_Cp-1_Terminal
PF06892	Phage_CP76
PF05144	Phage_CRI
PF26852	Phage_decoration
PF26074	Phage_DEC_PhiTE
PF25692	Phage_depo_C
PF26810	Phage_disruptin
PF02303	Phage_DNA_bind
PF11126	Phage_DsbA
PF05367	Phage_endo_I
PF02305	Phage_F
PF03335	Phage_fiber
PF03406	Phage_fiber_2
PF06820	Phage_fiber_C
PF22337	Phage_fiber_rpt
PF05798	Phage_FRD3
PF02306	Phage_G
PF23772	Phage_g100
PF29422	Phage_G278
PF10910	Phage_gene29
PF25742	Phage_Gene33
PF23887	Phage_Gene47
PF11108	Phage_glycop_gL
PF07410	Phage_Gp111
PF06854	Phage_Gp15
PF25696	Phage_Gp168
PF17549	Phage_Gp17
PF09355	Phage_Gp19
PF10669	Phage_Gp23
PF22130	Phage_gp38
PF25690	Phage_gp49
PF13876	Phage_gp49_66
PF26826	Phage_gp51
PF11246	Phage_gp53
PF25745	Phage_GP58
PF26828	Phage_gp75
PF23794	Phage_Gp84
PF26832	Phage_gp86
PF05840	Phage_GPA
PF05954	Phage_GPD
PF05926	Phage_GPL
PF05929	Phage_GPO_N
PF05521	Phage_HCP
PF25714	Phage_HCP1
PF11113	Phage_head_chap
PF11133	Phage_head_fibr
PF23874	Phage_Hfq
PF06120	Phage_HK97_TLTM
PF04531	Phage_holin_1
PF23987	Phage_holin_10
PF23778	Phage_holin_2
PF04971	Phage_holin_2_1
PF10746	Phage_holin_2_2
PF16080	Phage_holin_2_3
PF16082	Phage_holin_2_4
PF05106	Phage_holin_3_1
PF04550	Phage_holin_3_2
PF16083	Phage_holin_3_3
PF16085	Phage_holin_3_5
PF07332	Phage_holin_3_6
PF05449	Phage_holin_3_7
PF05105	Phage_holin_4_1
PF04020	Phage_holin_4_2
PF06946	Phage_holin_5_1
PF16079	Phage_holin_5_2
PF09682	Phage_holin_6_1
PF16081	Phage_holin_7_1
PF16931	Phage_holin_8
PF23809	Phage_holin_9
PF16938	Phage_holin_Dp1
PF11031	Phage_holin_T
PF10772	Phage_HP1_Orf24
PF26890	Phage_HP1_YO09
PF11110	Phage_hub_GP28
PF24214	Phage_H_T_join_2
PF25138	Phage_H_T_join_3
PF26098	Phage_Inh_C
PF26097	Phage_Inh_N
PF29559	Phage_inner_body
PF00589	Phage_integrase
PF16795	Phage_integr_3
PF30395	Phage_integr_N
PF30405	Phage_int_CB
PF22022	Phage_int_M
PF02899	Phage_int_SAM_1
PF12834	Phage_int_SAM_2
PF14659	Phage_int_SAM_3
PF13495	Phage_int_SAM_4
PF13102	Phage_int_SAM_5
PF18644	Phage_int_SAM_6
PF26912	Phage_L54a_excisionase
PF26905	Phage_L5_Gp45
PF26893	Phage_L5_Gp74
PF26884	Phage_L5_Gp78
PF26898	Phage_L5_Gp81
PF25735	Phage_L5_gp82
PF26900	Phage_lambda_Ea47
PF06992	Phage_lambda_P
PF24052	Phage_lipoprotein
PF03245	Phage_lysis
PF00959	Phage_lysozyme
PF18013	Phage_lysozyme2
PF03863	Phage_mat-A
PF06152	Phage_min_cap2
PF05939	Phage_min_tail
PF11125	Phage_MS2_lysis
PF04233	Phage_Mu_F
PF07352	Phage_Mu_Gam
PF26885	Phage_Mu_Gp12
PF26867	Phage_Mu_gp18
PF11985	Phage_Mu_Gp27
PF07030	Phage_Mu_Gp36
PF08873	Phage_Mu_Gp37
PF06890	Phage_Mu_Gp45
PF10076	Phage_Mu_Gp48
PF26833	Phage_Mu_gp6
PF26891	Phage_N4_Gp1
PF26984	Phage_N4_Gp2
PF06322	Phage_NinH
PF25675	Phage_nozzle
PF07471	Phage_Nu1
PF26859	Phage_N_antitermin
PF24653	Phage_OMP
PF26854	Phage_ORF13_CC
PF26853	Phage_ORF29_CC
PF20577	Phage_ORF5
PF06194	Phage_Orf51
PF26903	Phage_P1_Gp16
PF26868	Phage_P1_RepL
PF26881	Phage_P1_tail_fiber_R
PF26866	Phage_P22_Eai
PF26808	Phage_P22_gp16
PF10765	Phage_P22_NinX
PF27050	Phage_P22_Y8K6
PF06528	Phage_P2_GpE
PF06995	Phage_P2_GpU
PF20962	Phage_p2_ORF12
PF26915	Phage_P4_cII
PF27008	Phage_P7_repressor_C1
PF21393	Phage_pb10_N
PF29565	Phage_PBS1_100
PF29560	Phage_PBS1_109
PF29563	Phage_PBS1_130
PF29564	Phage_PBS1_41
PF29580	Phage_PBS1_ring
PF29591	Phage_PBS1_VTX
PF26845	Phage_phi29_DNA_rep1
PF09931	Phage_phiJL001_Gp84_N
PF26844	Phage_phiKMV_holin
PF26207	Phage_phiTE_015
PF26211	Phage_phiTE_072
PF26210	Phage_phiTE_211
PF26221	Phage_phiTE_239
PF26209	Phage_phiTE_241_C
PF26208	Phage_phiTE_241_N
PF26925	Phage_PM2_Gpl
PF04860	Phage_portal
PF05136	Phage_portal_2
PF06381	Phage_portal_3
PF09669	Phage_pRha
PF24203	Phage_ProQ_C_like
PF16945	Phage_r1t_holin
PF25760	Phage_RB18_ORF43
PF21311	Phage_RBD_prop
PF26815	Phage_RepB
PF25746	Phage_Repressor_c
PF04492	Phage_rep_O
PF09681	Phage_rep_org_N
PF30394	Phage_rep_O_C
PF29426	Phage_RNApol
PF10789	Phage_RpbA
PF06810	Phage_scaffold
PF04984	Phage_sheath_1
PF17482	Phage_sheath_1C
PF17481	Phage_sheath_domII
PF26877	Phage_SPbeta_YopN
PF26927	Phage_SPbeta_YorH
PF26892	Phage_SPbeta_YosX
PF18715	Phage_spike
PF18781	Phage_spike_2
PF22188	Phage_spike_P1
PF26855	Phage_SPO1_gp47
PF26856	Phage_SPO1_gp51
PF16773	Phage_SSB
PF24083	Phage_ssDNA_bind
PF11134	Phage_stabilise
PF27028	Phage_T1_holin
PF25755	Phage_T3_1_05
PF26944	Phage_T4_Ac
PF26887	Phage_T4_End_IV
PF26809	Phage_T4_gp13
PF06841	Phage_T4_gp19
PF26869	Phage_T4_gp2
PF06919	Phage_T4_Gp30_7
PF03903	Phage_T4_gp36
PF26830	Phage_T4_gp68
PF26874	Phage_T4_IpII
PF26861	Phage_T4_IpIII
PF06591	Phage_T4_Ndd
PF26926	Phage_T4_rIIB
PF26831	Phage_T4_Spanin
PF26820	Phage_T4_Y00F
PF26837	Phage_T4_Y00H_G
PF26838	Phage_T4_Y01E
PF26878	Phage_T4_Y01J
PF26865	Phage_T4_Y02C
PF26806	Phage_T4_Y04F
PF26812	Phage_T4_Y04H
PF26863	Phage_T4_Y04J
PF26835	Phage_T4_Y04K
PF26871	Phage_T4_Y04L
PF26914	Phage_T4_Y04M
PF26897	Phage_T4_Y04OP
PF26899	Phage_T4_Y05B
PF26908	Phage_T4_Y05C
PF26901	Phage_T4_Y05D
PF26864	Phage_T4_Y05J
PF26904	Phage_T4_Y05Q
PF26834	Phage_T4_Y06J
PF26896	Phage_T4_Y06M
PF26873	Phage_T4_Y06O
PF26876	Phage_T4_Y06P
PF26875	Phage_T4_Y06R
PF26879	Phage_T4_Y07A
PF27001	Phage_T4_Y07B
PF26894	Phage_T4_Y07C
PF26870	Phage_T4_Y07D
PF26906	Phage_T4_Y07E
PF26862	Phage_T4_Y10B
PF26882	Phage_T4_Y11B
PF26911	Phage_T4_Y12I
PF26902	Phage_T4_Y12K
PF26895	Phage_T4_Y13C
PF26883	Phage_T4_Y13G
PF26888	Phage_T4_Y13I
PF26827	Phage_T4_Y16B
PF26819	Phage_T4_Y16C
PF26821	Phage_T4_Y16F
PF26886	Phage_T4_Y16H
PF26909	Phage_T4_Y16K
PF26889	Phage_T4_Y16N
PF26822	Phage_T5_A2
PF26847	Phage_T5_AP_Endonuclease
PF26880	Phage_T5_dNMPase
PF26848	Phage_T5_Nicking_endo
PF26860	Phage_T5_RBP5
PF26851	Phage_T7_0_6
PF08200	Phage_T7_1_1
PF26858	Phage_T7_1_5
PF26857	Phage_T7_4_7
PF11247	Phage_T7_55
PF05396	Phage_T7_Capsid
PF26807	Phage_T7_GP04
PF11090	Phage_T7_Gp13
PF26212	Phage_T7_Gp15
PF25708	Phage_T7_Gp5_9
PF27024	Phage_T7_kinase
PF03906	Phage_T7_tail
PF06222	Phage_TAC_1
PF10963	Phage_TAC_10
PF11836	Phage_TAC_11
PF12363	Phage_TAC_12
PF16459	Phage_TAC_13
PF16462	Phage_TAC_14
PF21822	Phage_TAC_15
PF23781	Phage_TAC_16
PF23803	Phage_TAC_17
PF23812	Phage_TAC_18
PF23857	Phage_TAC_19
PF06894	Phage_TAC_2
PF06896	Phage_TAC_3
PF08748	Phage_TAC_4
PF08890	Phage_TAC_5
PF09550	Phage_TAC_6
PF10109	Phage_TAC_7
PF10666	Phage_TAC_8
PF10876	Phage_TAC_9
PF06199	Phage_tail_2
PF08813	Phage_tail_3
PF16778	Phage_tail_APC
PF27114	Phage_tail_beta
PF24243	Phage_tail_C
PF25670	Phage_tail_C_2
PF12571	Phage_tail_fib
PF05100	Phage_tail_L
PF08400	phage_tail_N
PF16532	Phage_tail_NK
PF05069	Phage_tail_S
PF06223	Phage_tail_T
PF23840	Phage_tail_terminator
PF23841	Phage_tail_terminator_2
PF23842	Phage_tail_terminator_3
PF16807	Phage_tail_terminator_4
PF13554	Phage_tail_terminator_5
PF12691	Phage_tail_terminator_6
PF23818	Phage_tail_terminator_7
PF20765	Phage_tail_terminator_8
PF23961	Phage_tail_terminator_9
PF09327	Phage_Tail_Tip
PF23980	Phage_tail_tube_init
PF06141	Phage_tail_U
PF05489	Phage_tail_X
PF10668	Phage_terminase
PF07141	Phage_term_sma
PF05944	Phage_term_smal
PF04761	Phage_Treg
PF24229	Phage_TreK
PF04630	Phage_TTP_1
PF16460	Phage_TTP_11
PF16461	Phage_TTP_12
PF16463	Phage_TTP_13
PF23806	Phage_TTP_14
PF23971	Phage_TTP_15
PF25595	Phage_TTP_16
PF25681	Phage_TTP_17
PF23849	Phage_TTP_2
PF04985	Phage_tube
PF18906	Phage_tube_2
PF20608	Phage_tube_C
PF11681	Phage_Tube_PhiTE
PF24144	Phage_tudor
PF25682	Phage_VG64
PF11041	Phage_Wedge1
PF09693	Phage_XkdX
PF25693	Phage_Y01A
PF27119	Phage_YdaY
PF26818	Phage_YlcG
PF27183	Phage_YomQ_N
PF27092	Phage_YorN
PF27084	Phage_YorO
PF24591	Phage_YunG-like
PF23895	Phage_zn_bind
PF23903	Phage_zn_bind_2
PF24071	Phage_zn_bind_3
PF24128	Phage_zn_bind_4
PF24184	Phage_zn_bind_5
PF24230	Phage_zn_bind_6
PF24331	Phage_zn_bind_7
PF24623	Phage_zn_bind_8
PF03334	PhaG_MnhG_YufB
PF09602	PhaP_Bmeg
PF05597	Phasin
PF09361	Phasin_2
PF29763	Phasin_PhaP
PF09246	PHAT
PF26034	PHAT_SMAUG
PF10258	PHAX_RNA-bd
PF09650	PHA_gran_rgn
PF09712	PHA_synth_III_E
PF12551	PHBC_N
PF05233	PHB_acc
PF07879	PHB_acc_N
PF06850	PHB_depo_C
PF16616	PHC2_SAM_assoc
PF00628	PHD
PF23011	PHD-1st_NSD
PF16660	PHD20L1_u1
PF23004	PHDvar_NSD
PF02604	PhdYeFM_antitox
PF13831	PHD_2
PF13922	PHD_3
PF16866	PHD_4
PF20826	PHD_5
PF21257	PHD_ash2p_like
PF26054	PHD_G2E3
PF31197	PHD_JHD1
PF12910	PHD_like
PF22908	PHD_NSD
PF07227	PHD_Oberon
PF23570	PHD_P300
PF25054	PHD_pln
PF27108	PHD_Pygo
PF30811	PHD_UBR7-like
PF28163	PheL
PF28075	PheM
PF02332	Phenol_Hydrox
PF06099	Phenol_hyd_sub
PF13557	Phenol_MetA_deg
PF04663	Phenol_monoox
PF09662	Phenyl_P_gamma
PF08015	Pheromone
PF18552	PheRS_DBD1
PF18554	PheRS_DBD2
PF18553	PheRS_DBD3
PF18262	PhetRS_B1
PF07976	Phe_hydrox_dim
PF02912	Phe_tRNA-synt_N
PF08916	Phe_ZIP
PF16737	PHF12_MRG_bd
PF12618	PHF20_AT-hook
PF03660	PHF5
PF09524	Phg_2220_C
PF06720	Phi-29_GP16_7
PF05435	Phi-29_GP3
PF05464	Phi-29_GP4
PF20934	phi29_gp9_C
PF25622	Phi29_MCP
PF17427	Phi29_Phage_SSB
PF25655	Phi6_P8
PF26461	Phi812_tail_tube
PF26537	Phi812_weld_lid
PF30672	PhiA
PF22387	PhiCb5_coat
PF25619	PhiKZ_gp119
PF25621	PhiKZ_gp244
PF20961	phiKZ_gp29PR
PF25616	PhiKZ_gp35
PF25615	PhiKZ_gp85
PF25617	PhiKZ_gp86
PF25618	PhiKZ_gp91
PF12699	phiKZ_IP
PF25620	PhiKZ_MCP
PF25614	PhiKZ_VTX
PF04674	Phi_1
PF20474	PHL
PF07243	Phlebovirus_G1
PF07245	Phlebovirus_G2
PF07246	Phlebovirus_NSM
PF19019	Phlebo_G2_C
PF14703	PHM7_cyt
PF12621	PHM7_ext
PF06754	PhnG
PF05845	PhnH
PF05861	PhnI
PF06007	PhnJ
PF01384	PHO4
PF11124	Pho86
PF10032	Pho88
PF26732	PhoA-like_N
PF09423	PhoD
PF19050	PhoD_2
PF16655	PhoD_N
PF02562	PhoH
PF16212	PhoLip_ATPase_C
PF16209	PhoLip_ATPase_N
PF10142	PhoPQ_related
PF08918	PhoQ_Sensor
PF11808	PhoR
PF02114	Phosducin
PF15698	Phosphatase
PF21234	Phosphatase-like_N
PF10143	PhosphMutase
PF01663	Phosphodiest
PF04185	Phosphoesterase
PF04272	Phospholamban
PF26363	Phospholipase-like
PF00068	Phospholip_A2_1
PF05826	Phospholip_A2_2
PF09056	Phospholip_A2_3
PF08398	Phospholip_A2_4
PF04916	Phospholip_B
PF12974	Phosphonate-bd
PF00922	Phosphoprotein
PF00343	Phosphorylase
PF10195	Phospho_p8
PF13914	Phostensin
PF13916	Phostensin_N
PF08543	Phos_pyr_kin
PF00124	Photo_RC
PF01895	PhoU
PF01865	PhoU_div
PF05787	PhoX
PF02811	PHP
PF13263	PHP_C
PF08005	PHR
PF28201	PhrA_inhibitor
PF11131	PhrC_PhrF
PF28200	Phr_regulator
PF14727	PHTB1_N
PF12129	PHTF1-2_N
PF00360	PHY
PF00502	Phycobilisome
PF25630	Phycodna_minor_capsid
PF30146	Phycoerythrin_gamma
PF02972	Phycoerythr_ab
PF05721	PhyH
PF19281	PHYHIP_C
PF30918	Phylloplanin
PF22233	PhyR_sigma-like
PF22029	PhyR_sigma2
PF02333	Phytase
PF13449	Phytase-like
PF15438	Phyto-Amp
PF05023	Phytochelatin
PF09328	Phytochelatin_C
PF27990	Phytoreov_P5
PF07124	Phytoreo_P8
PF05451	Phytoreo_Pns
PF07236	Phytoreo_S7
PF30114	Phyto_cutinase
PF05878	Phyto_Pns9_10
PF03284	PHZA_PHZB
PF02567	PhzC-PhzF
PF15411	PH_10
PF15413	PH_11
PF16457	PH_12
PF16652	PH_13
PF17787	PH_14
PF17339	PH_15
PF17838	PH_16
PF18012	PH_17
PF18469	PH_18
PF19057	PH_19
PF08458	PH_2
PF20399	PH_20
PF23066	PH_21
PF23732	PH_22
PF24344	PH_23
PF24345	PH_24
PF25380	PH_25
PF25381	PH_26
PF25401	PH_27
PF25402	PH_28
PF25404	PH_29
PF25353	PH_2nd_LRR
PF14593	PH_3
PF25405	PH_30
PF25406	PH_31
PF25407	PH_32
PF25409	PH_33
PF25410	PH_34
PF25424	PH_35
PF26278	PH_36
PF26279	PH_37
PF26289	PH_38
PF26565	PH_39
PF15404	PH_4
PF26566	PH_40
PF26660	PH_41
PF26662	PH_42
PF15405	PH_5
PF15406	PH_6
PF15409	PH_8
PF15410	PH_9
PF23218	PH_AIR9
PF25383	PH_alsin
PF14844	PH_BEACH
PF25351	PH_BUD3_C
PF25348	PH_CAYP2
PF25382	PH_CERK
PF23634	PH_CERLI1
PF30521	PH_cyano
PF26246	PH_DAAF9
PF26659	PH_DUOX
PF25345	PH_EXO84
PF25400	PH_FAN
PF29445	PH_FAR1
PF23076	PH_FT_C
PF23074	PH_FT_N
PF25358	PH_fung_RdRP
PF30698	PH_GAC
PF23633	PH_GEF_YEL1
PF27000	PH_gly_zipper
PF25344	PH_LRR1
PF25328	PH_MADD
PF26658	PH_MADD_pen
PF25359	PH_met_RdRP
PF25346	PH_MRCK
PF26663	PH_MUG10
PF25364	PH_NDK7_N
PF21877	PH_NF1
PF26089	PH_Niban2
PF25625	PH_NISCH_C
PF25349	PH_PHS1
PF26661	PH_PIF6
PF25347	PH_PKH3_C
PF23142	PH_PLEKHM2
PF25350	PH_PRMT_N
PF25321	PH_RASGAP
PF12068	PH_RBD
PF24823	PH_RDR2
PF24834	PH_Rhabdo_glycop
PF25357	PH_S11IP
PF25624	PH_S11IP_C
PF31014	PH_SENP67
PF24081	PH_SLA1
PF23065	PH_SMPa
PF28207	PH_SNAP47_2nd
PF23207	PH_SPO71
PF24824	PH_SPT16
PF23040	PH_SSH1-like_1st
PF31261	PH_STE5
PF08567	PH_TFIIH
PF23014	PH_Tiam1
PF10272	PH_TMEM129
PF25356	PH_trem
PF24818	PH_TRF2_HOY1
PF25343	PH_UBFD1_C
PF25352	PH_ULP
PF16670	PI-PLC-C1
PF00388	PI-PLC-X
PF00387	PI-PLC-Y
PF26146	PI-PLC_X
PF18714	PI-TkoII_IV
PF08577	PI31_Prot_C
PF11566	PI31_Prot_N
PF00613	PI3Ka
PF10486	PI3K_1B_p101
PF00792	PI3K_C2
PF02192	PI3K_p85B
PF16454	PI3K_P85_iSH2
PF00794	PI3K_rbd
PF00454	PI3_PI4_kinase
PF21245	PI4KB-PIK1_PIK
PF19274	PI4K_N
PF26716	PIAL1_N
PF30528	PIBF1
PF06363	Picorna_P3A
PF02226	Pico_P1A
PF00947	Pico_P2A
PF01552	Pico_P2B
PF00640	PID
PF30115	PID2_N
PF29016	PID3_N
PF14719	PID_2
PF29855	PID_4_5_C
PF28310	PID_CTERM
PF25288	PIEZO
PF12166	Piezo_cap
PF24874	Piezo_THU9_anchor
PF24871	Piezo_TM1-24
PF15917	Piezo_TM25-28
PF05092	PIF
PF05970	PIF1
PF21530	Pif1_2B_dom
PF04631	PIF2
PF05006	PIF3
PF05341	PIF6
PF31182	PIF8_C
PF30207	PIF8_N
PF06699	PIG-F
PF10181	PIG-H
PF02585	PIG-L
PF08510	PIG-P
PF10510	PIG-S
PF06728	PIG-U
PF08320	PIG-X
PF15159	PIG-Y
PF08288	PIGA
PF23670	PIGBOS1
PF29752	PigD_3rd
PF29753	PigD_C
PF29754	PigD_N
PF17111	PigL_N
PF06324	Pigment_DH
PF04987	PigN
PF19316	PIGO_PIGG
PF08190	PIH1
PF18201	PIH1_CS
PF18482	Pih1_fungal_CS
PF28731	PII1_C
PF28733	PII1_coiled_coil
PF11522	Pik1
PF28470	PIK3AP1_C
PF19710	PIK3CG_ABD
PF22956	PIK3R4-like_middle
PF13805	Pil1
PF18682	PilA4
PF23989	PilB3_C
PF23990	PilB3_N
PF22436	PilE_C
PF10623	PilI
PF00114	Pilin
PF16734	Pilin_GH
PF26380	Pilin_Mycobact
PF07790	Pilin_N
PF14245	Pilin_PilA
PF11530	Pilin_PilX
PF13675	PilJ
PF18223	PilJ_C
PF22473	PilJ_Pilin
PF07419	PilM
PF11104	PilM_2
PF05137	PilN
PF18222	PilN_bio_d
PF04350	PilO
PF17499	Pilosulin
PF28887	PilO_N
PF04351	PilP
PF08805	PilS
PF15453	Pilt
PF09476	Pilus_CpaD
PF16074	PilW
PF22434	PilW_C
PF13681	PilX
PF14341	PilX_N
PF30258	PilY1_beta-sandw
PF28373	PilY1_homolog_dom
PF07238	PilZ
PF22006	PilZ-like
PF07317	PilZN
PF18672	PilZN1
PF20424	PilZN3
PF12945	PilZNR
PF16765	Pim
PF28806	PIM1
PF28804	PIM7
PF28817	PIM8
PF30055	PIMMS43_C
PF30050	PIMMS43_M
PF20799	PIMT_C
PF01850	PIN
PF23002	PIN-like_DDX60
PF20698	PIN-TPR-GreABC
PF18475	PIN7
PF27298	PINA_C
PF30274	PINE1_C
PF30273	PINE1_N
PF04696	Pinin_SDK_memA
PF04697	Pinin_SDK_N
PF14324	PINIT
PF18478	PIN_10
PF18479	PIN_11
PF16289	PIN_12
PF26499	PIN_13
PF10130	PIN_2
PF13470	PIN_3
PF13638	PIN_4
PF08745	PIN_5
PF17146	PIN_6
PF18476	PIN_8
PF18477	PIN_9
PF26425	PIN_halo
PF24630	PIN_TASOR
PF28638	PIP1
PF12260	PIP49_C
PF14875	PIP49_N
PF01504	PIP5K
PF07108	PipA
PF21684	PipB2_N
PF12058	PipX
PF00399	PIR
PF22799	PIR1-like_C
PF20235	PIR2-like_helical
PF21510	PirA-like
PF14892	PIRC1_2
PF02678	Pirin
PF05726	Pirin_C
PF17954	Pirin_C_2
PF15099	PIRT
PF31207	PITG_00582_C
PF06201	PITH
PF24695	PITM1-3
PF02171	Piwi
PF23278	Piwi_N
PF12306	PixA
PF18365	PI_PP_C
PF18363	PI_PP_I
PF00224	PK
PF20433	PKAT_KLD
PF16808	PKcGMP_CC
PF21494	PKC_C2
PF00801	PKD
PF16407	PKD_2
PF16820	PKD_3
PF18911	PKD_4
PF19406	PKD_5
PF19408	PKD_6
PF08016	PKD_channel
PF18331	PKHD_C
PF02827	PKI
PF02173	pKID
PF00069	Pkinase
PF00433	Pkinase_C
PF17667	Pkinase_fungal
PF06878	Pkip-1
PF12474	PKK
PF16919	PknG_rubred
PF16918	PknG_TPR
PF14032	PknH_C
PF31220	PknI_sensor
PF08636	Pkr1
PF30823	PKS
PF18369	PKS_DE
PF21089	PKS_DH_N
PF02887	PK_C
PF07714	PK_Tyr_Ser-Thr
PF22826	PL28
PF15903	PL48
PF02253	PLA1
PF06951	PLA2G12
PF01735	PLA2_B
PF02988	PLA2_inh
PF08686	PLAC
PF04749	PLAC8
PF15205	PLAC9
PF07595	Planc_extracel
PF10532	Plant_all_beta
PF28193	Plant_immune_effector
PF06694	Plant_NMP1
PF04827	Plant_tran
PF01307	Plant_vir_prot
PF10533	Plant_zn_clust
PF27688	Plasmid_mob_TrbF
PF25882	Plasmid_parti_C
PF01672	Plasmid_parti_N
PF09686	Plasmid_RAQPRD
PF10784	Plasmid_stab_B
PF05403	Plasmodium_HRP
PF05795	Plasmodium_Vir
PF09715	Plasmod_dom_1
PF07981	Plasmod_MYXSPDY
PF06247	Plasmod_Pvs28
PF12135	Plasmo_rep
PF01477	PLAT
PF04640	PLATZ
PF18759	Plavaka
PF08703	PLC-beta_C
PF22631	PLCB1-4-like_EFh
PF14466	PLCC
PF27783	PlcR
PF00614	PLDc
PF13091	PLDc_2
PF13918	PLDc_3
PF13396	PLDc_N
PF00681	Plectin
PF26346	Plectin_PPL
PF25626	Plectro_ORF9
PF30911	PLEKHS1_C
PF08337	Plexin_cytopl
PF20170	Plexin_RBD
PF16743	PliI
PF05506	PLipase_C_C
PF25769	PLK4_bind_CEP152
PF25765	PLK4_bind_CEP192
PF18190	Plk4_PB1
PF18409	Plk4_PB2
PF18587	PLL
PF30524	PlmA_C
PF16485	PLN_propep
PF18751	Ploopntkinase3
PF27889	PLP_IMCC1989
PF01690	PLRV_ORF5
PF28872	PLS
PF27464	PlsB_N
PF08429	PLU-1
PF07715	Plug
PF10559	Plug_translocon
PF03126	Plus-3
PF18684	PlyB_C
PF21480	PlyCA_N
PF30579	PM-15
PF27385	PM0109
PF11477	PM0188
PF27390	PM0253
PF27495	PM0294_C
PF27496	PM0294_M
PF27221	PM0498
PF27186	PM0630
PF27214	PM1083
PF29734	PM1101
PF29822	PM1201
PF30254	PM1205_C
PF29943	PM1514
PF29821	PM1773
PF27255	PM1805
PF20812	PM2_P3
PF15150	PMAIP1
PF01523	PmbA_TldD_1st
PF19290	PmbA_TldD_2nd
PF19289	PmbA_TldD_3rd
PF09373	PMBR
PF08066	PMC2NT
PF10536	PMD
PF28968	PMD1-like
PF04043	PMEI
PF26141	PMEL_NMB_N
PF27646	PMEPA1_helical
PF30947	PMFBP1_C
PF30946	PMFBP1_N
PF05287	PMG
PF21745	PMI1_PMIR1-2_C
PF01238	PMI_typeI_C
PF20511	PMI_typeI_cat
PF20512	PMI_typeI_hel
PF25244	PML_C
PF12126	PML_CC
PF03332	PMM
PF08114	PMP1_2
PF00822	PMP22_Claudin
PF01679	Pmp3
PF14416	PMR5N
PF11183	PmrD
PF28106	PmrR
PF30138	PMRT1_C
PF30139	PMRT1_N
PF30753	PMS2CL
PF15322	PMSI1
PF01625	PMSR
PF02366	PMT
PF17987	PMT2_N
PF13231	PMT_2
PF16192	PMT_4TMC
PF20899	PMT_C2
PF20900	PMT_C3
PF16155	PnbB
PF28188	PncF
PF17949	PND
PF06436	Pneumovirus_M2
PF05539	Pneumo_att_G
PF07380	Pneumo_M2
PF03246	Pneumo_ncap
PF03438	Pneumo_NS1
PF02478	Pneumo_phosprot
PF12222	PNGaseA
PF25156	PNGase_A_C
PF22252	PNGase_F-II_N
PF15996	PNISR
PF08645	PNK3P
PF16542	PNKP_ligase
PF20847	PNM8A
PF14893	PNMA_C
PF20846	PNMA_N
PF03726	PNPase
PF12111	PNPase_C
PF18191	PnpCD_PnpD_N
PF01243	PNPOx_N
PF10590	PNP_phzG_C
PF01048	PNP_UDP_1
PF15365	PNRC
PF17464	Pns11_12
PF28702	PnsB4_C
PF28701	PnsB4_N
PF28765	PNSB5_C
PF28784	PnsB5_helical
PF31075	PNT1
PF02233	PNTB
PF12769	PNTB_4TM
PF20301	pNTSase1
PF17292	POB3_N
PF10450	POC1
PF10448	POC3_POC4
PF10114	PocR
PF05808	Podoplanin
PF05894	Podovirus_Gp16
PF24617	POF1B_HlH
PF30049	POG1_N
PF22634	POL2_thumb
PF24055	POL3_N
PF30915	POLAR
PF18765	Polbeta
PF22317	PolB_N
PF30237	PolB_pipolin_C
PF24846	PolC_DP2_cat
PF24844	PolC_DP2_central
PF03833	PolC_DP2_N
PF19705	PolF
PF21704	POLH-Rev1_HhH
PF01620	Pollen_allerg_2
PF01190	Pollen_Ole_e_1
PF00659	POLO_box
PF18531	Polo_box_2
PF18544	Polo_box_3
PF22834	Polo_box_4
PF21099	POLQ_helical
PF28113	POLR1D
PF01743	PolyA_pol
PF12626	PolyA_pol_arg_C
PF12627	PolyA_pol_RNAbd
PF20519	Polycystin_dom
PF01518	PolyG_pol
PF00738	Polyhedrin
PF03364	Polyketide_cyc
PF10604	Polyketide_cyc2
PF01736	Polyoma_agno
PF00718	Polyoma_coat
PF00761	Polyoma_coat2
PF06431	Polyoma_lg_T_C
PF25627	Polyoma_VP2
PF00348	polyprenyl_synt
PF01522	Polysacc_deac_1
PF04748	Polysacc_deac_2
PF15421	Polysacc_deac_3
PF14099	Polysacc_lyase
PF21340	Polysacc_lyase-like
PF21294	Polysacc_lyase_14
PF01943	Polysacc_synt
PF02719	Polysacc_synt_2
PF13440	Polysacc_synt_3
PF14667	Polysacc_synt_C
PF08485	Polysacc_syn_2C
PF19244	Poly_A_pol_cat
PF02563	Poly_export
PF08418	Pol_alpha_B_N
PF22936	Pol_BBD
PF17251	Pom
PF15229	POM121
PF09437	Pombe_5TM
PF07442	Ponericin
PF08929	PoNi_C
PF08928	PoNi_N
PF29679	Ponticulin_N
PF22770	POP1_C
PF06978	POP1_N
PF20976	Pop8
PF27478	PopD
PF04831	POPDC1-3
PF08170	POPLD
PF01558	POR
PF11271	PorA
PF11565	PorB
PF00267	Porin_1
PF14121	Porin_10
PF02530	Porin_2
PF01459	Porin_3
PF13609	Porin_4
PF16930	Porin_5
PF16939	Porin_6
PF16956	Porin_7
PF16966	Porin_8
PF09381	Porin_OmpG
PF16946	Porin_OmpG_1_2
PF11389	Porin_OmpL1
PF07396	Porin_O_P
PF01379	Porphobil_deam
PF03900	Porphobil_deamC
PF18206	Porphyrn_cat_1
PF27624	Porph_assoc
PF09697	Porph_ging
PF11751	PorP_SprF
PF11955	PORR
PF06074	Portal_Mu
PF07230	Portal_T4
PF19572	PorV
PF31085	PorX_mid
PF21544	PorZ_N_b_propeller
PF01855	POR_N
PF18962	Por_Secre_tail
PF13797	Post_transc_reg
PF02765	POT1
PF16686	POT1PC
PF21375	POT1_C_insert
PF09604	Potass_KdpF
PF00280	potato_inhibit
PF06184	Potex_coat
PF07244	POTRA
PF28813	POTRA-like
PF25282	POTRA1_3_Toc75
PF25280	POTRA2_Toc75
PF08478	POTRA_1
PF08479	POTRA_2
PF17287	POTRA_3
PF17243	POTRA_TamA_1
PF13608	Potyvirid-P3
PF00767	Poty_coat
PF08440	Poty_PP
PF00157	Pou
PF17721	POU2AF2
PF19536	POU2F1_C
PF07526	POX
PF04395	Poxvirus_B22R
PF13168	Poxvirus_B22R_C
PF13169	Poxvirus_B22R_N
PF06227	Poxv_Bcl-2-like
PF05061	Pox_A11
PF04651	Pox_A12
PF05767	Pox_A14
PF05323	Pox_A21
PF04848	Pox_A22
PF31251	Pox_A26L_M
PF04584	Pox_A28
PF06086	Pox_A30L_A26L_N
PF05771	Pox_A31
PF04665	Pox_A32
PF05288	Pox_A3L
PF04948	Pox_A51
PF04924	Pox_A6
PF04745	Pox_A8
PF04835	Pox_A9
PF03286	Pox_Ag35
PF04508	Pox_A_type_inc
PF07389	Pox_B6
PF03336	Pox_C4_C10
PF03287	Pox_C7_F8A
PF04701	Pox_D2
PF04580	Pox_D3
PF03288	Pox_D5
PF04805	Pox_E10
PF04497	Pox_E2-like
PF04656	Pox_E6
PF03394	Pox_E8
PF12575	Pox_EPC_I2-L1
PF04943	Pox_F11
PF03337	Pox_F12L
PF04596	Pox_F15
PF04708	Pox_F16
PF04767	Pox_F17
PF04599	Pox_G5
PF05503	Pox_G7
PF03003	Pox_G9-A16
PF04787	Pox_H7
PF03289	Pox_I1
PF04661	Pox_I3
PF04713	Pox_I5
PF04595	Pox_I6
PF12562	Pox_I6_C
PF05718	Pox_int_trans
PF03338	Pox_J1
PF03339	Pox_L3_FP4
PF04872	Pox_L5
PF03356	Pox_LP_H2
PF04887	Pox_M2
PF03341	Pox_mRNA-cap
PF05313	Pox_P21
PF03213	Pox_P35
PF03395	Pox_P4A
PF03292	Pox_P4B
PF03296	Pox_polyA_pol
PF12629	Pox_polyA_pol_C
PF12630	Pox_polyA_pol_N
PF03294	Pox_Rap94
PF03340	Pox_Rif
PF03293	Pox_RNA_pol
PF05320	Pox_RNA_Pol_19
PF05273	Pox_RNA_Pol_22
PF03396	Pox_RNA_pol_35
PF05445	Pox_ser-thr_kin
PF04490	Pox_T4_C
PF04491	Pox_T4_N
PF03295	Pox_TAA1
PF03355	Pox_TAP
PF04441	Pox_VERT_large
PF05566	Pox_vIL-18BP
PF04947	Pox_VLTF3
PF04498	Pox_VP8_L4R
PF00550	PP-binding
PF14573	PP-binding_2
PF07430	PP1
PF10488	PP1c_bdg
PF15276	PP1_bind
PF05361	PP1_inhibitor
PF14299	PP2
PF30836	PP2-like
PF10252	PP28
PF00481	PP2C
PF13672	PP2C_2
PF07830	PP2C_C
PF04802	PP4R3
PF28004	PPA1309
PF02818	PPAK
PF12577	PPARgamma_N
PF04151	PPC
PF27121	PpdB
PF15060	PPDFL
PF01326	PPDK_N
PF00823	PPE
PF18878	PPE-PPW
PF12484	PPE-SVP
PF29896	PPFR1_M
PF29891	PPFR1_N
PF26564	pPH
PF22386	PPI
PF23322	PPIase_AIP
PF18086	PPIP5K2_N
PF18154	pPIWI_RE_REase
PF13111	pPIWI_RE_X
PF18156	pPIWI_RE_Y
PF18155	pPIWI_RE_Z
PF27883	PPI_C
PF28572	PPI_helical
PF28716	PPi_PEPCK_C
PF07491	PPI_Ypi1
PF03976	PPK2
PF18188	PPL4
PF18168	PPL5
PF11892	PpnN_C
PF06865	Ppnp
PF12142	PPO1_DWL
PF12143	PPO1_KFDV
PF09948	PpoB2
PF27915	PPP1R17
PF21636	PPP1R21_C
PF10212	PPP1R21_helical
PF15740	PPP1R26_N
PF15691	PPP1R32
PF15503	PPP1R35_C
PF22646	PPP2R1A-like_HEAT
PF09184	PPP4R2
PF08321	PPP5
PF22457	PpPFK_gamma-like_C
PF14895	PPPI_inhib
PF01535	PPR
PF29826	PprA_2nd
PF29825	PprA_N
PF12854	PPR_1
PF13041	PPR_2
PF13812	PPR_3
PF17177	PPR_long
PF02006	PPS_PS
PF01239	PPTA
PF14427	Pput2613-deam
PF00519	PPV_E1_C
PF20450	PPV_E1_DBD
PF00524	PPV_E1_N
PF00511	PPV_E2_C
PF00508	PPV_E2_N
PF02541	Ppx-GppA
PF21447	Ppx-GppA_III
PF21697	Ppx_C
PF02503	PP_kinase
PF13090	PP_kinase_C
PF17941	PP_kinase_C_1
PF13089	PP_kinase_N
PF03012	PP_M1
PF18165	pP_pnuc_1
PF18166	pP_pnuc_2
PF28273	PP_RS20740
PF04193	PQ-loop
PF28767	PQBP1_helical
PF04403	PqiA
PF01011	PQQ
PF08042	PqqA
PF05402	PqqD
PF22456	PqqF-like_C_4
PF22455	PqqF_C_3
PF13360	PQQ_2
PF22454	PQQ_syn_pqqF_N_2
PF01502	PRA-CH
PF01503	PRA-PH
PF03208	PRA1
PF28046	PraA_PraB
PF00697	PRAI
PF27089	PRAME_C
PF27091	PRAME_N
PF09372	PRANC
PF15314	PRAP
PF15798	PRAS
PF22911	PRAS_NT
PF05239	PRC
PF22038	PRC2_EED_ins
PF18118	PRC2_HTH_1
PF14343	PrcB_C
PF10253	PRCC
PF03967	PRCH
PF24986	PRC_RimM
PF00874	PRD
PF09214	Prd1-P2
PF11087	PRD1_DD
PF08949	PRD1_P5_C
PF08948	PRD1_P5_spike_N
PF28641	PRD3_coil
PF28651	PRDA1_C
PF21549	PRDM2_PR
PF08270	PRD_Mga
PF27656	Prd_NiFe_hyd_3_EhaI
PF27339	Prd_NiFe_hyd_3_EhaK
PF17832	Pre-PUA
PF17833	pre-PUA_NIP7
PF25376	Pre-PUA_NSUN2
PF05033	Pre-SET
PF18604	PreAtp-grasp
PF18301	preATP-grasp_3
PF02996	Prefoldin
PF01920	Prefoldin_2
PF13758	Prefoldin_3
PF04707	PRELI
PF07156	Prenylcys_lyase
PF00432	Prenyltrans
PF01255	Prenyltransf
PF25799	prePAAR_I
PF22516	PreP_C
PF09687	PRESAN
PF01080	Presenilin
PF09029	Preseq_ALAS
PF18264	preSET_CXC
PF07530	PRE_C2HC
PF23789	Pre_tape_measure
PF06875	PRF
PF09480	PrgH
PF12666	PrgI
PF26592	PrgI_like
PF09627	PrgU
PF22459	PrgX_C_TPR
PF07929	PRiA4_ORF3
PF17764	PriA_3primeBD
PF18074	PriA_C
PF00156	Pribosyltran
PF13793	Pribosyltran_N
PF14572	Pribosyl_synth
PF07445	PriC
PF08708	PriCT_1
PF08707	PriCT_2
PF09250	Prim-Pol
PF16101	PRIMA1
PF31174	PrimPol_C
PF00377	Prion
PF11587	Prion_bPrPp
PF03991	Prion_octapep
PF22917	PRISE
PF03063	Prismane
PF20873	PriS_C
PF18689	PriX
PF00485	PRK
PF06798	PrkA
PF21160	PrkC-like_PASTA-like
PF21952	PRKCH_uORF2
PF07915	PRKCSH
PF12999	PRKCSH-like
PF13015	PRKCSH_1
PF15898	PRKG1_interact
PF15937	PrlF_antitoxin
PF27758	PRM1
PF30226	PRM2
PF06325	PrmA
PF17827	PrmC_N
PF05185	PRMT5
PF17286	PRMT5_C
PF17285	PRMT5_TIM
PF22528	PRMT_C
PF26399	PRM_STIL
PF13010	pRN1_helical
PF08933	PrnB
PF15174	PRNT
PF09286	Pro-kuma_activ
PF05824	Pro-MCH
PF07421	Pro-NT_NN
PF15240	Pro-rich
PF15455	Pro-rich_19
PF08082	PRO8NT
PF08083	PROCN
PF08084	PROCT
PF18327	PRODH
PF00235	Profilin
PF02161	Prog_receptor
PF28662	PROH4_C
PF29053	Prohormone-like_C
PF28835	Prohormone3_C
PF28837	Prohormone3_N
PF29048	Prohormone_N
PF12177	Proho_convert
PF14457	Prok-E2_A
PF14461	Prok-E2_B
PF14459	Prok-E2_C
PF14460	Prok-E2_D
PF14462	Prok-E2_E
PF14464	Prok-JAB
PF14446	Prok-RING_1
PF14445	Prok-RING_2
PF14447	Prok-RING_4
PF09228	Prok-TraM
PF06607	Prokineticin
PF20300	prok_STING
PF14454	Prok_Ub
PF15621	PROL5-SMR
PF15172	Prolactin_RP
PF05617	Prolamin_like
PF16015	Promethin
PF05478	Prominin
PF03759	PRONE
PF30859	PROP1
PF08127	Propeptide_C1
PF08126	Propeptide_C25
PF30659	Propep_gingipain_chloro
PF02244	Propep_M14
PF06605	Prophage_tail
PF18994	Prophage_tailD1
PF26674	Prophage_tail_N2
PF21032	PROPPIN
PF04352	ProQ
PF17516	ProQ_C
PF16953	PRORP
PF09180	ProRS-C_1
PF09181	ProRS-C_2
PF07259	ProSAAS
PF29004	PROSCOOP16
PF29798	PROSCOOP22
PF27936	PROSER3
PF07376	Prosystemin
PF29089	Protamine-3
PF08188	Protamine_3
PF06382	Protamine_like
PF00260	Protamine_P1
PF00841	Protamine_P2
PF00227	Proteasome
PF10584	Proteasome_A_N
PF10508	Proteasom_PSMB
PF12283	Protein_K
PF04776	protein_MS5
PF03247	Prothymosin
PF08374	Protocadherin
PF11563	Protoglobin
PF01010	Proton_antipo_C
PF00361	Proton_antipo_M
PF00662	Proton_antipo_N
PF16450	Prot_ATP_ID_OB_C
PF17758	Prot_ATP_ID_OB_N
PF02428	Prot_inhib_II
PF05373	Pro_3_hydrox_C
PF02983	Pro_Al_protease
PF00484	Pro_CA
PF20393	Pro_CA_2
PF28779	Pro_C_rel
PF01619	Pro_dh
PF14850	Pro_dh-DNA_bdg
PF00160	Pro_isomerase
PF28778	Pro_N
PF28777	Pro_N_rel
PF30863	PRO_PEG10-RTL1
PF05544	Pro_racemase
PF18513	Pro_sub2
PF02840	Prp18
PF08606	Prp19
PF06424	PRP1_N
PF12230	PRP21_like_P
PF08572	PRP3
PF09785	Prp31_C
PF03371	PRP38
PF12871	PRP38_assoc
PF06544	Prp3_C
PF08799	PRP4
PF29376	PRP6_TPR
PF12134	PRP8_domainIV
PF16958	PRP9_N
PF04303	PrpF
PF06506	PrpR_N
PF28521	PRR11_1st
PF28520	PRR11_2nd
PF15671	PRR18
PF15708	PRR20
PF15776	PRR22
PF22049	PRRSV-NSP11_N
PF07069	PRRSV_2b
PF02340	PRRSV_Env
PF25987	PRRT3
PF23900	PRS2_N
PF13367	PrsW-protease
PF18995	PRT6_C
PF24390	PRTase-CE
PF15609	PRTase_2
PF15610	PRTase_3
PF01366	PRTP
PF19556	PRTRC_E
PF30880	PRTT-like_M
PF08372	PRT_C
PF13765	PRY
PF12465	Pr_beta_C
PF14765	PS-DH
PF00223	PsaA_PsaB
PF02531	PsaD
PF17550	PsaF
PF02605	PsaL
PF07465	PsaM
PF05479	PsaN
PF22832	PsaO_TMD
PF21462	PsaS
PF08078	PsaX
PF18341	PSA_CBD
PF03912	Psb28
PF26394	Psb34
PF26623	Psb35
PF00737	PsbH
PF02532	PsbI
PF01788	PsbJ
PF02533	PsbK
PF02419	PsbL
PF05151	PsbM
PF02468	PsbN
PF01789	PsbP
PF18933	PsbP_2
PF05757	PsbQ
PF04725	PsbR
PF01405	PsbT
PF06514	PsbU
PF07123	PsbW
PF06596	PsbX
PF06298	PsbY
PF07635	PSCyt1
PF07583	PSCyt2
PF07627	PSCyt3
PF27523	PSD
PF07587	PSD1
PF22037	PSD13_N
PF07624	PSD2
PF07626	PSD3
PF07631	PSD4
PF07637	PSD5
PF12588	PSDC
PF01416	PseudoU_synth_1
PF00849	PseudoU_synth_2
PF24997	PSF1_C
PF25005	PSF2_N
PF22466	PSF3_N
PF14610	Psg1
PF07276	PSGP
PF01437	PSI
PF06952	PsiA
PF06290	PsiB
PF31236	Psidin_C
PF06146	PsiE
PF07769	PsiF_repeat
PF00421	PSII
PF14870	PSII_BNR
PF13326	PSII_Pbs27
PF18240	PSII_Pbs31
PF05969	PSII_Ycf12
PF00796	PSI_8
PF27934	PSI_induc_2
PF17205	PSI_integrin
PF24317	PSI_Plexin-B
PF24479	PSI_PlexinA-B
PF02427	PSI_PsaE
PF02507	PSI_PsaF
PF03244	PSI_PsaH
PF01701	PSI_PsaJ
PF01241	PSI_PSAK
PF30612	PSI_PTTG1IP
PF06404	PSK
PF29724	PSK1
PF07704	PSK_trans_fac
PF22160	PSMA-like_C
PF22159	PSMA-like_N
PF17063	PSMalpha
PF05480	PSMbeta
PF22241	PSMD12-CSN4_N
PF19693	PSMdelta
PF11919	PSME4_C
PF04046	PSP
PF04468	PSP1
PF28472	PSP1_3rd
PF05825	PSP94
PF22743	PspAA
PF22742	PspAB
PF04012	PspA_IM30
PF06667	PspB
PF04024	PspC
PF04839	PSRP-3_Ycf65
PF28578	PSRP5_C
PF03034	PSS
PF22869	PssL
PF07455	Psu
PF20895	PsV_CP
PF22408	PsV_CP_C
PF22415	PSV_ORF131-like_dom
PF22376	PSV_trans_reg_dom
PF29439	PSY
PF16836	PSY3
PF02666	PS_Dcarbxylase
PF04230	PS_pyruv_trans
PF04886	PT
PF07591	PT-HINT
PF14449	PT-TG
PF04829	PT-VENN
PF28807	PT1
PF20984	PT26-6P_helical
PF28808	PT3
PF28805	PT7
PF28816	PT8
PF06130	PTAC
PF28712	PTAC10_helical
PF28711	PTAC10_N
PF28667	PTAC12
PF28676	PTAC6_C
PF28675	PTAC6_N
PF12703	ptaRNA1_toxin
PF11468	PTase_Orf2
PF01515	PTA_PTB
PF08416	PTB
PF12738	PTCB-BRCT
PF15028	PTCRA
PF02126	PTE
PF22918	PTEN2_C2
PF10409	PTEN_C2
PF14251	PterinBD-DUF4346
PF01329	Pterin_4a
PF00809	Pterin_bind
PF01981	PTH2
PF23339	PTHB1_CtH
PF14728	PTHB1_GAE
PF23338	PTHB1_hp
PF23337	PTHB1_pf
PF26696	PTL_trimer
PF21902	PTM1-like_N
PF21743	PTM_DIR17_Tudor
PF16599	PTN13_u3
PF01091	PTN_MK_C
PF05196	PTN_MK_N
PF22741	PTP-NADK
PF22784	PTP-SAK
PF17022	PTP2
PF29840	PTP3_beta-sheet
PF29842	PTP3_helical
PF29841	PTP3_M
PF29844	PTP3_second_helical
PF03095	PTPA
PF25516	PTPase
PF04387	PTPLA
PF14566	PTPlike_phytase
PF15713	PTPRCAP
PF26755	PTPRO_N
PF26155	PTPRR_N
PF01242	PTPS
PF10131	PTPS_related
PF12453	PTP_N
PF18861	PTP_tm
PF12789	PTR
PF00854	PTR2
PF29536	PTR3_N
PF15237	PTRF_SDPR
PF00381	PTS-HPr
PF03829	PTSIIA_gutA
PF03830	PTSIIB_sorb
PF01885	PTS_2-RNA
PF00358	PTS_EIIA_1
PF00359	PTS_EIIA_2
PF00367	PTS_EIIB
PF25554	PTS_EIIB_BC_N
PF02378	PTS_EIIC
PF13303	PTS_EIIC_2
PF02255	PTS_IIA
PF02302	PTS_IIB
PF29497	PTTG1IP2_C
PF27838	PTTG1IP_C
PF26206	PTX3_N
PF01472	PUA
PF24405	Pua-like
PF14306	PUA_2
PF17785	PUA_3
PF20260	PUA_4
PF26292	PUA_elF2D
PF25378	PUA_NSUN2
PF09409	PUB
PF25368	PUB10_N
PF25240	PUB2_N
PF23112	PUB62-63_C
PF18486	PUB_1
PF29845	PUB_ORF2p
PF03209	PUCC
PF07905	PucR
PF25906	PucR-like_N
PF03714	PUD
PF18457	PUD1_2
PF00806	PUF
PF16553	PUFD
PF05398	PufQ
PF22493	PUF_NOP9
PF29335	Pugs-5
PF27124	PuhC
PF08324	PUL
PF21653	pulA_all-beta
PF17999	PulA_N1
PF18494	Pullulanase_Ins
PF17967	Pullulanase_N2
PF11852	Pullul_strch_C
PF15826	PUMA
PF24627	PUMA_CC
PF16913	PUNUT
PF05639	Pup
PF03136	Pup_ligase
PF04845	PurA
PF17769	PurK_C
PF16904	PurL_C
PF02700	PurS
PF21244	PurT_C
PF16656	Pur_ac_phosph_N
PF02245	Pur_DNA_glyco
PF09182	PuR_N
PF21238	Pus10_C
PF21237	Pus10_N_euk
PF22023	Pus10_THUMP_arc
PF23943	PUS7L_N
PF16872	putAbiC
PF17426	Putative_G5P
PF22696	Putative_PNPOx_2
PF21775	PutA_1st
PF18083	PutA_N
PF29014	Put_cell_wall
PF06971	Put_DNA-bind_N
PF06888	Put_Phosphatase
PF06637	PV-1
PF29434	PVC11-like
PF29433	PVC12_2nd
PF29373	PVC12_3rd
PF14065	Pvc16_N
PF01862	PvlArgDC
PF07768	PVL_ORF50
PF21598	PvuRts1I-like_N
PF12433	PV_NSP1
PF31155	PWD_link
PF01480	PWI
PF26051	PWI_ABCF3
PF26091	PWI_CCDC43
PF26084	PWI_Topors
PF20886	PWP3A-B_C
PF20887	PWP3A-B_N
PF00855	PWWP
PF22988	PWWP_KDM3B
PF00787	PX
PF02194	PXA
PF12828	PXB
PF29685	PXO2-28_N
PF29614	pXO2-29_2nd
PF29615	pXO2-29_3rd
PF29612	pXO2-29_C
PF29620	pXO2-29_N
PF17362	pXO2-34
PF17443	pXO2-72
PF29778	PXO2_05
PF27438	PXO2_28_C
PF12778	PXPV
PF15214	PXT1
PF24428	PYCO1_repeat
PF18967	PycTM
PF02436	PYC_OADA
PF20305	pYEATS
PF21360	PylC-like_N
PF21455	PylD_N
PF31240	PylS_N
PF07831	PYNP_C
PF11112	PyocinActivator
PF06958	Pyocin_S
PF25129	Pyr4-TMTC
PF08052	PyrBI_leader
PF01948	PyrI
PF00282	Pyridoxal_deC
PF12766	Pyridox_oxase_2
PF12900	Pyridox_ox_2
PF16242	Pyrid_ox_like
PF02758	PYRIN
PF02748	PyrI_C
PF00719	Pyrophosphatase
PF22338	Pyruv_OxRed_insertion
PF03013	Pyr_excise
PF00070	Pyr_redox
PF07992	Pyr_redox_2
PF13738	Pyr_redox_3
PF02852	Pyr_redox_dim
PF09690	PYST-C1
PF09689	PY_rept_46
PF06640	P_C
PF14974	P_C10
PF06321	P_gingi_FimA
PF01483	P_proprotein
PF20898	P_T4SS_TraN
PF21630	Q4D059-like
PF28980	Q4D6Q6
PF28083	QatB
PF09796	QCR10
PF19297	QcrA_N
PF08992	QH-AmDH_gamma
PF15884	QIL1
PF08880	QLQ
PF14930	Qn_am_d_aII
PF09099	Qn_am_d_aIII
PF09100	Qn_am_d_aIV
PF18874	QPE
PF25561	QRICH1
PF01729	QRPTase_C
PF02749	QRPTase_N
PF18226	QslA
PF22220	QSOX_pErv
PF18108	QSOX_Trx1
PF13652	QSregVF
PF12843	QSregVF_b
PF12038	QTMAN_N
PF16274	Qua1
PF16551	Quaking_NLS
PF06508	QueC
PF14489	QueF
PF14819	QueF_N
PF08331	QueG_DUF1730
PF02677	QueH
PF14027	Questin_oxidase
PF06177	QueT
PF02547	Queuosine_synth
PF17064	QVR
PF04484	QWRF
PF10343	Q_salvage
PF11463	R-HINP1I
PF29046	R05D3_N
PF29332	R06F6_12_middle
PF29123	R07B1_N
PF29339	R07G3_7_mid
PF23321	R1_ABCA1
PF29741	R1_ORF1_N
PF18299	R2K_2
PF14243	R2K_3
PF01424	R3H
PF13902	R3H-assoc
PF25094	R3H_PUS7L
PF00788	RA
PF25450	Rab11-FIP3
PF15208	Rab15_effector
PF19533	Rab3-GAP_cat_C
PF13890	Rab3-GTPase_cat
PF25555	RAB3A-like_C
PF14656	RAB3GAP2_C
PF14655	RAB3GAP2_N
PF09311	Rab5-bind
PF03528	Rabaptin
PF00566	RabGAP-TBC
PF23436	RabGap-TBC_2
PF07711	RabGGT_insert
PF16704	Rab_bind
PF04698	Rab_eff_C
PF09632	Rac1
PF14574	RACo_C_ter
PF17650	RACo_linker
PF17651	Raco_middle
PF16717	RAC_head
PF02144	Rad1
PF03834	Rad10
PF03215	Rad17
PF04824	Rad21_Rec8
PF04825	Rad21_Rec8_N
PF25812	RAD24_helical
PF21046	Rad26-like_C
PF12331	Rad26-like_helical_rpts
PF21048	Rad26-like_N
PF08730	Rad33
PF03835	Rad4
PF04423	Rad50_zn_hook
PF08423	Rad51
PF21794	RAD51D_N
PF15696	RAD51_interact
PF04098	Rad52_Rad22
PF08658	Rad54_N
PF11976	Rad60-SLD
PF13881	Rad60-SLD_2
PF04139	Rad9
PF08605	Rad9_Rad53_bind
PF04002	RadC
PF29401	RadD_C
PF29404	RadD_Zn_ribbon
PF04712	Radial_spoke
PF06098	Radial_spoke_3
PF04055	Radical_SAM
PF19238	Radical_SAM_2
PF16199	Radical_SAM_C
PF08497	Radical_SAM_N
PF19864	Radical_SAM_N2
PF17659	RADX
PF31100	RADX_2nd
PF31101	RADX_3rd
PF31102	RADX_C
PF22603	RAE1_2_domI_C
PF18579	Raf1_HTH
PF18578	Raf1_N
PF05691	Raffinose_syn
PF15250	Raftlin
PF12940	RAG1
PF26105	RAG1_C
PF26024	RAG1_DNA-bd
PF12560	RAG1_imp_bd
PF26025	RAG1_pre-RNase_H
PF26100	RAG1_RNase_H
PF26101	RAG1_ZnC2
PF26104	RAG1_ZnH2
PF03089	RAG2
PF13341	RAG2_PHD
PF03913	Ragweed_pollen
PF08652	RAI1
PF10257	RAI16-like
PF11058	Ral
PF05498	RALF
PF30214	RALFL_helix
PF18248	RalF_SCD
PF27567	RALGAPA1_N
PF20412	RALGAPB_N
PF15320	RAM
PF18755	RAMA
PF25816	RamC_N
PF04901	RAMP
PF06624	RAMP4
PF03787	RAMPs
PF19402	RamS
PF05508	Ran-binding
PF30031	Ranaspumin_N
PF07834	RanGAP1_C
PF18278	RANK_CRD_2
PF00638	Ran_BP1
PF08373	RAP
PF03085	RAP-1
PF21022	Rap-GAP_dimer
PF07218	RAP1
PF09197	Rap1-DNA-bind
PF18602	Rap1a
PF11626	Rap1_C
PF21411	Rap1_C_Sp
PF18282	RAP80_UIM
PF12137	RapA_C
PF31076	RAPGEF1_N
PF18801	RapH_N
PF10579	Rapsyn_N
PF14538	Raptor_N
PF03668	RapZ-like_N
PF02145	Rap_GAP
PF00071	Ras
PF00616	RasGAP
PF00617	RasGEF
PF00618	RasGEF_N
PF14663	RasGEF_N_2
PF21712	RASSF8-10_RA
PF27976	RASSF_helical
PF14847	Ras_bdg_2
PF12234	Rav1p_C
PF22469	RavJ_Peptidase
PF22225	RavZ_C
PF24600	RavZ_cat
PF16207	RAWUL
PF27892	RAX1_C
PF12768	Rax2
PF20842	Rax2_2
PF20843	Rax2_3
PF28050	RAxF_45
PF21989	RA_2
PF23010	RA_3
PF08169	RBB1NT
PF30896	RBBP6_link
PF12338	RbcS
PF02341	RbcX
PF02196	RBD
PF09457	RBD-FIP
PF06593	RBDV_coat
PF25015	RBD_AKAP-17A
PF24475	RBD_DEAH11
PF24099	RBD_DGKtheta
PF24810	RBD_LARS1
PF24572	RBD_RDR6
PF25322	RBD_SIN1
PF23057	RBD_ZCCHC3_1st
PF23058	RBD_ZCCHC3_2nd
PF02033	RBFA
PF08081	RBM1CTR
PF15519	RBM39linker
PF28453	RBM43_C
PF28333	RBM48_helical
PF22021	RbmA-like_FnIII
PF13397	RbpA
PF30515	RBP_Asl3888
PF14752	RBP_receptor
PF17208	RBR
PF31010	RBR_HH
PF05025	RbsD_FucU
PF11464	Rbsn
PF31021	RBSN_mid
PF18113	Rbx_binding
PF01858	RB_A
PF01857	RB_B
PF08934	Rb_C
PF10657	RC-P840_PscD
PF28220	RCAS1_C
PF26200	Rcat_RNF216
PF23666	Rcc01698_C
PF00415	RCC1
PF13540	RCC1_2
PF06405	RCC_reductase
PF04078	Rcd1
PF15725	RCDG1
PF02517	Rce1-like
PF21960	RCF1-5-like_lid
PF28285	RcgA
PF29153	RCN2_N
PF11776	RcnB
PF16971	RcpB
PF16976	RcpC
PF12273	Rcr1-2
PF07326	RCS1
PF30372	RcsA_N
PF09456	RcsC
PF05177	RCSD
PF16359	RcsD_ABL
PF30417	RcsD_N
PF30408	RcsD_peri
PF16358	RcsF
PF11826	RctB_central
PF14473	RD3
PF06271	RDD
PF15828	RDD1
PF09187	RdDM_RDM1
PF21811	RdfA
PF04381	RdgC
PF11002	RDM
PF23348	RDM3_C
PF24577	RDR6_2nd
PF05183	RdRP
PF00680	RdRP_1
PF00978	RdRP_2
PF00998	RdRP_3
PF02123	RdRP_4
PF07925	RdRP_5
PF26253	RdRP_head
PF26252	RdRP_helical
PF09231	RDV-p3
PF10262	Rdx
PF27323	RdxA_C
PF16814	Read-through
PF22558	REase-ARP
PF21559	Reb1_MybAD
PF11747	RebB
PF29287	REC-like_halo
PF18501	REC1
PF21736	REC102
PF17378	REC104
PF15165	REC114-like
PF04084	RecA-like_ORC2
PF21096	RecA_C
PF16786	RecA_dep_nuc
PF00154	RecA_N
PF27451	RecC_4th
PF17946	RecC_C
PF04257	RecC_N
PF21185	RecD_N
PF24896	Receiver_CRE1
PF11465	Receptor_2B4
PF11548	Receptor_IA-2
PF01030	Recep_L_domain
PF30430	RecE_M
PF19833	RecG_dom3_C
PF17190	RecG_N
PF17191	RecG_wedge
PF22047	RecJ_C
PF20748	RecJ_C_Deinoc
PF17768	RecJ_OB
PF22961	RECK-like_N
PF07508	Recombinase
PF02565	RecO_C
PF11967	RecO_N
PF13114	RecO_N_2
PF21220	RecQ-1-like_HTH
PF06959	RecQ5
PF16124	RecQ_Zn_bind
PF21175	RecR_C
PF21176	RecR_HhH
PF02132	RecR_ZnF
PF03837	RecT
PF03838	RecU
PF21982	RecX_HTH1
PF02631	RecX_HTH2
PF21981	RecX_HTH3
PF27462	RecX_N
PF29871	REC_BcsE
PF07964	Red1
PF21761	RedAm-like_C
PF15089	Redic1-like
PF08534	Redoxin
PF14759	Reductase_C
PF07807	RED_C
PF07808	RED_N
PF02014	Reeler
PF21471	Reelin_subrepeat-B
PF05755	REF
PF30030	REF2_M
PF30029	REF2_N
PF28928	Reg5_N
PF10715	REGB_T4
PF18561	Regnase_1_C
PF07494	Reg_prop
PF02010	REJ
PF03432	Relaxase
PF11083	Relaxase_C
PF20874	Relaxase_M
PF19296	RelA_AH
PF28438	RelA_RIS
PF04607	RelA_SpoT
PF04221	RelB
PF18506	RelB-like
PF27535	RelB3_C
PF16180	RelB_leu_zip
PF25734	RelB_like_antitoxin
PF16181	RelB_transactiv
PF30359	RELCH_C
PF31023	RELCH_LH
PF30357	RELCH_N
PF06296	RelE
PF12606	RELT
PF27490	Rem
PF04025	RemA-like
PF03763	Remorin_C
PF03766	Remorin_N
PF07850	Renin_r
PF25294	RENR_N
PF08978	Reoviridae_Vp9
PF20830	Reovirus_bridge
PF00979	Reovirus_cap
PF21062	Reovirus_L2_4th
PF21060	Reovirus_L2_6th
PF21061	Reovirus_L2_7th
PF06016	Reovirus_L2_8th
PF21063	Reovirus_L2_GTase
PF21065	Reovirus_L2_MT1
PF21066	Reovirus_L2_MT2
PF21064	Reovirus_L2_N
PF05993	Reovirus_M2
PF07781	Reovirus_Mu2
PF20790	Reov_VP3_GTase
PF20831	Reov_VP3_MTase1
PF20832	Reov_VP3_MTase2
PF08864	ReoY_N
PF06043	Reo_P9
PF01664	Reo_sigma1
PF04582	Reo_sigmaC
PF17750	Reo_sigmaC_M
PF04057	Rep-A_N
PF29797	Rep1
PF21205	Rep3_C
PF01051	Rep3_N
PF08048	RepA1_leader
PF04796	RepA_C
PF06970	RepA_N
PF16900	REPA_OB_2
PF07506	RepB
PF10723	RepB-RCR_reg
PF21861	RepB_C
PF16793	RepB_primase
PF22448	RepB_primase_C
PF06504	RepC
PF22477	RepD-like_N
PF05732	RepL
PF03090	Replicase
PF13814	Replic_Relax
PF21860	Replitron_C
PF21859	Replitron_HUH
PF11423	Repressor_Mnt
PF27763	Reprimo-like
PF01421	Reprolysin
PF13574	Reprolysin_2
PF13582	Reprolysin_3
PF13583	Reprolysin_4
PF13688	Reprolysin_5
PF20199	RepSA
PF01446	Rep_1
PF17873	Rep_1B
PF05797	Rep_4
PF27691	Rep_assoc_RepA4
PF08661	Rep_fac-A_3
PF08646	Rep_fac-A_C
PF08542	Rep_fac_C
PF08724	Rep_N
PF01719	Rep_OBD
PF23343	REP_ORF2-G2P
PF06926	Rep_Org_C
PF02486	Rep_trans
PF03248	Rer1
PF08808	RES
PF05140	ResB
PF26179	RESC10
PF26230	RESC11
PF25477	RESC1_2
PF26170	RESC5
PF26188	RESC6
PF26165	RESC7
PF26172	RESC8
PF26229	RESC9_M
PF26228	RESC9_N
PF15395	RESF1_C
PF04851	ResIII
PF06954	Resistin
PF00239	Resolvase
PF14948	RESP18
PF00072	Response_reg
PF19192	Response_reg_2
PF16684	ResT-TelK_cat
PF11407	RestrictionMunI
PF11487	RestrictionSfiI
PF20878	REST_helical
PF18528	Ret2_MD
PF11891	RETICULATA-like
PF02453	Reticulon
PF15449	Retinal
PF04527	Retinin_C
PF29013	RETR1_C
PF28197	Retron_Ec48_antiviral
PF20167	Retrotransp-rel
PF14223	Retrotran_gag_2
PF14244	Retrotran_gag_3
PF17241	Retrotran_gag_4
PF02813	Retro_M
PF29000	Retr_N
PF17756	RET_CLD1
PF17812	RET_CLD3
PF17813	RET_CLD4
PF22540	RET_CRD
PF00424	REV
PF16727	REV1_C
PF24065	REV3_N
PF28843	REX3_middle
PF28865	REX3_N
PF15969	RexA
PF15968	RexB
PF28365	REXO3_N
PF09545	RE_AccI
PF09665	RE_Alw26IDE
PF09491	RE_AlwI
PF09499	RE_ApaLI
PF18062	RE_AspBHI_N
PF24447	RE_BanI
PF26568	RE_BanI_C
PF09549	RE_Bpu10I
PF18643	RE_BsaWI
PF09504	RE_Bsp6I
PF09552	RE_BstXI
PF09516	RE_CfrBI
PF09517	RE_Eco29kI
PF09553	RE_Eco47II
PF14511	RE_EcoO109I
PF19778	RE_endonuc
PF09554	RE_HaeII
PF09556	RE_HaeIII
PF30263	RE_HgaI_N
PF09518	RE_HindIII
PF09519	RE_HindVP
PF09561	RE_HpaII
PF09563	RE_LlaJI
PF09562	RE_LlaMI
PF09567	RE_MamI
PF09568	RE_MjaI
PF09564	RE_NgoBV
PF09565	RE_NgoFVII
PF20731	RE_NgoFVII_C
PF09521	RE_NgoPII
PF09522	RE_R_Pab1
PF29187	RE_SacI_C
PF09566	RE_SacI_N
PF09569	RE_ScaI
PF09570	RE_SinI
PF09573	RE_TaqI
PF09572	RE_XamI
PF09571	RE_XcyI
PF00472	RF-1
PF28994	RF2_helical
PF16658	RF3_C
PF11109	RFamide_26RFa
PF08519	RFC1
PF22534	RFC_C
PF04506	Rft-1
PF04589	RFX1_trans_act
PF14621	RFX5_DNA_bdg
PF18326	RFX5_N
PF15289	RFXA_RFXANK_bdg
PF02257	RFX_DNA_binding
PF15151	RGCC
PF27951	RGF3
PF21259	Rgg_C
PF10843	RGI1
PF18370	RGI_lyase
PF21348	RGL11_C
PF28395	RglB_N
PF06534	RGM_C
PF06535	RGM_N
PF03214	RGP
PF08737	Rgp1
PF05045	RgpF
PF25308	Rgr-1_C
PF00615	RGS
PF09128	RGS-like
PF16613	RGS12_us1
PF16611	RGS12_us2
PF16612	RGS12_usC
PF28461	RGS9BP_C
PF18148	RGS_DHEX
PF31161	Rgs_repeat
PF09744	RH1
PF22180	RH3_dom
PF18515	Rh5
PF20859	RHA1_ro05818_N
PF06134	RhaA
PF24833	Rhabdo_glycop_CD
PF00974	Rhabdo_glycop_FD
PF03342	Rhabdo_M1
PF04785	Rhabdo_M2
PF03397	Rhabdo_matrix
PF00945	Rhabdo_ncap
PF03216	Rhabdo_ncap_2
PF02484	Rhabdo_NV
PF21557	RhaB_D2
PF05336	rhaM
PF06045	Rhamnogal_lyase
PF11316	Rhamno_transf
PF06379	RhaT
PF05879	RHD3_GTPase
PF16179	RHD_dimer
PF00554	RHD_DNA_bind
PF24456	RHD_RETREG1-3
PF22286	RHG20_PH
PF24235	RHG29_45_N
PF19518	RHG35-p190PhoGP_pG1
PF09284	RhgB_N
PF01402	RHH_1
PF23807	RHH_10
PF26048	RHH_11
PF26688	RHH_12
PF12651	RHH_3
PF13467	RHH_4
PF07878	RHH_5
PF16762	RHH_6
PF16777	RHH_7
PF17723	RHH_8
PF19839	RHH_9
PF25806	RHH_ERCC6L2
PF27136	RhiA
PF22336	RhiE-like_linker
PF21887	RhiE_B
PF12721	RHIM
PF15319	RHINO
PF27724	RHIP1
PF30943	RHL1
PF12300	RhlB
PF00581	Rhodanese
PF12368	Rhodanese_C
PF11511	RhodobacterPufX
PF10413	Rhodopsin_N
PF31159	Rhodo_GlycoT
PF00620	RhoGAP
PF16512	RhoGAP-FF1
PF30386	RhoGAP_pG2
PF00621	RhoGEF
PF16615	RhoGEF67_u1
PF16614	RhoGEF67_u2
PF01694	Rhomboid
PF20401	Rhomboid_2
PF12122	Rhomboid_N
PF22808	RhopH3_C
PF08912	Rho_Binding
PF02115	Rho_GDI
PF07498	Rho_N
PF07497	Rho_RNA_bind
PF03527	RHS
PF30813	Rhs1CTD
PF30814	RhsI1
PF28810	RhsI2
PF07999	RHSP
PF26352	RhsPI
PF20445	RHS_N
PF05593	RHS_repeat
PF00073	Rhv
PF22663	Rhv_5
PF13901	RH_dom
PF08428	Rib
PF05914	RIB43A
PF01872	RibD_C
PF28794	RIBF1-2_C
PF04950	RIBIOP_C
PF18957	RibLong
PF00545	Ribonuclease
PF00636	Ribonuclease_3
PF00825	Ribonuclease_P
PF00445	Ribonuclease_T2
PF11469	Ribonucleas_3_2
PF14622	Ribonucleas_3_3
PF06479	Ribonuc_2-5A
PF01042	Ribonuc_L-PSP
PF08584	Ribonuc_P_40
PF08471	Ribonuc_red_2_N
PF02867	Ribonuc_red_lgC
PF00317	Ribonuc_red_lgN
PF00268	Ribonuc_red_sm
PF04597	Ribophorin_I
PF05817	Ribophorin_II
PF23861	Ribophorin_II_2nd
PF23860	Ribophorin_II_3rd
PF25147	Ribophorin_II_C
PF00428	Ribosomal_60s
PF07754	Ribosomal_aS21
PF22078	Ribosomal_bL9m_C
PF00687	Ribosomal_L1
PF00466	Ribosomal_L10
PF00298	Ribosomal_L11
PF03946	Ribosomal_L11_N
PF00542	Ribosomal_L12
PF16320	Ribosomal_L12_N
PF00572	Ribosomal_L13
PF01294	Ribosomal_L13e
PF00238	Ribosomal_L14
PF01929	Ribosomal_L14e
PF00827	Ribosomal_L15e
PF27056	Ribosomal_L15_epsilon
PF00252	Ribosomal_L16
PF01196	Ribosomal_L17
PF17135	Ribosomal_L18
PF01775	Ribosomal_L18A
PF00861	Ribosomal_L18p
PF14204	Ribosomal_L18_c
PF01245	Ribosomal_L19
PF01280	Ribosomal_L19e
PF25476	Ribosomal_L19e_C
PF00453	Ribosomal_L20
PF01157	Ribosomal_L21e
PF00829	Ribosomal_L21p
PF00237	Ribosomal_L22
PF01776	Ribosomal_L22e
PF00276	Ribosomal_L23
PF03939	Ribosomal_L23eN
PF17136	ribosomal_L24
PF01246	Ribosomal_L24e
PF01386	Ribosomal_L25p
PF16906	Ribosomal_L26
PF01016	Ribosomal_L27
PF00828	Ribosomal_L27A
PF01777	Ribosomal_L27e
PF18471	Ribosomal_L27_C
PF00830	Ribosomal_L28
PF01778	Ribosomal_L28e
PF00831	Ribosomal_L29
PF01779	Ribosomal_L29e
PF03947	Ribosomal_L2_C
PF00181	Ribosomal_L2_N
PF00297	Ribosomal_L3
PF00327	Ribosomal_L30
PF08079	Ribosomal_L30_N
PF01197	Ribosomal_L31
PF01198	Ribosomal_L31e
PF01655	Ribosomal_L32e
PF01783	Ribosomal_L32p
PF00471	Ribosomal_L33
PF00468	Ribosomal_L34
PF01199	Ribosomal_L34e
PF01247	Ribosomal_L35Ae
PF01632	Ribosomal_L35p
PF00444	Ribosomal_L36
PF01158	Ribosomal_L36e
PF08561	Ribosomal_L37
PF01780	Ribosomal_L37ae
PF01907	Ribosomal_L37e
PF01781	Ribosomal_L38e
PF00832	Ribosomal_L39
PF00573	Ribosomal_L4
PF01020	Ribosomal_L40e
PF05162	Ribosomal_L41
PF00935	Ribosomal_L44
PF00281	Ribosomal_L5
PF10501	Ribosomal_L50
PF17144	Ribosomal_L5e
PF00673	Ribosomal_L5_C
PF00347	Ribosomal_L6
PF01159	Ribosomal_L6e
PF03868	Ribosomal_L6e_N
PF01248	Ribosomal_L7Ae
PF03948	Ribosomal_L9_C
PF01281	Ribosomal_L9_N
PF00338	Ribosomal_S10
PF00411	Ribosomal_S11
PF17487	Ribosomal_S12
PF00416	Ribosomal_S13
PF08069	Ribosomal_S13_N
PF00253	Ribosomal_S14
PF00312	Ribosomal_S15
PF00886	Ribosomal_S16
PF00366	Ribosomal_S17
PF00833	Ribosomal_S17e
PF16205	Ribosomal_S17_N
PF01084	Ribosomal_S18
PF00203	Ribosomal_S19
PF01090	Ribosomal_S19e
PF00318	Ribosomal_S2
PF01649	Ribosomal_S20p
PF01165	Ribosomal_S21
PF01249	Ribosomal_S21e
PF01282	Ribosomal_S24e
PF03297	Ribosomal_S25
PF01283	Ribosomal_S26e
PF01599	Ribosomal_S27
PF01667	Ribosomal_S27e
PF01200	Ribosomal_S28e
PF04758	Ribosomal_S30
PF02482	Ribosomal_S30AE
PF01015	Ribosomal_S3Ae
PF00189	Ribosomal_S3_C
PF00163	Ribosomal_S4
PF00900	Ribosomal_S4e
PF00333	Ribosomal_S5
PF03719	Ribosomal_S5_C
PF01250	Ribosomal_S6
PF01092	Ribosomal_S6e
PF00177	Ribosomal_S7
PF01251	Ribosomal_S7e
PF00410	Ribosomal_S8
PF01201	Ribosomal_S8e
PF00380	Ribosomal_S9
PF14693	Ribosomal_TL5_C
PF29471	Ribosomal_uL15_N
PF22682	Ribosomal_uL24m-like
PF21251	Ribosomal_uS5m_N
PF00164	Ribosom_S12_S23
PF16321	Ribosom_S30AE_C
PF14374	Ribos_L4_asso_C
PF04034	Ribo_biogen_C
PF00834	Ribul_P_3_epim
PF06026	Rib_5-P_isom_A
PF02267	Rib_hydrolayse
PF22330	Rib_mS39_PPR
PF05104	Rib_recp_KP_reg
PF07064	RIC1
PF15361	RIC3
PF10165	Ric8
PF05062	RICH
PF14200	RicinB_lectin_2
PF00652	Ricin_B_lectin
PF22179	RickCE_cat
PF22189	RickCE_N
PF05433	Rick_17kDa_Anti
PF14666	RICTOR_M
PF14664	RICTOR_N
PF14665	RICTOR_phospho
PF14668	RICTOR_V
PF00355	Rieske
PF13806	Rieske_2
PF18465	Rieske_3
PF22543	Rieske_4
PF12231	Rif1_N
PF21449	RIF2_ASCE
PF21450	RIF2_lid
PF18187	RIF5_SNase_1
PF18189	RIF5_SNase_2
PF02009	RIFIN
PF18119	RIG-I_C
PF11648	RIG-I_C-RD
PF08454	RIH_assoc
PF02197	RIIa
PF10522	RII_binding_1
PF11461	RILP
PF29989	RIM13_C
PF29992	RIM13_calpain-like_second
PF29980	RIM13_calpain-like_third
PF22601	RIM2a_ZnF
PF05618	RimB-like
PF25566	RIMB1_N
PF17716	RIMC1
PF08443	RimK
PF18030	Rimk_N
PF01782	RimM
PF17384	RimP_C
PF02576	RimP_N
PF23268	RIN1
PF27679	RIN13_N
PF06116	RinB
PF26191	RING-HC_RBR_RNF216
PF12906	RINGv
PF06001	RING_CBP-p300
PF00848	Ring_hydroxyl_A
PF00866	Ring_hydroxyl_B
PF31263	RING_Ste5
PF24921	RING_XB3-XBAT31
PF25447	RING_ZNF598
PF04437	RINT1_TIP1
PF01163	RIO1
PF09202	Rio2_N
PF00161	RIP
PF14998	Ripply
PF27875	RiPP_SkfA
PF29973	RIPR_C
PF29991	RIPR_EGF-like_10th
PF29979	RIPR_EGF-like_6th
PF29974	RIPR_EGF-like_7th
PF29990	RIPR_EGF-like_9th
PF29999	RIPR_jelly-roll-like
PF29972	RIPR_M
PF29970	RIPR_mid
PF29995	RIPR_N
PF22238	RIP_P131-like
PF16524	RisS_PPD
PF17184	Rit1_C
PF17066	RITA
PF08167	RIX1
PF29521	RKM2_C
PF19322	RKP_N
PF17797	RL
PF17777	RL10P_insert
PF27436	RL10_C
PF11088	RL11D
PF14401	RLAN
PF10127	RlaP
PF17720	RLIG1
PF20924	RLIP76_Ral-bd
PF10036	RLL
PF26049	RLMG_N
PF22020	RlmL_1st
PF18125	RlmM_FDX
PF21239	RLMM_N
PF21016	RlmN_N
PF13707	RloB
PF31157	RLSB_S1
PF29908	RluD_N
PF22981	RM2_Med14
PF25065	RM3_Med14
PF22935	RM44_endonuclase
PF25067	RM5_Med14
PF22984	RM6_Med14
PF22983	RM8_Med14
PF07035	RMC1_C
PF21029	RMC1_N
PF21033	RMD1-3
PF29162	RMD6
PF28745	RMD9_C
PF28771	RMD9_mid
PF28753	RMD9_N
PF29707	RME-8_2nd
PF29708	RME-8_4th
PF19432	RME-8_N
PF04957	RMF
PF16099	RMI1_C
PF08585	RMI1_N_C
PF21000	RMI1_N_N
PF16100	RMI2
PF29495	RMIF-2
PF04321	RmlD_sub_bind
PF07521	RMMBL
PF04989	RMNT_CmcI
PF14996	RMP
PF20945	RMP1
PF15719	Rmp24-like
PF02646	RmuC
PF27669	RNA-dir_pol_phytoreovirus
PF10443	RNA12
PF00074	RnaseA
PF21293	RNAseD_HRDC_C
PF09293	RNaseH_C
PF27608	RNaseH_ERVK-8
PF04308	RNaseH_like
PF13032	RNaseH_pPIWI_RE
PF25488	RNaseT2L_C
PF18497	RNase_3_N
PF18431	RNAse_A_bac
PF10150	RNase_E_G
PF20833	RNase_E_G_Thio
PF00075	RNase_H
PF09468	RNase_H2-Ydr279
PF08615	RNase_H2_suC
PF01351	RNase_HII
PF27457	RNase_HII_N
PF13482	RNase_H_2
PF18614	RNase_II_C_S1
PF22505	RNase_J_b_CASP
PF17770	RNase_J_C
PF01868	RNase_P-MRP_p29
PF01138	RNase_PH
PF03725	RNase_PH_C
PF01876	RNase_P_p30
PF08228	RNase_P_pop3
PF01900	RNase_P_Rpp14
PF30520	RNase_R_N
PF00929	RNase_T
PF12072	RNase_Y_N
PF11977	RNase_Zc3h12a
PF14626	RNase_Zc3h12a_2
PF08675	RNA_bind
PF01877	RNA_binding
PF03035	RNA_capsid
PF00910	RNA_helicase
PF21210	RNA_helicase_helical
PF26026	RNA_hel_CTD
PF09414	RNA_ligase
PF09511	RNA_lig_T4_1
PF00940	RNA_pol
PF08203	RNA_polI_A14
PF08208	RNA_polI_A34
PF11705	RNA_pol_3_Rpc31
PF29140	RNA_pol_assoc_N
PF01000	RNA_pol_A_bac
PF03118	RNA_pol_A_CTD
PF16857	RNA_pol_inhib
PF06870	RNA_pol_I_A49
PF01193	RNA_pol_L
PF13656	RNA_pol_L_2
PF01194	RNA_pol_N
PF08292	RNA_pol_Rbc25
PF06883	RNA_pol_Rpa2_4
PF04997	RNA_pol_Rpb1_1
PF00623	RNA_pol_Rpb1_2
PF04983	RNA_pol_Rpb1_3
PF05000	RNA_pol_Rpb1_4
PF04998	RNA_pol_Rpb1_5
PF04992	RNA_pol_Rpb1_6
PF04990	RNA_pol_Rpb1_7
PF05001	RNA_pol_Rpb1_R
PF04563	RNA_pol_Rpb2_1
PF04561	RNA_pol_Rpb2_2
PF04565	RNA_pol_Rpb2_3
PF04566	RNA_pol_Rpb2_4
PF10385	RNA_pol_Rpb2_45
PF04567	RNA_pol_Rpb2_5
PF00562	RNA_pol_Rpb2_6
PF04560	RNA_pol_Rpb2_7
PF03874	RNA_pol_Rpb4
PF01191	RNA_pol_Rpb5_C
PF03871	RNA_pol_Rpb5_N
PF01192	RNA_pol_Rpb6
PF03870	RNA_pol_Rpb8
PF16992	RNA_pol_RpbG
PF05158	RNA_pol_Rpc34
PF05132	RNA_pol_Rpc4
PF05645	RNA_pol_Rpc82
PF12136	RNA_pol_Rpo13
PF03431	RNA_replicase_B
PF00773	RNB
PF25967	RND-MFP_C
PF02508	Rnf-Nqr
PF15303	RNF111_N
PF19325	RNF152_C
PF26192	RNF157-like_N
PF19332	RNF180_C
PF28894	RNF183_C
PF28830	RNF186_helical
PF30696	RNF213_stalk
PF28565	RNF216P1
PF28408	RNF216_N
PF15926	RNF220
PF22968	RNF34L-like_3rd
PF25914	RNF6_N
PF13375	RnfC_N
PF29280	RnfG_N
PF21274	Rng_hyd_C
PF31260	RNH203
PF12647	RNHCP
PF14760	Rnk_N
PF19034	RnlA-toxin_DBD
PF15935	RnlA_toxin
PF19417	RnlA_toxin_N
PF15933	RnlB_antitoxin
PF18768	RNPP_C
PF27793	RNP_Burkhold
PF21995	RNR-II_ins_dom
PF17975	RNR_Alpha
PF08591	RNR_inhib
PF08343	RNR_N
PF03259	Robl_LC7
PF08477	Roc
PF10135	Rod-binding
PF25848	Rodlin
PF13464	RodZ_C
PF10493	Rod_C
PF15201	Rod_cone_degen
PF19220	Rod_CreS
PF24504	Rod_N
PF07073	ROF
PF10259	Rogdi_lz
PF05633	ROH1-like
PF00480	ROK
PF08067	ROKNT
PF26513	Rok_N
PF02027	RolB_RolC
PF26432	Roller3_N
PF18106	Rol_Rep_N
PF10247	Romo1
PF12334	rOmpB_passenger
PF29441	RON4
PF15035	Rootletin
PF06830	Root_cap
PF01815	Rop
PF05082	Rop-like
PF30486	Ropporin_C
PF30487	Ropporin_M
PF30489	Ropporin_N
PF21206	Roquin_1_2-like_ROQ
PF18386	ROQ_II
PF10727	Rossmann-like
PF10079	Rossmann-like_BshC
PF25413	Rossman_Mical
PF21534	Rost
PF05443	ROS_MUCR
PF10681	Rot1
PF00639	Rotamase
PF13145	Rotamase_2
PF13616	Rotamase_3
PF12289	Rotavirus_VP1
PF25649	Rotavirus_VP2
PF06929	Rotavirus_VP3
PF05868	Rotavirus_VP7
PF00980	Rota_Capsid_VP6
PF01525	Rota_NS26
PF02509	Rota_NS35_C
PF21067	Rota_NS35_N
PF00981	Rota_NS53
PF04866	Rota_NS6
PF01665	Rota_NSP3
PF01452	Rota_NSP4
PF05087	Rota_VP2
PF17477	Rota_VP4_MID
PF25657	Rota_VP6
PF06020	Roughex
PF10074	RovC_DNA-bd
PF08633	Rox3
PF21419	RoxA-like_Cyt-c
PF03428	RP-C
PF11800	RP-C_C
PF27156	RP005_N
PF29661	RP012_N
PF12042	RP1-2
PF29731	RP252
PF17542	RP853
PF17460	RP854
PF28369	RP9_C
PF28352	RP9_N
PF10134	RPA
PF17875	RPA43_OB
PF08620	RPAP1_C
PF08621	RPAP1_N
PF04181	RPAP2_Rtr1
PF13877	RPAP3_C
PF08784	RPA_C
PF14768	RPA_interact_C
PF14767	RPA_interact_M
PF14766	RPA_interact_N
PF20912	RPC3_helical
PF04801	RPC5
PF19725	RPC5_C
PF03055	RPE65
PF02755	RPEL
PF11574	Rpf1_C
PF18111	RPGR1_C
PF27448	Rph_4th
PF08579	RPM2
PF23594	RPN11_C
PF04683	Rpn13_ADRM1_Pru
PF16550	RPN13_C
PF18051	RPN1_C
PF17781	RPN1_RPN2_N
PF18004	RPN2_C
PF21505	RPN2_N
PF08375	Rpn3_C
PF18098	RPN5_C
PF18503	RPN6_C_helix
PF18055	RPN6_N
PF10602	RPN7
PF21154	RPN7_PSMD6_C
PF18261	Rpn9_C
PF12415	rpo132
PF12410	rpo30_N
PF21668	RPOC_hybrid
PF14700	RPOL_N
PF07288	RpoY
PF12328	Rpp20
PF04032	Rpr2
PF17067	RPS31
PF13446	RPT
PF05659	RPW8
PF09382	RQC
PF03737	RraA-like
PF06877	RraB
PF01765	RRF
PF02082	Rrf2
PF12614	RRF_GI
PF28561	RRG1_C
PF29574	RRG1_N
PF10356	RRG7
PF17068	RRG8
PF10378	RRM
PF00076	RRM_1
PF22976	RRM_10
PF28441	RRM_11
PF04059	RRM_2
PF08777	RRM_3
PF10598	RRM_4
PF13893	RRM_5
PF16367	RRM_7
PF11835	RRM_8
PF18444	RRM_9
PF28976	RRM_ACIN1
PF24637	RRM_DEAH11
PF15628	RRM_DME
PF25121	RRM_ESF1
PF25061	RRM_fung
PF26088	RRM_LARP4
PF11608	RRM_MARF1
PF29309	RRM_MUD2_2nd
PF29326	RRM_MUD2_C
PF29325	RRM_MUD2_N
PF24435	RRM_NFXL1
PF05172	RRM_Nup35
PF29450	RRM_NXF1-2
PF16842	RRM_occluded
PF28940	RRM_PARN_C
PF23222	RRM_PARP14_1
PF23245	RRM_PARP14_2
PF23085	RRM_PARP14_3
PF28975	RRM_R3HCC1L
PF26250	RRM_RdRP1_2
PF17799	RRM_Rrp7
PF28978	RRM_SRRT
PF22877	RRM_Thc1
PF25701	RRM_YTH1
PF04090	Rrn11
PF05327	RRN3
PF10214	Rrn6_beta-prop
PF20640	Rrn6_HB
PF20639	Rrn6_K-rich
PF20645	Rrn7_cyclin_C
PF20644	Rrn7_cyclin_N
PF10680	RRN9
PF00398	RrnaAD
PF27238	rrnAC1427_C
PF06962	rRNA_methylase
PF08524	rRNA_processing
PF08161	RRP12_HEAT
PF15459	RRP14
PF07890	Rrp15p
PF06102	RRP36
PF18311	Rrp40_N
PF21261	RRP40_N_mamm
PF21262	RRP40_S1
PF17216	Rrp44_CSD1
PF17215	Rrp44_S1
PF12923	RRP7
PF04939	RRS1
PF17075	RRT14
PF27657	RRT15
PF14239	RRXRR
PF30550	RR_cyano_HH
PF06459	RR_TM4-6
PF08071	RS4NT
PF30347	RSA-1_C
PF30344	RSA-1_M
PF30342	RSA-1_N
PF14615	Rsa3
PF19198	RsaA_NTD
PF27842	rSAM_modified_put
PF26005	rSAM_target_put
PF28144	RsaX20
PF28448	Rsbn1_helix
PF14361	RsbRD_N
PF08678	Rsbr_N
PF08673	RsbU_N
PF16294	RSB_motif
PF08586	Rsc14
PF22994	RSC4_Ig_like
PF29015	RSC9_N
PF07547	RSD-2
PF16751	RsdA_SigD_bd
PF04353	Rsd_AlgQ
PF03873	RseA_C
PF03872	RseA_N
PF04246	RseC_MucC
PF14876	RSF
PF02410	RsfS
PF03193	RsgA_GTPase
PF16745	RsgA_N
PF30257	RsgI9_C
PF23750	RsgI_M
PF12791	RsgI_N
PF22802	RsiG
PF29609	RsiX
PF10099	RskA_C
PF22618	RskA_N
PF25524	RSLD_CPSF6
PF09243	Rsm22
PF30072	RSM28_C
PF30073	RSM28_M
PF27063	RsmA_C
PF29340	RsmA_N
PF22458	RsmF-B_ferredox
PF17126	RsmF_methylt_CI
PF23016	RsmI_C
PF04378	RsmJ
PF02714	RSN1_7TM
PF13967	RSN1_TM
PF31168	RspA_C
PF30877	RSRC1
PF17069	RSRP
PF11757	RSS_P20
PF12174	RST
PF03113	RSV_NS2
PF22660	RS_preATP-grasp-like
PF04479	RTA1
PF06361	RTBV_P12
PF06216	RTBV_P46
PF01137	RTC
PF14474	RTC4
PF01139	RtcB
PF06956	RtcR
PF29400	RtcR_C
PF05189	RTC_insert
PF05608	RTE1
PF09357	RteC
PF04641	Rtf2
PF23566	RTG2_C
PF16297	RTL1-8_LDOC
PF02334	RTP
PF10363	RTP1_C1
PF10304	RTP1_C2
PF07809	RTP801_C
PF28970	RTS
PF31194	RTT101_N
PF09510	Rtt102p
PF29694	RTT105
PF18215	Rtt106_N
PF16770	RTT107_BRCT_5
PF16771	RTT107_BRCT_6
PF14726	RTTN_N
PF08512	Rttp106-like_middle
PF02382	RTX
PF07634	RtxA
PF21735	RtxA_C
PF08339	RTX_C
PF17917	RT_RNaseH
PF17919	RT_RNaseH_2
PF14616	Rua1_C
PF21054	RUBC_PIKBD
PF05750	Rubella_Capsid
PF05748	Rubella_E1
PF05749	Rubella_E2
PF09273	Rubis-subs-bind
PF21228	RuBisCO_activase_AAA_helical
PF18087	RuBisCo_chap_C
PF00016	RuBisCO_large
PF02788	RuBisCO_large_N
PF00101	RuBisCO_small
PF12601	Rubi_NSP_C
PF00301	Rubredoxin
PF18267	Rubredoxin_C
PF02915	Rubrerythrin
PF21349	RUBY_RBDX
PF25366	RUFY4
PF30839	Rum1
PF02759	RUN
PF26030	RUNDC1
PF00853	Runt
PF08504	RunxI
PF24162	RUS6_N
PF05866	RusA
PF07499	RuvA_C
PF01330	RuvA_N
PF05496	RuvB_N
PF02075	RuvC
PF18516	RuvC_1
PF18541	RuvC_III
PF03652	RuvX
PF18993	Rv0078B
PF29599	Rv0250c
PF27466	Rv0299_toxin
PF27179	Rv0313_N
PF24553	Rv0428c_C
PF24551	Rv0428c_N
PF27066	Rv0461
PF11307	Rv0495c
PF27548	Rv0497_C
PF27098	Rv0959_3rd
PF29644	Rv0964c
PF27128	Rv1109c_N
PF30402	Rv1217c_C
PF27105	Rv1265_N
PF27329	Rv1289
PF27609	Rv1322
PF27111	Rv1352
PF29518	Rv1363c_MT1408
PF20381	Rv1476
PF27076	Rv1486c_C
PF27075	Rv1486c_N
PF27463	Rv1490
PF27099	Rv1733c
PF28507	Rv1828_C
PF23706	Rv1893
PF26178	Rv2075c_cat
PF18367	Rv2175c_C
PF21531	Rv2175c_wHTH
PF16473	Rv2179c-like
PF27150	Rv2240c
PF29823	Rv2386A
PF22234	Rv2466c-like
PF08924	Rv2525c_GlyHyd-like
PF27168	Rv2576c_beta
PF29757	Rv2628
PF08962	Rv2632c-like
PF31074	Rv2686c-like
PF25587	Rv2743c
PF01947	Rv2949c-like
PF10370	Rv2993c-like_N
PF29473	Rv3202A
PF29657	Rv3254_C
PF27314	Rv3395c_C
PF23714	Rv3627c_N
PF21043	Rv3651-like_C
PF18621	Rv3651-like_middle
PF18007	Rv3651-like_N
PF26563	Rv3660c_N
PF27101	Rv3753c
PF27131	Rv3766_C
PF27209	Rv3785_N
PF27503	Rv3811_N
PF24764	rva_4
PF00665	rve
PF24904	RVE6
PF13333	rve_2
PF13683	rve_3
PF00077	RVP
PF08284	RVP_2
PF00078	RVT_1
PF07727	RVT_2
PF13456	RVT_3
PF06815	RVT_connect
PF13655	RVT_N
PF06817	RVT_thumb
PF05773	RWD
PF02042	RWP-RK
PF16810	RXLR
PF29635	RXLR-C08
PF30123	RXLR21
PF29073	RxLR_C
PF18634	RXLR_WY
PF08595	RXT2_N
PF08642	Rxt3
PF24785	RXYLT1_C
PF24786	RXYLT1_N
PF18052	Rx_N
PF28939	RYamide
PF01365	RYDR_ITPR
PF21119	RYDR_Jsol
PF02026	RyR
PF23674	RYYR-CCHC
PF06085	Rz1
PF28595	RzoQ
PF05526	R_equi_Vir
PF23780	S-AdoMet_lyase
PF02773	S-AdoMet_synt_C
PF02772	S-AdoMet_synt_M
PF00438	S-AdoMet_synt_N
PF05756	S-antigen
PF07752	S-layer
PF18316	S-l_SbsC_C
PF20906	S-Me-THD_C
PF06032	S-Me-THD_N
PF02574	S-methyl_trans
PF00575	S1
PF14444	S1-like
PF02265	S1-P1_nuclease
PF15427	S100PBPR
PF03501	S10_plectin
PF22708	S1CSD-TOTE-1
PF22707	S1CSD-TOTE-2
PF04689	S1FA
PF13509	S1_2
PF21266	S1_RRP4
PF23459	S1_RRP5
PF29192	S1_TP0910
PF01479	S4
PF07422	s48_45
PF13275	S4_2
PF15676	S6OS1
PF05116	S6PP
PF08472	S6PP_C
PF16470	S8_pro-domain
PF28288	SA0570
PF00277	SAA
PF28174	SAAL1_C
PF04382	SAB
PF18304	SabA_adhesion
PF12209	SAC3
PF03399	SAC3_GANP
PF24765	SAC9_C
PF24791	SAC9_C8D
PF24790	SAC9_GBDL_1st
PF24789	SAC9_GBDL_2nd
PF04455	Saccharop_dh_N
PF16653	Sacchrp_dh_C
PF03435	Sacchrp_dh_NADP
PF07894	SACK1
PF25794	SACS
PF07738	Sad1_UNC
PF02182	SAD_SRA
PF08573	SAE2
PF25831	SaeA_1st
PF27062	SaeC_ESX1_N
PF08666	SAF
PF09460	Saf-Nte_pilin
PF04502	Saf4_Yju2
PF29676	Saf6_C
PF17073	SafA
PF18303	Saf_2TM
PF30644	SAF_GD_AH
PF04092	SAG
PF12767	SAGA-Tad1
PF01259	SAICAR_synt
PF25229	Salactin
PF29534	Salivary_glue
PF12115	Salp15
PF09506	Salt_tol_Pase
PF19227	Salyut
PF10806	SAM35
PF16568	Sam68-YY
PF24971	SAMD1_SHD
PF21524	SAMD1_WH
PF30809	SAMD3_helical
PF05924	SAMP
PF21965	SAMP2
PF00536	SAM_1
PF07647	SAM_2
PF18016	SAM_3
PF18017	SAM_4
PF21872	SAM_5
PF23395	SAM_6
PF30784	SAM_7
PF27750	SAM_AAE17_18
PF26701	SAM_ARHGAP18_N
PF02961	SAM_BAF
PF21907	SAM_CEP-1_C
PF01536	SAM_decarbox
PF18255	SAM_DprA
PF22993	SAM_EPH
PF18609	SAM_Exu
PF13932	SAM_GIDA_C
PF20257	SAM_HAT_C
PF01887	SAM_HAT_N
PF23307	SAM_KIDINS220
PF13543	SAM_KSR1
PF20406	SAM_KSR1_N
PF01698	SAM_LFY
PF30467	SAM_lyase
PF28886	SAM_MCK1_N
PF04445	SAM_MT
PF04904	SAM_NCD1
PF02198	SAM_PNT
PF09597	SAM_Ribosomal_mS41
PF25317	SAM_SMF
PF09235	SAM_Ste50p
PF22931	SAM_TNK
PF01342	SAND
PF23292	SAND_ULT1
PF09133	SANTA
PF16282	SANT_DAMP1_like
PF02037	SAP
PF28314	Sap1
PF16014	SAP130_C
PF06487	SAP18
PF21438	Sap1_N
PF15476	SAP25
PF13867	SAP30_Sin3_bdg
PF02199	SapA
PF05184	SapB_1
PF03489	SapB_2
PF07277	SapC
PF25825	SAPC2_N
PF16560	SAPI
PF16722	SAPIS-gp6
PF20825	Saposin
PF04499	SAPS
PF18953	SAP_new25
PF23632	SAP_RNF34_RFFL
PF03058	Sar8_2
PF11409	SARA
PF06682	SARAF
PF11979	SARA_C
PF26316	SarA_SteE
PF04790	Sarcoglycan_1
PF05510	Sarcoglycan_2
PF20989	Sarcoglycan_2_C
PF21898	Sarcolamban
PF05366	Sarcolipin
PF15385	SARG
PF12383	SARS_3b
PF03343	SART-1
PF21518	Sas-5-like_implico
PF22331	Sas-6-like_oligomerization
PF22216	Sas-6_C_CC
PF22218	SAS-6_C_CC_2
PF21503	Sas-6_helical
PF16531	SAS-6_N
PF09368	Sas10
PF04000	Sas10_Utp3
PF15460	SAS4
PF28998	SAS4_C
PF18594	Sas6_CC
PF03629	SASA
PF17041	SasG_E
PF26285	SASH1_Homeodomain
PF00269	SASP
PF04259	SASP_gamma
PF27780	SASP_SspL
PF15160	SASRP1
PF16073	SAT
PF06426	SATase_N
PF16264	SatD
PF17485	SatRNA_48
PF31034	SatS_C
PF06106	SAUGI
PF11256	SAV0927-like
PF18145	SAVED
PF11561	Saw1
PF16719	SAWADEE
PF05217	SAXO1-2
PF28881	SAXO3
PF15373	SAXO5-like
PF10340	Say1_Mug180
PF10260	SAYSvFN
PF18167	Sa_NUDIX
PF06739	SBBP
PF21265	SBB_T7
PF13558	SbcC_Walker_B
PF12320	SbcD_C
PF17882	SBD
PF20268	SBDS_C
PF09377	SBDS_domain_II
PF01172	SBDS_N
PF07005	SBD_N
PF17076	SBE2_C
PF22874	SBE2_M
PF22876	SBE2_N
PF01758	SBF
PF12335	SBF2
PF13593	SBF_like
PF11621	Sbi-IV
PF05992	SbmA_BacA
PF25373	SBNO
PF03110	SBP
PF05694	SBP56
PF01547	SBP_bac_1
PF07596	SBP_bac_10
PF13531	SBP_bac_11
PF00497	SBP_bac_3
PF30778	SBP_bac_4HB
PF00496	SBP_bac_5
PF13343	SBP_bac_6
PF13416	SBP_bac_8
PF18058	SbsC_C
PF22360	SbsC_spectrin-like
PF21009	SBSN_GxHH_rpt
PF25031	SBSPON_C
PF18094	SBS_FAS
PF05982	Sbt_1
PF22203	Sca2
PF08313	SCA7
PF29662	ScaA_C
PF16711	SCAB-ABD
PF16709	SCAB-Ig
PF17684	SCAB-PH
PF22596	Scabin-like
PF16712	SCAB_CC
PF17200	sCache_2
PF17203	sCache_3_2
PF17202	sCache_3_3
PF09984	sCache_4
PF16736	sCache_like
PF23030	SCAF11-like_C
PF20142	Scaffold
PF11418	Scaffolding_pro
PF12070	SCAI
PF04144	SCAMP
PF02023	SCAN
PF16501	SCAPER_N
PF24006	SCAP_N
PF27569	SCAR_helical
PF21767	SCC3_C
PF21581	SCD
PF30610	SCD2_C
PF27823	SCD2_helical_N
PF04405	ScdA_N
PF02404	SCF
PF02667	SCFA_trans
PF09856	ScfRs
PF20490	SCGB3A
PF04486	SchA_CurD
PF10148	SCHIP-1_C
PF27660	SCI1_hairpin
PF13165	SCIFF
PF15050	SCIMP
PF05463	Sclerostin
PF10384	Scm3
PF27840	ScmC
PF15805	SCNM1_acidic
PF28290	SCO0607
PF02630	SCO1-SenC
PF28020	SCO1431
PF31167	SCO1756_N
PF28005	SCO2322
PF28097	SCO2522
PF28103	SCO2524
PF28694	SCO2_C
PF31124	SCO3859_C
PF14026	SCO4226-like
PF26606	SCO4848
PF28009	SCO5918
PF26136	SCO6045_C
PF28833	Scoloptoxin_N
PF26345	ScoMcrA_N
PF29530	SCOOP
PF14866	Scorpion_toxin_alpha-beta
PF05483	SCP-1
PF14428	SCP1201-like
PF02036	SCP2
PF13530	SCP2_2
PF25451	SCP2_Rv3818
PF22143	ScpA_C
PF05229	SCPU
PF17844	SCP_3
PF03803	Scramblase
PF15162	SCRE
PF15224	SCRG1
PF06876	SCRL
PF18312	ScsC_N
PF28957	SctB-like
PF05802	SctB2
PF17619	SCVP
PF28068	Scy
PF28892	SCYGR
PF02982	Scytalone_dh
PF28230	SCY_4732_
PF08970	Sda
PF21638	SDA1_C
PF05285	SDA1_dom
PF08158	SDA1_HEAT
PF20856	SdbC_C
PF29859	SDC3_C
PF21027	Sde0182_C
PF07632	Sde182_NH-like
PF22782	SDE2
PF13297	SDE2_2C
PF22781	Sde2_N_Ubi_vert
PF13019	Sde2_N_Ubi_yeast
PF00375	SDF
PF19633	SDG2_C
PF03937	Sdh5
PF14290	SDH5_plant
PF29034	SDH6
PF27931	SDH7
PF28897	SDH8
PF03313	SDH_alpha
PF03315	SDH_beta
PF18317	SDH_C
PF01127	Sdh_cyt
PF31084	SDH_memb_Act
PF01972	SDH_protease
PF06977	SdiA-regulated
PF28788	SdnP
PF17418	SdpA
PF13630	SdpI
PF12278	SDP_N
PF23441	SDR
PF21777	SDR-like
PF17210	SdrD_B
PF10425	SdrG_C_C
PF08598	Sds3
PF14082	SduA_C
PF21407	SduA_N
PF08491	SE
PF12390	Se-cys_synth_N
PF01390	SEA
PF27845	Seadorna_RNAP
PF07322	Seadorna_Vp10
PF27843	Seadorna_VP11
PF25643	Seadorna_VP2
PF27844	Seadorna_VP3
PF25644	Seadorna_VP4
PF27841	Seadorna_VP5_VP6
PF07407	Seadorna_VP6
PF07387	Seadorna_VP7
PF25645	Seadorna_VP8
PF25307	SEA_Gpr126
PF15432	Sec-ASP3
PF02810	SEC-C
PF00995	Sec1
PF07393	Sec10_HB
PF20667	Sec10_N
PF04091	Sec15_C
PF12932	Sec16
PF12935	Sec16_N
PF03908	Sec20
PF25970	SEC22a_C
PF08033	Sec23_BS
PF04815	Sec23_helical
PF04811	Sec23_trunk
PF06428	Sec2p
PF15277	Sec3-PIP2_bind
PF11549	Sec31
PF08314	Sec39
PF20654	Sec3_C-term
PF09763	Sec3_CC
PF15278	Sec3_C_2
PF15469	Sec5
PF06046	Sec6
PF03911	Sec61_beta
PF03839	Sec62
PF02889	Sec63
PF09802	Sec66
PF01369	Sec7
PF09324	Sec7-like_HDS
PF12783	Sec7-like_HUS
PF20652	Sec8_C
PF04048	Sec8_N
PF17521	Secapin
PF07517	SecA_DEAD
PF01043	SecA_PP_bind
PF07516	SecA_SW
PF02556	SecB
PF13721	SecD-TM1
PF22599	SecDF_P1_head
PF21760	SecD_1st
PF02355	SecD_SecF_C
PF00584	SecE
PF03840	SecG
PF05364	SecIII_SopE_N
PF06558	SecM
PF10818	SecM_small
PF00263	Secretin
PF03958	Secretin_N
PF07655	Secretin_N_2
PF05281	Secretogranin_V
PF28747	SECTM1_C
PF28742	SECTM1_Ig
PF04856	Securin
PF00344	SecY
PF27872	Sec_acc_SLAP
PF07549	Sec_GG
PF27880	Sec_Non_Glob
PF04628	Sedlin_N
PF14797	SEEEED
PF15357	SEEK1
PF06443	SEF14_adhesin
PF08357	SEFIR
PF29507	SEG2
PF19835	SegE_GIY-YIG
PF21978	SEHBP
PF06775	Seipin
PF30096	Seipin_yeast
PF08238	Sel1
PF03841	SelA
PF22153	SelB_WH1
PF22154	SelB_WH2
PF21580	SelB_WHD3
PF11524	SeleniumBinding
PF06936	Selenoprotein_S
PF05938	Self-incomp_S1
PF10961	SelK_SelG
PF02696	SelO
PF04593	SelP_C
PF04592	SelP_N
PF01641	SelR
PF04328	Sel_put
PF01403	Sema
PF19428	Sema4F_C
PF05474	Semenogelin
PF01118	Semialdhyde_dh
PF02774	Semialdhyde_dhC
PF22698	Semialdhyde_dhC_1
PF09631	Sen15
PF23576	SEN1_barrel
PF12726	SEN1_N
PF22502	SEN2-like_N
PF06911	Senescence
PF04520	Senescence_reg
PF19722	SENP3_5_N
PF13796	Sensor
PF28326	Sensor_actino
PF13755	Sensor_TM1
PF14577	SEO_C
PF14576	SEO_N
PF08059	SEP
PF08806	Sep15_SelM
PF17080	SepA
PF03568	Separin_C
PF09873	SepCysE
PF04472	SepF
PF06622	SepQ
PF28396	SepQ_C
PF18006	SepRS_C
PF05889	SepSecS
PF00735	Septin
PF19647	Septknot
PF13845	Septum_form
PF06066	SepZ
PF03925	SeqA
PF17206	SeqA_N
PF21825	Sequestin
PF27756	SERAC1_N
PF05482	Serendipity_A
PF04419	SERF-like_N
PF04360	Serglycin
PF06873	SerH
PF03348	Serinc
PF08824	Serine_rich
PF18231	SerK_C
PF29915	Seroin_C
PF03383	Serpentine_r_xa
PF00079	Serpin
PF05540	Serpulina_VSP
PF12066	SERRATE_Ars2_N
PF06031	SERTA
PF00273	Serum_albumin
PF02403	Seryl_tRNA_N
PF06821	Ser_hydrolase
PF17107	SesA
PF17046	Ses_B
PF00856	SET
PF21569	SET1_RBD
PF22648	SET7_N
PF30519	SETBP1
PF11767	SET_assoc
PF25556	SET_TTL
PF08138	Sex_peptide
PF20428	Sey1_3HB
PF11823	Se_S_carrier
PF06705	SF-assemblin
PF25753	SF0329
PF16275	SF1-HH
PF27383	SF2091
PF16835	SF3A2
PF16837	SF3A3
PF12108	SF3a60_bindingd
PF11931	SF3a60_Prp9_C
PF08920	SF3b1
PF07189	SF3b10
PF20901	Sf6_terminase
PF29078	SFG1_C
PF08457	Sfi1
PF10638	Sfi1_C
PF30858	SFI1_first_CC
PF11139	SfLAP
PF04252	SFM1-like
PF27188	SfmD_perox
PF27725	SfNPV_sf27
PF03749	SfsA
PF17746	SfsA_N
PF30871	Sft1-BET1
PF15210	SFTA2
PF25647	SFV1_VP4
PF25648	SFV1_VP5
PF03820	SFXNs
PF18329	SGBP_B_XBD
PF16324	SGBP_levan-binding
PF29074	SGBP_N
PF08209	Sgf11
PF18519	Sgf11_N
PF07039	SGF29_Tudor
PF15467	SGIII
PF08450	SGL
PF26157	SGL_GH162
PF28099	SGM_5486
PF19040	SGNH
PF18873	Sgo0707_N1
PF20623	Sgo0707_N2
PF17228	SGP
PF22312	SgrA_ig-like
PF12793	SgrR_N
PF15894	SgrT
PF05002	SGS
PF16347	SGSH_C
PF07093	SGT1
PF16546	SGTA_dimer
PF01445	SH
PF00017	SH2
PF21990	SH2_1
PF14633	SH2_2
PF23048	SH3-A_UBE2O
PF23043	SH3-B_UBE2O
PF23044	SH3-C_UBE2O
PF16609	SH3-RhoG_link
PF16618	SH3-WW_linker
PF04908	SH3BGR
PF23637	SH3BP4_C
PF05276	SH3BP5
PF25606	SH3b_P2
PF24246	SH3b_T
PF20287	SH3DP
PF00018	SH3_1
PF17902	SH3_10
PF18103	SH3_11
PF18129	SH3_12
PF18335	SH3_13
PF18343	SH3_14
PF18346	SH3_15
PF18348	SH3_16
PF18350	SH3_17
PF18354	SH3_18
PF18597	SH3_19
PF07653	SH3_2
PF26085	SH3_20
PF08239	SH3_3
PF06347	SH3_4
PF08460	SH3_5
PF12913	SH3_6
PF12914	SH3_7
PF14604	SH3_9
PF26205	SH3_actinomycetes
PF26014	SH3_AEBP2_C
PF26738	SH3_AtC3H22
PF28930	SH3_CYLD
PF23214	SH3_CYT4
PF26090	SH3_HelY
PF24680	SH3_Hsr9
PF25446	SH3_ISE2
PF23587	SH3_KALRN
PF25092	SH3_KIN17_C
PF24556	SH3_Myosin-XVIIIa
PF29330	SH3_R06F6_12
PF25597	SH3_retrovirus
PF27170	SH3_Rv2311
PF24626	SH3_Tf2-1
PF24912	SH3_TNRC18
PF29249	SH3_TP0069
PF25369	SH3_VIII-1_N
PF23795	SH3_YKFC_2nd
PF14999	Shadoo
PF11601	Shal-type
PF16764	Sharpin_PH
PF23328	Sha_B_N
PF23762	SHCBP_N
PF03983	SHD1
PF28997	SHE10_N
PF28954	SHE10_OSW_C
PF11435	She2p
PF17078	SHE3
PF05546	She9_MDM33
PF10934	Sheath_initiator
PF29058	Shell_matrix-like_N
PF06128	Shigella_OspC
PF01488	Shikimate_DH
PF08501	Shikimate_dh_N
PF07004	SHIPPO-rpt
PF18655	SHIRT
PF27717	Shisa5_N
PF13908	Shisa_N
PF01549	ShK
PF31099	SHKBP1_KCTD3_C
PF26756	ShkE_N
PF03865	ShlB
PF15021	SHLD1_C
PF15793	SHLD2_C
PF21669	SHLD2_OB1
PF23661	SHMOOSE
PF00464	SHMT
PF10516	SHNi-TPR
PF29297	ShoB
PF28629	SHOC1_2HhH
PF17825	SHOC1_ATPase
PF29917	SHOC1_HhH_tandem
PF28630	SHOC1_N
PF29906	SHOC1_PDDEXK
PF28664	SHOC1_PDDEXK_dom
PF09851	SHOCT
PF22746	SHOCT-like_DUF2089-C
PF20612	SHOCT_2
PF30360	Shootin
PF25628	Shotoku_capsid
PF03579	SHP
PF21325	SHPRH_helical-1st
PF21324	SHPRH_helical-2nd
PF04925	SHQ1
PF21413	SHQ1-like_CS
PF07550	Shr-like_HID
PF08229	SHR3_chaperone
PF02491	SHS2_FTSA
PF03876	SHS2_Rpb7-N
PF29923	SHU1
PF29629	SHU2
PF04917	Shufflon_N
PF07557	Shugoshin_C
PF07558	Shugoshin_N
PF28670	SHW1_helical
PF17512	Sh_2
PF09345	SiaC
PF28112	SIAE_C
PF09032	Siah-Interact_N
PF09264	Sial-lect-inser
PF02973	Sialidase
PF22585	Sialidase-like_CBM
PF24907	SIBA-E_N
PF03482	SIC
PF29958	SIC1_C
PF12887	SICA_alpha
PF12878	SICA_beta
PF12879	SICA_C
PF09119	SicP-binding
PF11778	SID
PF13965	SID-1_RNA_chan
PF17204	Sid-5
PF30108	SidA
PF20875	SidC_C
PF20892	SidC_lipid-bd
PF18219	SidC_N
PF21513	SidD_C
PF21511	SidD_cat
PF24895	SIDD_N
PF19049	SidE_DUB
PF19048	SidE_mART
PF12252	SidE_PDE
PF20988	SidF
PF26375	SidJ_CaM_N
PF20879	SidM_N
PF20851	SidM_Rab1-act
PF26849	SIEA
PF14163	SieB
PF06767	Sif
PF28856	SIFAMIDE
PF27822	SIGLECL1_C
PF00158	Sigma54_activat
PF14532	Sigma54_activ_2
PF00309	Sigma54_AID
PF04963	Sigma54_CBD
PF04552	Sigma54_DBD
PF07638	Sigma70_ECF
PF04546	Sigma70_ner
PF03979	Sigma70_r1_1
PF00140	Sigma70_r1_2
PF04542	Sigma70_r2
PF04539	Sigma70_r3
PF04545	Sigma70_r4
PF08281	Sigma70_r4_2
PF02454	Sigma_1s
PF03084	Sigma_1_2
PF17453	Sigma_M_inh
PF13791	Sigma_reg_C
PF13800	Sigma_reg_N
PF05769	SIKE
PF16782	SIL1
PF29875	Sil1_beta
PF28415	SIL1_FES1_HPBP1_C
PF03842	Silic_transp
PF04402	SIMPL
PF30353	SIMR_C
PF30352	SIMR_M
PF30354	SIMR_N
PF06621	SIM_C
PF05422	SIN1
PF16979	SIN1_PH
PF16879	Sin3a_C
PF08295	Sin3_corepress
PF21362	Sina_RING
PF03145	Sina_TRAF
PF21361	Sina_ZnF
PF30271	SINE3_TM
PF08671	SinI
PF04954	SIP
PF04938	SIP1
PF27641	SIP5_N
PF09052	SipA
PF22163	SipA_2nd
PF17985	SipA_VBS
PF05565	Sipho_Gp157
PF14594	Sipho_Gp37
PF05709	Sipho_tail
PF12673	SipL
PF11603	Sir1
PF02146	SIR2
PF13289	SIR2_2
PF22344	SIR3_C
PF16991	SIR4_SID
PF10747	SirA
PF04247	SirB
PF22440	SirC_C
PF14823	Sirohm_synth_C
PF14824	Sirohm_synth_M
PF01380	SIS
PF26753	SIS3_N
PF13580	SIS_2
PF15330	SIT
PF28107	SitI3
PF05458	Siva
PF16878	SIX1_SD
PF07160	SKA1
PF16740	SKA2
PF28417	SKA3_helical
PF28418	SKA3_N
PF28427	SKAP
PF27876	SkfF
PF29481	SKG1
PF08693	SKG6
PF01202	SKI
PF21409	Ski2_beta-barrel
PF30547	Ski2_cyano_M
PF17911	Ski2_N
PF21921	Ski7_2nd
PF21920	Ski7_3rd
PF17751	SKICH
PF28649	SKIP24_C
PF28612	SKIP35_C
PF28568	SKIP35_N
PF02731	SKIP_SNW
PF02437	Ski_Sno_DHD
PF03935	SKN1_KRE6_Sbg1
PF01466	Skp1
PF03931	Skp1_POZ
PF25685	Skunalike_TailTerm
PF03530	SK_channel
PF17618	SL4P
PF28202	SlaA-like
PF27413	SlaA_5th
PF29294	SlaA_6th
PF27416	SlaA_C
PF29295	SlaA_N
PF29262	SlaB_N
PF03595	SLAC1
PF15301	SLAIN
PF06214	SLAM
PF18181	SLATT_1
PF18183	SLATT_2
PF18184	SLATT_3
PF18186	SLATT_4
PF18160	SLATT_5
PF18169	SLATT_6
PF18142	SLATT_fungal
PF10531	SLBB
PF22461	SLBB_2
PF15247	SLBP_RNA_bind
PF03522	SLC12
PF18405	SLC25_like
PF06027	SLC35F
PF16028	SLC3A2_N
PF06237	SLC52_ribofla_tr
PF18523	Sld3_N
PF08639	Sld3_STD
PF05916	Sld5
PF16922	SLD5_C
PF18596	Sld7_C
PF18636	Sld7_N
PF12140	SLED
PF09848	SLFN-g3_helicase
PF04326	SLFN_AlbA_2
PF21026	SLFN_GTPase-like
PF29488	SLFN_nematode
PF00395	SLH
PF09111	SLIDE
PF04575	SlipAM
PF30890	Sll0103_C
PF27178	sll0997_C
PF27138	Sll1247_C
PF27130	Sll1247_N
PF16818	SLM4
PF22276	SlmA-like_C
PF22614	Slo-like_RCK
PF21014	Slowpoke_C
PF03843	Slp
PF03217	SlpA
PF21620	SlpA_C
PF22797	SlpA_D2
PF22796	SlpA_N
PF07333	SLR1-BP
PF26643	Slr1339
PF27148	Slr1353_N
PF19526	Slr4
PF20778	SLS1_C
PF20776	SLS1_N
PF01464	SLT
PF13406	SLT_2
PF18896	SLT_3
PF19489	SLT_4
PF02258	SLT_beta
PF14718	SLT_L
PF27553	SLT_superhelical
PF11708	Slu7
PF30379	SLU7_N
PF21202	SLX1_C
PF09494	Slx4
PF30092	SLX5_C
PF30091	SLX5_helical
PF15341	SLX9
PF04102	SlyX
PF14438	SM-ATX
PF29133	SMA2
PF23784	Smaco_capsid
PF09057	Smac_DIABLO
PF28228	SMAGP
PF17411	SmaI
PF15127	SmAKAP
PF27862	Small_EgtBD
PF27746	Small_heat_shock_put
PF27910	Small_Trp_rich
PF15477	SMAP
PF28823	SMAP_1-2
PF27711	SMase_D_PLipase_D
PF16785	SMBP
PF22899	SMCHD1_S5
PF27968	SMCP
PF27109	SMCR8_C
PF06470	SMC_hinge
PF02463	SMC_N
PF07574	SMC_Nse1
PF02616	SMC_ScpA
PF04079	SMC_ScpB
PF21941	SMEK_N
PF15785	SMG1
PF17229	SMG1_N
PF03467	Smg4_UPF3
PF10220	Smg8_Smg9
PF09346	SMI1_KNR4
PF29500	SMIM2
PF28796	SMIM26
PF30960	SMIM28
PF17307	Smim3
PF30955	SMIM36
PF29919	SMIM39
PF29122	SMIM40
PF21976	SMIM43
PF15831	SMIM5_18_22
PF27938	SMIM7
PF27958	Smim9
PF21415	SMK1_alpha_su
PF21414	SMK_beta_su
PF22427	SMMA_C
PF22426	SMMA_N
PF20636	SMN_G2-BD
PF06003	SMN_Tudor
PF20635	SMN_YG-box
PF17885	Smoa_sbd
PF18144	SMODS
PF12510	Smoothelin
PF04927	SMP
PF27999	SMP1
PF01668	SmpB
PF10144	SMP_2
PF18696	SMP_C2CD2L
PF17047	SMP_LBD
PF25669	SMP_MUG190-like
PF01713	Smr
PF29576	SMR11_SMR16
PF15181	SMRP1
PF27568	SMR_1-15
PF21138	SMUBP-2_HCS1_1B
PF18615	SMYLE_N
PF16243	Sm_like
PF06695	Sm_multidrug_ex
PF14619	SnAC
PF22710	SNaCT1
PF22717	SNaCT10
PF22716	SNaCT11
PF22719	SNaCT12
PF22718	SNaCT13
PF22720	SNaCT14
PF22711	SNaCT5
PF22713	SNaCT6
PF22712	SNaCT7
PF22714	SNaCT8
PF22715	SNaCT9
PF18744	SNAD1
PF18745	SNAD2
PF18749	SNAD3
PF18750	SNAD4
PF14938	SNAP
PF00835	SNAP-25
PF09808	SNAPC1
PF11035	SNAPC2
PF12251	SNAPC3
PF15497	SNAPC5
PF14712	Snapin_Pallidin
PF05739	SNARE
PF00565	SNase
PF16700	SNCAIP_SNCA_bd
PF30010	SND1_N
PF00209	SNF
PF29490	SNF11
PF00176	SNF2-rel_dom
PF08455	SNF2_assoc
PF04855	SNF5
PF03357	Snf7
PF28650	SNI1_C
PF28645	SNI1_middle
PF13250	SNIPE
PF09051	SNN_cytoplasm
PF09050	SNN_linker
PF09049	SNN_transmemb
PF01174	SNO
PF07366	SnoaL
PF12680	SnoaL_2
PF13474	SnoaL_3
PF13577	SnoaL_4
PF20409	SnoaL_5
PF26528	SnoaL_6
PF28927	sNPF_precur
PF08648	SNRNP27
PF19097	Snu56_snRNP
PF24826	SNU71_N
PF24825	SNU71_RBD
PF07192	SNURF
PF11538	Snurportin1
PF21273	SNX17-27-31_F1_FERM
PF21271	SNX17-31_F2_FERM
PF18116	SNX17_FERM_C
PF19566	Snx8_BAR_dom
PF22237	SO2946-like_C
PF16533	SOAR
PF15279	SOBP
PF16855	Soc
PF13274	SocA_Panacea
PF26318	SocB
PF12610	SOCS
PF07525	SOCS_box
PF16848	SoDot-IcmSS
PF00080	Sod_Cu
PF02777	Sod_Fe_C
PF00081	Sod_Fe_N
PF09055	Sod_Ni
PF04158	Sof1
PF21248	SoFic-like_C
PF30936	SOFL
PF10428	SOG2
PF11365	SOGA
PF14818	SOGA1-2-like_CC
PF21250	SOGP_2nd
PF21270	SOGP_4th
PF21958	SOGP_N
PF26512	SOI
PF06136	SOK
PF03619	Solute_trans_a
PF22750	Sol_i_2
PF01033	Somatomedin_B
PF03002	Somatostatin
PF17081	SOP4
PF13981	SopA
PF13979	SopA_C
PF18090	SoPB_HTH
PF11047	SopD
PF07487	SopE_GEF
PF07682	SOR
PF30218	SOR1_helical
PF02208	Sorb
PF30891	SorCS_stalk
PF25220	Sororin_C
PF09666	Sororin_middle
PF04203	Sortase
PF15902	Sortilin-Vps10
PF15901	Sortilin_C
PF03700	Sorting_nexin
PF22496	SOR_N
PF01680	SOR_SNZ
PF22697	SOS1_NGEF_PH
PF20882	Sos7
PF28057	SosA
PF15925	SOSSC
PF17079	SOTI
PF04832	SOUL
PF29834	SOV1_C
PF29832	SOV1_middle
PF29835	SOV1_N
PF12067	Sox17_18_mid
PF21342	SoxA-TsdA_cyt-c
PF04267	SoxD
PF06525	SoxE
PF22852	SoxE_N
PF04268	SoxG
PF12336	SOXp
PF13501	SoxY
PF08770	SoxZ
PF12444	Sox_N
PF14313	Soyouz_module
PF17806	SO_alpha_A3
PF20304	Sp-CxC
PF20306	Sp-DndD
PF23932	SP10_terminator
PF27520	SP15_N
PF03014	SP2
PF16504	SP24
PF20752	SP2_C
PF20751	SP2_M
PF07354	Sp38
PF29018	SP85_N
PF08616	SPA
PF18218	Spa1_C
PF17802	SpaA
PF19403	SpaA_2
PF20674	SpaA_3
PF24514	SpaA_4
PF28922	SPAC22G7_03
PF30691	SPAC589_03c-like
PF27947	SPACA1
PF28690	SPACA6_N
PF15307	SPACA7
PF15120	SPACA9
PF16077	Spaetzle
PF02090	SPAM
PF02510	SPAN
PF07458	SPAN-X
PF26294	SpaO_N
PF22004	SPAR
PF10591	SPARC_Ca_bdg
PF19160	SPARK
PF11881	SPAR_C
PF31032	SPase_CTS
PF13186	SPASM
PF15212	SPATA19
PF15743	SPATA1_C
PF15175	SPATA24
PF15218	SPATA25
PF21388	SPATA2_PUB-like
PF15662	SPATA3
PF27952	SPATA45
PF15073	SPATA48
PF14909	SPATA6
PF15824	SPATA9
PF14649	Spatacsin_C
PF15256	SPATIAL
PF07139	SPATS2-like
PF07780	Spb1_C
PF30899	SPBC17D1_05
PF28143	SPBC1E8_03c_C
PF28142	SPBC1E8_03c_N
PF30956	SPBPB7E8
PF18520	Spc110_C
PF06645	SPC12
PF04573	SPC22
PF08286	Spc24
PF06703	SPC25
PF29749	SPC25_C
PF30019	Spc25_C_drosophila
PF29997	SPC25_N
PF30022	Spc25_N_drosophila
PF17082	Spc29
PF11544	Spc42p
PF08317	Spc7
PF28859	SPCC191_01
PF28488	SPCC553_12c
PF29722	SPD3_M
PF29723	SPD3_N
PF29784	SpdA
PF05122	SpdB
PF29628	SpdB_mid
PF27080	SpdB_N
PF03771	SPDY
PF25892	Spe-44
PF29406	SPE17
PF29125	SPE9_EGF_2nd
PF29136	SPE9_EGF_3rd
PF29137	SPE9_EGF_4th
PF29138	SPE9_EGF_5th
PF15795	Spec3
PF10136	SpecificRecomb
PF18680	SPECT1
PF00435	Spectrin
PF26996	Spectrin-like_SYNRG
PF23160	Spectrin_1st_PEPL
PF18373	Spectrin_2
PF21019	Spectrin_3
PF21020	Spectrin_4
PF23289	Spectrin_5
PF23323	Spectrin_6
PF25101	Spectrin_7
PF24611	Spectrin_Anc-1
PF24615	Spectrin_Anc-1_2
PF23729	Spectrin_Dys-1
PF24915	Spectrin_SESTD1
PF25034	Spectrin_SYNE1
PF25803	Spectrin_SYNE1_2
PF26583	Spectrin_YLPM1
PF24082	SPEF2_C
PF22946	SPEF2_D5
PF10940	SpeFL
PF16650	SPEG_u2
PF15670	Spem1
PF29307	Speract_C
PF15059	Speriolin_C
PF15058	Speriolin_N
PF27987	Spermatid_TP
PF01564	Spermine_synth
PF17284	Spermine_synt_N
PF08250	Sperm_act_pep
PF05324	Sperm_Ag_HE2
PF15754	SPESP1
PF15171	Spexin
PF30128	SPG1
PF17325	SPG4
PF14764	SPG48
PF28298	SPG5_C
PF20909	SpGH101_helical
PF31089	SPH
PF05541	Spheroidin
PF12138	Spherulin4
PF30680	SPHKAP_N
PF15678	SPICE
PF12485	SPIDER
PF11260	Spidroin_MaSp
PF16763	Spidroin_N
PF22464	Spike_JR1
PF22465	Spike_JR2
PF17072	Spike_torovirin
PF02513	Spin-Ssty
PF09431	SPIN90_LRD
PF08234	Spindle_Spc25
PF28219	Spindly
PF05215	Spiralin
PF29218	Spiro_OB_C
PF29216	Spiro_tudor_C
PF28023	SPJ_0845_N
PF04435	SPK
PF20903	SPL
PF11132	SplA
PF26745	SPM
PF15075	SPMAP1-like
PF22589	SPMIP1
PF14983	SPMIP10-like
PF22593	SPMIP11
PF15093	SPMIP4-like
PF22573	SPMIP5
PF22574	SPMIP8
PF17950	SpmSyn_N
PF21974	SPN1_m3Gcap_bd
PF22953	SpnB_Rossmann
PF08769	Spo0A_C
PF07070	Spo0M
PF03533	SPO11_like
PF05032	Spo12
PF21698	Spo16_C
PF19225	Spo16_N
PF25749	SPO1_gp41
PF08631	SPO22
PF22044	SPO24
PF03907	Spo7
PF30148	SPO74
PF15407	Spo7_2_N
PF14689	SPOB_a
PF14682	SPOB_ab
PF07744	SPOC
PF20918	SPOCS_spoVID-N
PF23121	SPOC_AIPP2
PF28898	SPOC_CPL1_2
PF11964	SpoIIAA-like
PF08486	SpoIID
PF07228	SpoIIE
PF19732	SpoIIE_N
PF31108	SpoIIE_reg
PF06686	SpoIIIAC
PF27550	SpoIIIAG_C
PF12685	SpoIIIAH
PF12116	SpoIIID
PF01944	SpoIIM
PF07454	SpoIIP
PF14171	SpoIISA_toxin
PF28902	SpoIISA_transm
PF28064	SpoIISB
PF14185	SpoIISB_antitox
PF08680	SpoIIT
PF09547	SpoIVA_ATPase
PF20439	SpoIVA_C
PF20438	SpoIVA_middle
PF27653	SPOK2_N
PF06468	Spond_N
PF09388	SpoOE-like
PF05036	SPOR
PF11122	Spore-coat_CotD
PF10612	Spore-coat_CotZ
PF26301	spore_CmpA
PF14153	Spore_coat_CotO
PF27663	Spore_coat_YutH
PF10957	Spore_Cse60
PF28051	Spore_exo_CotA
PF05504	Spore_GerAC
PF25198	Spore_GerAC_N
PF27777	Spore_germination_GerPD
PF09671	Spore_GerQ
PF19568	Spore_III_AA
PF09548	Spore_III_AB
PF09546	Spore_III_AE
PF09581	Spore_III_AF
PF09551	Spore_II_R
PF03845	Spore_permease
PF09575	Spore_SspJ
PF09578	Spore_YabQ
PF14147	Spore_YhaL
PF09580	Spore_YhcN_YlaJ
PF09577	Spore_YpjB
PF09579	Spore_YtfJ
PF14034	Spore_YtrH
PF09560	Spore_YunB
PF05642	Sporozoite_P67
PF12164	SporV_AA
PF07084	Spot_14
PF02590	SPOUT_MTase
PF14419	SPOUT_MTase_2
PF00588	SpoU_methylase
PF12105	SpoU_methylas_C
PF08032	SpoU_sub_bind
PF22655	SpoU_sub_bind_like
PF08183	SpoV
PF13782	SpoVAB
PF03862	SpoVAC_SpoVAEB
PF07451	SpoVAD
PF14097	SpoVAE
PF04026	SpoVG
PF14069	SpoVIF
PF04293	SpoVR
PF24755	SpoVR_C
PF04232	SpoVS
PF15714	SpoVT_C
PF28172	SpoV_N
PF06550	SPP
PF07448	Spp-24
PF31218	Spp1_C3H_ZnF
PF22768	SPP1_Dit
PF20787	SPP1_GP23-1
PF05133	SPP1_portal
PF15356	SPR1
PF30259	SPR6_M
PF12118	SprA-related
PF14349	SprA_N
PF13573	SprB
PF10218	SPRING1
PF05210	Sprouty
PF14820	SPRR2
PF10263	SprT-like
PF22934	SPRTN_ZBD
PF00622	SPRY
PF08644	SPT16
PF21091	SPT16_C
PF08243	SPT2
PF12090	Spt20_SEP
PF25603	SPT23_MGA2_DBD
PF22878	SPT2_N
PF06093	Spt4
PF17734	Spt46
PF03439	Spt5-NGN
PF11942	Spt5_N
PF14632	SPT6_acidic
PF21710	Spt6_S1
PF11779	SPT_ssu-like
PF18033	SpuA_C
PF03539	Spuma_A9PTase
PF21915	Sputnik_MCP_1st
PF25635	SPV1_VP10
PF25646	SPV1_VP4
PF03534	SpvB
PF05563	SpvD
PF03779	SPW
PF28024	SPW_0924
PF03105	SPX
PF28059	SpxO
PF11357	Spy1
PF30820	SPZ1-like
PF21642	SP_0191-like
PF08999	SP_C-Propep
PF16845	SQAPI
PF13243	SQHop_cyclase_C
PF13249	SQHop_cyclase_N
PF00494	SQS_PSY
PF00299	Squash
PF10500	SR-25
PF13790	SR1P
PF18491	SRA
PF07304	SRA1
PF02586	SRAP
PF08136	SRA_like
PF26348	SRA_ScoMcrA
PF08832	SRC-1
PF00530	SRCR
PF15494	SRCR_2
PF03125	Sre
PF00319	SRF-TF
PF30036	SRF1_C
PF24296	SrfA
PF07520	SrfB
PF02118	Srg
PF08236	SRI
PF04086	SRP-alpha_N
PF02290	SRP14
PF01922	SRP19
PF00660	SRP1_TIP1
PF05022	SRP40_C
PF00448	SRP54
PF02881	SRP54_N
PF16969	SRP68
PF08492	SRP72
PF05486	SRP9-21
PF19307	SrpI-like
PF09439	SRPRB
PF02978	SRP_SPB
PF17004	SRP_TPR_like
PF07709	SRR
PF07985	SRR1
PF15230	SRRM_C
PF15872	SRTM1
PF09201	SRX
PF27015	SR_desmoplakin_3
PF21097	SR_plectin_7
PF27378	SsaM
PF28280	SsaO
PF28283	SsaP
PF06378	SSAP_Sak
PF00436	SSB
PF22657	SSB_1
PF24120	SsdA_C
PF17878	ssDBP
PF18361	ssDBP_DBD
PF10141	ssDNA-exonuc_C
PF18333	ssDNA_DBD
PF18272	ssDNA_TraI_N
PF04503	SSDP
PF28282	SseA
PF07179	SseB
PF14581	SseB_C
PF04888	SseC
PF28311	SseF_SseG
PF24688	SseK_NleB
PF00474	SSF
PF14723	SSFA2_C
PF21181	SsfX3_N
PF04686	SsgA
PF00720	SSI
PF04056	Ssl1
PF27515	Ssl2009_C
PF20067	SSL_N
PF09199	SSL_OB
PF27720	SSNA1
PF27229	SSO2105_N
PF27250	SSO3021_2nd
PF29606	SSO3021_3rd
PF22445	Ssol_1539-like_2nd
PF30147	SSP1
PF06933	SSP160
PF04386	SspB
PF08141	SspH
PF14098	SSPI
PF08176	SspK
PF28063	SspM
PF08177	SspN
PF08175	SspO
PF08179	SspP
PF30239	Ssr3402
PF03531	SSrecog
PF21092	SSRP1_C
PF18877	SSSPR-51
PF15836	SSTK-IP
PF04722	Ssu72
PF11966	SSURE
PF20940	SSV1_D-63
PF07935	SSV1_ORF_D-335
PF09514	SSXRD
PF05030	SSXT
PF30502	SSY5_N
PF04184	ST7
PF16664	STAC2_u1
PF08514	STAG
PF31007	STAG_C
PF18185	STALD
PF03298	Stanniocalcin
PF14731	Staphopain_pro
PF09022	Staphostatin_A
PF09023	Staphostatin_B
PF04022	Staphylcoagulse
PF02821	Staphylokinase
PF10100	Staph_opine_DH
PF22381	Staph_reg_Sar_Rot
PF01123	Stap_Strp_toxin
PF02876	Stap_Strp_tox_C
PF01852	START
PF19569	START_2
PF28956	START_ATEG_03636
PF16544	STAR_dimer
PF01740	STAS
PF13466	STAS_2
PF12162	STAT1_TAZ2bind
PF12188	STAT2_C
PF14596	STAT6_C
PF18214	STATa_Ig
PF24629	STATB_N
PF03875	Statherin
PF00836	Stathmin
PF01017	STAT_alpha
PF02864	STAT_bind
PF02865	STAT_int
PF21354	STAT_linker
PF16482	Staufen_C
PF12638	Staygreen
PF28231	STB2_C
PF10330	Stb3
PF25995	STB6_N
PF28167	StbA-like
PF06406	StbA_N
PF09075	STb_secrete
PF12898	Stc1
PF20944	StcE_b-sandwich
PF17235	STD1
PF02200	STE
PF02116	STE2
PF02076	STE3
PF11610	Ste5
PF12194	Ste5_C
PF31262	Ste5_vWA-ext
PF12555	SteA-like_C
PF17101	Stealth_CR1
PF11380	Stealth_CR2
PF17102	Stealth_CR3
PF17103	Stealth_CR4
PF29776	SteB
PF25809	STEEP1
PF03385	STELLO
PF21058	Stereocilin
PF03015	Sterile
PF02544	Steroid_dh
PF12349	Sterol-sensing
PF08498	Sterol_MT_C
PF17410	Stevor
PF31090	StfR_3rd
PF15809	STG
PF17830	STI1-HOP_DP
PF04885	Stig1
PF15253	STIL_N
PF12400	STIMATE
PF13756	Stimulus_sens_1
PF15009	STING_LBD
PF23417	STING_TM
PF11202	StiP
PF09061	Stirrup
PF22405	STIV-like_capsid
PF08960	STIV_B116-like
PF21881	STIV_penton_2nd
PF21878	STIV_turret_1st
PF21876	STIV_turret_2nd
PF21879	STIV_turret_3rd
PF10494	Stk19
PF11485	STK_08120-like
PF27373	STK_12200
PF31165	STK_strepto_C
PF21369	STL11_N
PF29987	STM0557_C
PF09598	Stm1_N
PF28093	STM3845
PF07660	STN
PF10451	Stn1
PF09170	STN1_2
PF12659	Stn1_C
PF12191	stn_TNFRSF12A
PF16851	Stomagen
PF11585	Stomoxyn
PF12016	Stonin2_N
PF21109	Stonustoxin_helical
PF16891	STPPase_N
PF21107	STPRs
PF28687	STR4A_N
PF30980	STR4_M
PF28616	STR4_N
PF06638	Strabismus
PF04270	Strep_his_triad
PF14404	Strep_pep
PF06696	Strep_SA_rep
PF01657	Stress-antifung
PF29936	StrH_C
PF29935	StrH_N
PF08232	Striatin
PF10266	Strumpellin
PF03088	Str_synth
PF28249	StsA_sacti_RiPP
PF02516	STT3
PF21436	STT3-PglB_core
PF18527	STT3_PglB_C
PF21042	Stu2_CTS
PF21527	Stv
PF26585	STX17_N
PF09177	STX6_10_61_N
PF17562	Styelin
PF24175	SU10_adaptor
PF17236	SU10_MCP
PF23899	SU10_portal
PF18179	SUa-2TM
PF03481	Sua5_C
PF01300	Sua5_yciO_yrdC
PF18213	SUB1_ProdP9
PF19151	Sublancin
PF30120	SUBPM
PF24178	Subterisin
PF11420	Subtilosin_A
PF13607	Succ_CoA_lig
PF02910	Succ_DH_flav_C
PF29127	SUCH1_C
PF29111	Such1_N
PF06999	Suc_Fer-like
PF09244	Suc_Porlyase_C
PF02140	SUEL_Lectin
PF05843	Suf
PF01458	SUFBD_core
PF19295	SufBD_N
PF02657	SufE
PF05076	SUFU
PF12470	SUFU_C
PF04198	Sugar-bind
PF11471	Sugarporin_N
PF00083	Sugar_tr
PF06800	Sugar_transport
PF01253	SUI1
PF16619	SUIM_assoc
PF14433	SUKH-3
PF14435	SUKH-4
PF14567	SUKH_5
PF14568	SUKH_6
PF03846	SulA
PF08257	Sulfakinin
PF00884	Sulfatase
PF14707	Sulfatase_C
PF00916	Sulfate_transp
PF05584	Sulfolobus_pRN
PF00685	Sulfotransfer_1
PF03567	Sulfotransfer_2
PF13469	Sulfotransfer_3
PF17784	Sulfotransfer_4
PF19798	Sulfotransfer_5
PF12193	Sulf_coat_C
PF04143	Sulf_transp
PF09037	Sulphotransf
PF29864	SUM1_C
PF03856	SUN
PF28790	Sun1
PF29118	SUP10_C
PF29117	SUP10_glrx
PF22157	SupH-like_C
PF11414	Suppressor_APC
PF11479	Suppressor_P21
PF06687	SUR7
PF09312	SurA_N
PF13623	SurA_N_2
PF13624	SurA_N_3
PF01975	SurE
PF02104	SURF1
PF05477	SURF2
PF02077	SURF4
PF04935	SURF6
PF22343	Surface-like_ins_dom
PF01617	Surface_Ag_2
PF11054	Surface_antigen
PF09006	Surfac_D-trimer
PF07712	SURNod19
PF01805	Surp
PF12741	SusD-like
PF12771	SusD-like_2
PF14322	SusD-like_3
PF07980	SusD_RagB
PF14292	SusE
PF17142	SusF_N
PF16411	SusF_SusE
PF23915	SusG_C
PF20756	SusG_CBM58
PF00084	Sushi
PF09014	Sushi_2
PF19904	SusR_C
PF24862	SUS_EPBD
PF24861	SUS_N
PF20661	SutA-RBD
PF28655	SUV2_C
PF28619	SUV2_M
PF28652	SUV2_N
PF12513	SUV3_C
PF18147	Suv3_C_1
PF18114	Suv3_N
PF26734	SUVR5_N
PF12752	SUZ
PF12901	SUZ-C
PF29098	Su_sable_C
PF29102	Su_sable_N
PF05326	SVA
PF08622	Svf1
PF15811	SVIP
PF12113	SVM_signal
PF20888	SVN
PF29091	SVS1_central
PF17381	Svs_4_5_6
PF10578	SVS_QK
PF15430	SVWC
PF22081	SwaI-like
PF25123	SWAP1_C
PF24707	Swc3
PF26242	Swc3_C
PF17330	SWC7
PF20497	SWI-SNF_Ssr4_C
PF08549	SWI-SNF_Ssr4_N
PF18766	SWI2_SNF2
PF07962	Swi3
PF07061	Swi5
PF18530	Swi6_N
PF02201	SWIB
PF26291	SWIB_eIF2D
PF29592	SWIFT
PF04434	SWIM
PF31082	SWIM_C
PF04433	SWIRM
PF16495	SWIRM-assoc_1
PF16496	SWIRM-assoc_2
PF16498	SWIRM-assoc_3
PF17083	Swm2
PF13753	SWM_repeat
PF29448	SWP7
PF30048	SWP9
PF17423	SwrA
PF21693	SWT1_3rd
PF19588	SxtJ
PF04099	Sybindin
PF15233	SYCE1
PF18581	SYCP2_ARLD
PF18584	SYCP2_SLD
PF07348	Syd
PF08231	SYF2
PF02383	Syja_N
PF30450	SymE_C
PF08845	SymE_toxin
PF11935	SYMPK_PTA1_N
PF12295	Symplekin_C
PF28215	Symport_access
PF29057	SYN8_N
PF05835	Synaphin
PF02078	Synapsin
PF02750	Synapsin_C
PF10581	Synapsin_N
PF00957	Synaptobrevin
PF15191	Synaptonemal_3
PF15138	Syncollin
PF01034	Syndecan
PF10474	Syndetin_C
PF25035	SYNE1
PF25804	SYNE3
PF25999	SYNRG_C
PF15290	Syntaphilin
PF00804	Syntaxin
PF10496	Syntaxin-18_N
PF11416	Syntaxin-5_N
PF14523	Syntaxin_2
PF29732	Syntaxin_R9BP
PF11421	Synthase_beta
PF23012	Syntrophin_4th
PF01387	Synuclein
PF11089	SyrA
PF09801	SYS1
PF29849	SYS1_C
PF29853	SYS1_M
PF29851	SYS1_N
PF22421	SYY_C-terminal
PF01023	S_100
PF18159	S_4TM
PF05124	S_layer_C
PF05123	S_layer_N
PF00954	S_locus_glycop
PF14928	S_tail_recep_bd
PF00907	T-box
PF16176	T-box_assoc
PF29683	T05H10_M
PF29684	T05H10_N
PF27870	T1-F
PF30189	T15H9-4_C
PF30186	T15H9_4_N
PF28734	T19C3_2_like
PF11867	T1RH-like_C
PF30170	T1RK_2nd
PF22679	T1R_D3-like
PF22092	T26-6p_Ig-like_dom
PF22265	T26-6p_Ig-like_dom_2
PF28867	T26G10_4
PF30180	T2Restr_HpaI
PF13629	T2SS-T3SS_pil_N
PF16537	T2SSB
PF11356	T2SSC
PF00437	T2SSE
PF30792	T2SSE_N
PF00482	T2SSF
PF28597	T2SSF_N
PF08334	T2SSG
PF02501	T2SSI
PF11612	T2SSJ
PF03934	T2SSK
PF21687	T2SSK_1st
PF05134	T2SSL
PF04612	T2SSM
PF10741	T2SSM_b
PF28880	T2SSM_N
PF01203	T2SSN
PF12528	T2SSppdC
PF16549	T2SSS_2
PF28037	T2SS_GspM_synerg
PF27877	T2SS_GspM_XcpZ
PF28042	T2SS_GspN_synerg
PF09691	T2SS_PulS_OutS
PF18273	T3RM_EcoP15I_C
PF11439	T3SchapCesA
PF16535	T3SSipB
PF18269	T3SS_ATPase_C
PF22342	T3SS_CopN_3rd
PF28030	T3SS_coreg_PtrC
PF18286	T3SS_ExsE
PF16937	T3SS_HrpK1
PF13327	T3SS_LEE_assoc
PF08988	T3SS_needle_E
PF09392	T3SS_needle_F
PF09025	T3SS_needle_reg
PF06416	T3SS_NleG
PF06635	T3SS_SCTL
PF06511	T3SS_TC
PF21304	T3S_SPI-1_N0
PF09198	T4-Gluco-transf
PF16724	T4-gp15_tss
PF12293	T4BSS_DotH_IcmK
PF11393	T4BSS_DotI_IcmL
PF12608	T4bSS_IcmS
PF28241	T4P_EbsA
PF05567	T4P_PilY1
PF07996	T4SS
PF02534	T4SS-DNA_transf
PF28177	T4SS_AnkD
PF16943	T4SS_CagC
PF28186	T4SS_Ceg10
PF28185	T4SS_Ceg14
PF28181	T4SS_Ceg17
PF28182	T4SS_Ceg19
PF28184	T4SS_Ceg32
PF28183	T4SS_Ceg9
PF28175	T4SS_LegC2C7
PF28187	T4SS_Lem8
PF18895	T4SS_pilin
PF16932	T4SS_TraI
PF12322	T4_baseplate
PF25623	T4_CASP
PF24050	T4_Cef
PF00837	T4_deiodinase
PF08994	T4_Gp59_C
PF08993	T4_Gp59_N
PF23618	T4_gp9_10_C
PF07880	T4_gp9_10_N
PF24070	T4_MRH
PF11649	T4_neck-protein
PF24210	T4_RIIA1
PF20819	T4_Rnl1_C
PF18043	T4_Rnl2_C
PF25676	T4_Spackle
PF11091	T4_tail_cap
PF25671	T4_Tape_measure
PF21134	T4_UVSX_C
PF25721	T4_Y03C
PF24448	T4_y05I_C
PF24449	T4_y05I_N
PF25744	T4_Y13H
PF26092	T4_Y16D
PF10544	T5orf172
PF25747	T5_p143
PF26823	T5_Terminase_small
PF21141	T6PP_C
PF18572	T6PP_N
PF12790	T6SS-SciN
PF20232	T6SS_FHA_C
PF05638	T6SS_HCP
PF08906	T6SS_Tdi1_C
PF21576	T6SS_Tgi2PP
PF22137	T6SS_Tle1-like_C
PF09994	T6SS_Tle1-like_cat
PF29616	T6SS_Tli
PF22115	T6SS_Tse3_cat
PF22120	T6SS_Tse3_N
PF21643	T6SS_Tsi2-like
PF05947	T6SS_TssF
PF06996	T6SS_TssG
PF05936	T6SS_VasE
PF16989	T6SS_VasJ
PF13296	T6SS_Vgr
PF21277	T6SS_VgrG3-like_C
PF05591	T6SS_VipA
PF18002	T6_Ig_like
PF10922	T7-like_gp12
PF17570	T7-like_gp67
PF10911	T7-like_Y65
PF28108	T7SS_assoc-like
PF21545	T7SS_EccA1_N
PF05108	T7SS_ESX1_EccB
PF10824	T7SS_ESX_EspC
PF21725	T7SS_signal
PF24072	T7_gp14
PF17116	T9SS_plug_1st
PF11494	Ta0938
PF11513	TA0956
PF19020	Ta1207
PF15401	TAA-Trp-ring
PF20429	Tab2-like_C
PF06485	Tab2-like_N
PF08681	TacA1
PF05010	TACC_C
PF02202	Tachykinin
PF14517	Tachylectin
PF11406	Tachystatin_A
PF11478	Tachystatin_B
PF09305	TACI-CRD2
PF18551	TackOD1
PF20772	TACO1_YebC_N
PF13400	Tad
PF18521	TAD2
PF11195	Tad2-like
PF25185	Tad3
PF30953	TAD3_N
PF25186	Tad4
PF25190	Tad5
PF25188	Tad6
PF25189	Tad8
PF22941	TADA2A-like_3rd
PF19360	TadB_TadC_N
PF07811	TadE
PF16964	TadF
PF22439	TAdV_Fibre-like_head
PF21194	TadZ-like_ARD
PF16968	TadZ_N
PF09977	Tad_C
PF14113	Tae4
PF05596	Taeniidae_ag
PF02969	TAF
PF03540	TAF10
PF20641	TAF1C_beta-prop
PF20643	TAF1C_C
PF20642	TAF1C_HB
PF15333	TAF1D
PF14929	TAF1_subA
PF25316	TAF2_3rd
PF05236	TAF4
PF07571	TAF6_C
PF10406	TAF8_C
PF12020	TAFA
PF07531	TAFH
PF10610	Tafi-CsgC
PF04719	TAFII28
PF04658	TAFII55_N
PF22786	Tag1_C
PF22787	Tag1_M
PF20775	Tag1_N
PF12561	TagA
PF09867	TagF_N
PF22096	TagH_C
PF22269	TagH_SH3-like
PF20691	TAGT
PF16695	Tai4
PF21519	Tailspike_C
PF11367	Tail_completion_gp17
PF09684	Tail_P2_I
PF18668	Tail_spike_N
PF10618	Tail_tube
PF04822	Takusan
PF22856	Tal-1A_2A
PF21896	Talin_IBS2B
PF09141	Talin_middle
PF21692	Talin_R4
PF25177	Talin_VBS2
PF15324	TALPID3
PF03377	TAL_effector
PF00923	TAL_FSA
PF21899	Tal_Pri
PF28428	TAM12
PF09139	Tam41_Mmp37
PF04357	TamB
PF27051	TamB_N
PF11640	TAN
PF30821	TANGO1_helical
PF05742	TANGO2
PF25267	TANGO6_N
PF15327	Tankyrase_bdg_C
PF07519	Tannase
PF15386	Tantalus
PF09162	Tap-RNA_bind
PF28921	TAP1-like_HTH
PF07265	TAP35_44
PF04177	TAP42
PF09718	Tape_meas_lam_C
PF15251	TAPR1-like
PF28146	TapY2
PF03943	TAP_C
PF09281	Taq-exonuc
PF12950	TaqI_C
PF30913	TAR1
PF25050	TARBP1
PF27855	Target_ACGX
PF27850	Targ_of_XrtJ
PF02203	TarH
PF21951	TARP
PF21731	TARSH_C
PF18674	TarS_C1
PF22377	TarS_C2
PF22181	TarS_linker
PF05296	TAS2R
PF22378	Tas3-like_N
PF21487	Tas3_C-hel
PF29750	TasA_anchor
PF07708	Tash_PEST
PF15133	TASL
PF23314	TASOR_alpha-beta
PF31001	Tastin
PF00539	Tat
PF02416	TatA_B_E
PF27442	TatB_C
PF00902	TatC
PF01026	TatD_DNase
PF03430	TATR
PF16811	TAtT
PF10518	TAT_signal
PF07706	TAT_ubiq
PF09734	Tau95
PF17682	Tau95_N
PF02668	TauD
PF01925	TauE
PF01361	Tautomerase
PF21420	Tautomerase-like
PF14552	Tautomerase_2
PF14832	Tautomerase_3
PF02959	Tax
PF09728	Taxilin
PF28483	TAXIMIN
PF14541	TAXi_C
PF14543	TAXi_N
PF31211	Taz1_DD
PF22332	TAZ1_RBM
PF31149	TA_Actino
PF17574	TA_inhibitor
PF00683	TB
PF03134	TB2_DP1_HVA22
PF19430	TBC1D23_C
PF30895	TBC1D_hel
PF30337	TBC2_C
PF30334	TBC2_N
PF02970	TBCA
PF25541	TBCA_PH
PF07986	TBCC
PF16752	TBCC_N
PF30095	TBCD_C_yeast
PF12845	TBD
PF18394	TBK1_CCD1
PF18396	TBK1_ULD
PF00352	TBP
PF09247	TBP-binding
PF22721	TBP-TOTE
PF17484	TbpB_A
PF01298	TbpB_B_D
PF17483	TbpB_C
PF21664	TBPIP_C
PF15517	TBPIP_N
PF19138	TbsP_N
PF03558	TBSV_P22
PF20627	TBX2-3_RD
PF12598	TBX2-3_TAD
PF20054	Tc-38
PF22785	Tc-R-P
PF15063	TC1
PF22813	TcaA_2nd
PF22820	TcaA_3rd_4th
PF22819	TcaA_5th
PF19971	TCAD2
PF19972	TCAD3
PF19973	TCAD7
PF19974	TCAD9
PF27027	TCAF_helical
PF27016	TCAF_N
PF18518	TcA_RBD
PF18276	TcA_TcB_BD
PF21963	TcdA1_RBD_2
PF21968	TcdA1_RBD_3
PF12919	TcdA_TcdB
PF12920	TcdA_TcdB_pore
PF12918	TcdB_N
PF12255	TcdB_toxin_midC
PF12256	TcdB_toxin_midN
PF12104	Tcell_CD4_C
PF04910	Tcf25
PF16967	TcfC
PF01840	TCL1_MTCP1
PF10452	TCO89
PF03634	TCP
PF07202	Tcp10_C
PF05794	Tcp11
PF05946	TcpA
PF21497	TcpC-like_C
PF12648	TcpE
PF06340	TcpF
PF10671	TcpQ
PF17456	TcpS
PF03638	TCR
PF14944	TCRP1
PF11628	TCR_zetazeta
PF01970	TctA
PF07331	TctB
PF03401	TctC
PF03645	Tctex-1
PF07773	TCTN_DUF1619
PF00838	TCTP
PF17084	TDA11
PF29527	TDA7_beta-sheet
PF16135	TDBD
PF03347	TDH
PF21229	TdIF1_2nd
PF20910	TDP-43_C
PF18694	TDP-43_N
PF30318	TdpA
PF27500	TdpA_C
PF15683	TDRP
PF01285	TEA
PF15238	TEADIR3
PF22884	Tea_C
PF24236	Tea_helical
PF22889	Tea_mid
PF07404	TEBP_beta
PF22236	TEBP_OB2-like
PF21696	TECR_N
PF09300	Tecti-min-caps
PF19193	Tectonin
PF08341	TED
PF29364	TED6
PF26764	TEDa_beta
PF14970	TEDC1
PF20610	TED_2
PF07678	TED_complement
PF29496	Teflon_C
PF29491	Teflon_middle
PF29169	Teflon_N
PF12818	Tegument_dsDNA
PF03848	TehB
PF09313	TehB-like
PF03148	Tektin
PF05816	TelA
PF09470	Telethonin
PF20849	TelK_muzzle
PF22853	TelK_N
PF20818	TelK_stirrup
PF25320	TELO2_ARM
PF12009	Telomerase_RBD
PF10193	Telomere_reg-2
PF24784	Temptin_C
PF12658	Ten1
PF15490	Ten1_2
PF03070	TENA_THI-4
PF23538	Teneurin_ABD
PF05733	Tenui_N
PF04876	Tenui_NCP
PF05310	Tenui_NS3
PF03300	Tenui_NS4
PF06656	Tenui_PVC2
PF06484	Ten_N
PF25021	TEN_NHL
PF11474	TEN_TERT
PF25023	TEN_YD-shell
PF21412	TEP1_CUB2
PF05386	TEP1_N
PF05472	Ter
PF05099	TerB
PF15101	TERB2
PF15615	TerB_C
PF13208	TerB_N
PF03741	TerC
PF02342	TerD
PF16772	TERF2_RBM
PF03354	TerL_ATPase
PF20441	TerL_nuclease
PF22530	Terminase-T7_RNaseH-like
PF03592	Terminase_2
PF04466	Terminase_3
PF17288	Terminase_3C
PF05119	Terminase_4
PF06056	Terminase_5
PF23931	Terminase_6
PF17289	Terminase_6C
PF03237	Terminase_6N
PF25673	Terminase_7
PF29551	Terminus
PF01397	Terpene_synth
PF03936	Terpene_synth_C
PF19086	Terpene_syn_C_2
PF22412	TerS_C
PF21434	TerS_N
PF21201	Tertiapin
PF21399	TERT_C
PF17984	TERT_thumb
PF15616	TerY_C
PF08034	TES
PF08076	TetM_leader
PF13972	TetR
PF21626	TetR-C_39
PF11401	Tetrabrachion
PF08187	Tetradecapep
PF00335	Tetraspanin
PF02909	TetR_C_1
PF16295	TetR_C_10
PF16859	TetR_C_11
PF16914	TetR_C_12
PF16925	TetR_C_13
PF21993	TetR_C_13_2
PF17754	TetR_C_14
PF17918	TetR_C_15
PF17920	TetR_C_16
PF17922	TetR_C_17
PF17923	TetR_C_18
PF17924	TetR_C_19
PF08361	TetR_C_2
PF17925	TetR_C_20
PF17926	TetR_C_21
PF17928	TetR_C_22
PF17931	TetR_C_23
PF17932	TetR_C_24
PF17933	TetR_C_25
PF17934	TetR_C_26
PF17935	TetR_C_27
PF17937	TetR_C_28
PF17938	TetR_C_29
PF08362	TetR_C_3
PF17939	TetR_C_30
PF17940	TetR_C_31
PF19344	TetR_C_32
PF13305	TetR_C_33
PF17929	TetR_C_34
PF18556	TetR_C_35
PF18598	TetR_C_36
PF18665	TetR_C_37
PF19352	TetR_C_38
PF21303	TetR_C_39
PF08359	TetR_C_4
PF21306	TetR_C_40
PF21351	TetR_C_41
PF21542	TetR_C_42
PF21597	TetR_C_43
PF21776	TetR_C_44
PF21935	TetR_C_45
PF21943	TetR_C_46
PF08360	TetR_C_5
PF21256	TetR_C_5-like
PF13977	TetR_C_6
PF14246	TetR_C_7
PF14278	TetR_C_8
PF14514	TetR_C_9
PF22604	TetR_HI_0893_C
PF00440	TetR_N
PF22568	Tet_C_40
PF12851	Tet_JBP
PF08050	Tet_res_leader
PF26846	Tevenvirinae_ADPRT
PF15219	TEX12
PF15186	TEX13
PF15326	TEX15
PF15553	TEX19
PF28911	TEX26
PF15839	TEX29
PF30385	TEX2_N
PF15400	TEX33
PF24787	TEX47
PF28972	TEX50
PF31275	TEX51
PF17819	Tex55
PF22706	Tex_central_region
PF09371	Tex_N
PF16921	Tex_YqgF
PF24614	Tf2-1_C
PF22254	TFA2_E-tether
PF18121	TFA2_Winged_2
PF03849	Tfb2
PF18307	Tfb2_C
PF03850	Tfb4
PF06331	Tfb5
PF17110	TFB6
PF12612	TFCD_C
PF03153	TFIIA
PF02751	TFIIA_gamma_C
PF02268	TFIIA_gamma_N
PF00382	TFIIB
PF18542	TFIIB_C_1
PF22108	TFIIB_C_2
PF02269	TFIID-18kDa
PF02291	TFIID-31kDa
PF03847	TFIID_20kDa
PF04494	TFIID_NTD2
PF11521	TFIIE-A_C
PF02002	TFIIE_alpha
PF02186	TFIIE_beta
PF05793	TFIIF_alpha
PF02270	TFIIF_beta
PF17683	TFIIF_beta_N
PF22110	TFIIIA_zf-C2H2
PF12657	TFIIIC_delta
PF10419	TFIIIC_sub6
PF07500	TFIIS_M
PF31031	TFIP11_C
PF04994	TfoX_C
PF04993	TfoX_N
PF27470	TfpB
PF04253	TFR_dimer
PF07812	TfuA
PF14601	TFX_C
PF03299	TF_AP-2
PF28539	TF_C
PF03529	TF_Otx
PF16683	TGase_elicitor
PF02495	TGBp3
PF26060	TGFBR3_N
PF00688	TGFb_propeptide
PF00019	TGF_beta
PF08515	TGF_beta_GS
PF18250	Tgi2PP
PF20085	TGL
PF11476	TgMIC1
PF11992	TgpA_N
PF02824	TGS
PF01702	TGT
PF14809	TGT_C1
PF14810	TGT_C2
PF04858	TH1
PF15514	ThaI
PF05485	THAP
PF08768	THAP4_heme-bd
PF22824	THAP9_C
PF00314	Thaumatin
PF18362	THB
PF25444	THBD
PF22767	ThcOx
PF14789	THDPS_M
PF14790	THDPS_N
PF14805	THDPS_N_2
PF24756	THD_CWZF3-5-7
PF14912	THEG
PF15834	THEG4
PF20754	Thermo-DBP
PF10015	ThermoDBP-RP_arch
PF05317	Thermopsin
PF00763	THF_DHG_CYH
PF02882	THF_DHG_CYH_C
PF04446	Thg1
PF14413	Thg1C
PF06454	THH1_TOM1-3_dom
PF01946	Thi4
PF22141	Thiaminase-1_dom
PF22156	Thiaminase_I-like_N
PF01910	Thiamine_BP
PF09515	Thia_YuaJ
PF13667	ThiC-associated
PF01964	ThiC_Rad_SAM
PF17792	ThiD2
PF00899	ThiF
PF05690	ThiG
PF02568	ThiI
PF22025	ThiI_fer
PF17124	ThiJ_like
PF10120	ThiN
PF00975	Thioesterase
PF02803	Thiolase_C
PF22691	Thiolase_C_1
PF00108	Thiolase_N
PF01289	Thiol_cytolysin
PF17440	Thiol_cytolys_C
PF00321	Thionin
PF28677	Thionin_like_N
PF19409	Thiopep_pre
PF00085	Thioredoxin
PF26957	Thioredoxin-like_C
PF26973	Thioredoxin-like_DJC16_2nd
PF26968	Thioredoxin-like_DJC16_3rd
PF26959	Thioredoxin-like_N
PF26981	Thioredoxin-like_PDI
PF17991	Thioredoxin_10
PF18078	Thioredoxin_11
PF18400	Thioredoxin_12
PF18401	Thioredoxin_13
PF18402	Thioredoxin_14
PF18403	Thioredoxin_15
PF18569	Thioredoxin_16
PF21873	Thioredoxin_17
PF13098	Thioredoxin_2
PF13192	Thioredoxin_3
PF13462	Thioredoxin_4
PF13743	Thioredoxin_5
PF13848	Thioredoxin_6
PF13899	Thioredoxin_7
PF13905	Thioredoxin_8
PF14595	Thioredoxin_9
PF03190	Thioredox_DsbH
PF24541	Thioredox_PDIA6_C
PF24470	Thiored_Isochorism
PF02597	ThiS
PF14453	ThiS-like
PF28077	THIVI_2564
PF09512	ThiW
PF21275	Thi_PPkinase_C
PF18592	Tho1_MOS11_C
PF11262	Tho2
PF11732	Thoc2
PF16134	THOC2_N
PF05615	THOC7
PF09432	THP2
PF24857	THR4_C
PF15440	THRAP3_BCLAF1
PF06738	ThrE
PF12821	ThrE_2
PF09396	Thrombin_light
PF29901	THR_C
PF00585	Thr_dehydrat_C
PF29903	THR_M
PF29904	THR_N
PF14821	Thr_synth_N
PF20016	ThsA_Macro
PF08937	ThsB_TIR
PF24310	THSD1_D2
PF24311	THSD1_D3
PF24306	THSD1_N
PF04163	Tht1
PF06283	ThuA
PF02926	THUMP
PF18096	Thump_like
PF23188	THU_Piezo1
PF17070	Thx
PF02511	Thy1
PF11264	ThylakoidFormat
PF02223	Thymidylate_kin
PF00303	Thymidylat_synt
PF08198	Thymopoietin
PF01290	Thymosin
PF00086	Thyroglobulin_1
PF16597	Thyroglob_assoc
PF29239	ThyX_C
PF21417	TH_ACT
PF29894	TIAF1
PF18385	Tiam_CC_Ex
PF08489	TiaS_FLD
PF22641	TiaS_TCKD
PF21129	TibC_1st
PF16940	Tic110
PF16166	TIC20
PF04278	Tic22
PF06200	tify
PF01833	TIG
PF31230	TIGD5_C
PF29968	Tiggrin_M
PF29966	Tiggrin_N
PF18020	TIG_2
PF17960	TIG_plexin
PF20144	TIG_SUH
PF01826	TIL
PF12714	TILa
PF09179	TilS
PF22132	TilS-like
PF11734	TilS_C
PF28558	TilS_SCL
PF22897	TIL_2
PF25962	TIL_OTOGL_Mucin
PF00121	TIM
PF23916	TIM-barrel_EndoS
PF25506	TIM-barrel_MTC6
PF23845	TIM-barrel_NCTSP
PF30912	TIM141_C
PF29083	TIM14_N
PF30914	TIM14_N_euk
PF02466	Tim17
PF08294	TIM21
PF10171	Tim29
PF04280	Tim44
PF11711	Tim54
PF04821	TIMELESS
PF05029	TIMELESS_C
PF00965	TIMP
PF30542	TimP_toxic
PF28340	TIN1
PF28643	Tincar_TM
PF14973	TINF2_N
PF08623	TIP120
PF14980	TIP39
PF04176	TIP41
PF06068	TIP49
PF17856	TIP49_C
PF16753	Tipalpha
PF07739	TipAS
PF28027	TipC
PF16972	TipE
PF12457	TIP_N
PF01582	TIR
PF13676	TIR_2
PF18567	TIR_3
PF07489	Tir_receptor_C
PF03549	Tir_receptor_M
PF07490	Tir_receptor_N
PF04553	Tis11B_N
PF24154	Tis1_ImmP
PF13939	TisB_toxin
PF01108	Tissue_fac
PF09042	Titin_Z
PF00265	TK
PF18237	Tk-SP_N-pro
PF15041	TKTI1
PF20995	Tla3_C
PF11394	Tla3_N
PF03219	TLC
PF07534	TLD
PF10908	Tlde1_dom
PF24322	Tle3
PF11678	Tle3_C
PF03920	TLE_N
PF24316	Tli3
PF18426	Tli4_C
PF18443	Tli4_N
PF11845	Tll0287-like
PF21865	TLN1-like_RS
PF19824	Tlp
PF06088	TLP-20
PF18313	TLP1_add_C
PF17968	Tlr3_TMD
PF00429	TLV_coat
PF26978	TM-like_N
PF26971	TM-like_Thioredoxin-like_C
PF21699	TM1266-like
PF14985	TM140
PF08973	TM1506
PF14512	TM1586_NiRdase
PF05154	TM2
PF25452	TM225
PF10149	TM231
PF17685	TM250
PF13886	TM7S3_TM198
PF11176	Tma16
PF26729	TMA17_helical
PF09072	TMA7
PF07810	TMC
PF08351	TmcA_N
PF15844	TMCCDC2
PF14992	TMCO5
PF30746	TMCO6
PF24357	TMD0_ABC
PF24097	TMD_POM152
PF16311	TMEM100
PF15111	TMEM101
PF07092	TMEM106
PF21002	TMEM106_N
PF14995	TMEM107
PF15759	TMEM108
PF30689	TMEM116
PF15113	TMEM117
PF15724	TMEM119
PF07851	TMEM120A-B
PF15109	TMEM125
PF07114	TMEM126
PF23408	TMEM126_like
PF20517	TMEM127
PF20479	TMEM128
PF29721	TMEM129_C
PF29720	TMEM129_N
PF12371	TMEM131_like_N
PF23039	TMEM132_3rd
PF15706	TMEM132_C
PF15705	TMEM132_N
PF15982	TMEM135_C_rich
PF14935	TMEM138
PF15110	TMEM141
PF07857	TMEM144
PF21892	TMEM145_N
PF14857	TMEM151
PF15102	TMEM154
PF15106	TMEM156
PF27962	TMEM158
PF27853	TMEM160
PF14808	TMEM164
PF15052	TMEM169
PF10190	TMEM170A_B
PF15471	TMEM171
PF15029	TMEM174
PF06736	TMEM175
PF29156	TMEM177
PF14770	TMEM18
PF21885	TMEM181_GOLD
PF27923	TMEM183_C
PF15100	TMEM187
PF15431	TMEM190
PF15194	TMEM191C
PF14802	TMEM192
PF15122	TMEM206
PF05620	TMEM208_SND2
PF15195	TMEM210
PF15192	TMEM213
PF10151	TMEM214
PF15746	TMEM215
PF25810	TMEM218_N
PF14940	TMEM219
PF15071	TMEM220
PF15877	TMEM232
PF10639	TMEM234
PF15383	TMEM237
PF15125	TMEM238
PF15841	TMEM239
PF15207	TMEM240
PF15444	TMEM247
PF15158	TMEM249
PF15190	TMEM251
PF15664	TMEM252
PF14934	TMEM254
PF09772	Tmem26
PF28495	TMEM260_2
PF11028	TMEM260_N
PF15837	TMEM262
PF28754	TMEM275
PF29362	TMEM31
PF03661	TMEM33_Pom33
PF15108	TMEM37
PF15817	TMEM40
PF07787	TMEM43
PF15345	TMEM51
PF14979	TMEM52
PF15105	TMEM61
PF24394	TMEM62_C
PF10507	TMEM65
PF06979	TMEM70
PF15121	TMEM71
PF16054	TMEM72
PF29006	TMEM81_C
PF15816	TMEM82
PF21901	TMEM87A-B_GOLD
PF27917	TMEM88
PF15098	TMEM89
PF31127	TMEM8_b-sand
PF15203	TMEM95
PF28128	TMEM98_N
PF03647	Tmemb_14
PF10268	Tmemb_161AB
PF10269	Tmemb_185A
PF09771	Tmemb_18A
PF10160	Tmemb_40
PF09788	Tmemb_55A
PF05434	Tmemb_9
PF10267	Tmemb_cc2
PF11044	TMEMspv1-c74-12
PF05915	TMEM_230_134
PF12329	TMF_DNA_bd
PF12325	TMF_TATA_bd
PF16038	TMIE
PF28919	TMIGD3_C
PF06234	TmoB
PF05017	TMP
PF02581	TMP-TENI
PF10271	Tmp39
PF06791	TMP_2
PF20155	TMP_3
PF24622	TMP_4
PF24165	TMP_C
PF24164	TMP_N
PF25904	Tmrp11_N
PF08409	TMTC_DUF1736
PF00721	TMV_coat
PF21314	TM_ErbB1
PF04982	TM_HPP
PF16296	TM_PBP2_N
PF25471	TM_PetC
PF26083	TM_Tm6sf2
PF08721	Tn7_Tnp_TnsA_C
PF08722	Tn7_TnsA-like_N
PF11426	Tn7_TnsC_Int
PF09035	Tn916-Xis
PF08053	Tna_leader
PF00229	TNF
PF05527	TNFAIP8
PF28896	TNFRSF18_N
PF18422	TNFR_16_TM
PF00020	TNFR_c6
PF23091	TNFR_ELAPOR1_6th
PF28791	TNFR_grnd_CRD
PF25314	TNFR_nem
PF28883	TNFSF4_N
PF05621	TniB
PF27887	TNIP1_N
PF06527	TniQ
PF21788	TNP-like_GBD
PF21789	TNP-like_RNaseH_C
PF21787	TNP-like_RNaseH_N
PF05717	TnpB_IS66
PF28119	TnpC_reg
PF14198	TnpV
PF14202	TnpW
PF17490	Tnp_22_dsRBD
PF17489	Tnp_22_trimer
PF30517	Tnp_cyano_C
PF14706	Tnp_DNA_bind
PF30413	Tnp_IS1634_N
PF30445	Tnp_IS2_N
PF30461	Tnp_IS30_N
PF30374	Tnp_IS481_C
PF12017	Tnp_P_element
PF12596	Tnp_P_element_C
PF27736	TNR19_TNFR_Cys_second
PF16608	TNRC6-PABC_bdg
PF29687	TnsB_2nd
PF29688	TnsB_C
PF27165	TnsB_N
PF15978	TnsD
PF18623	TnsE_C
PF14021	TNT
PF03898	TNV_CP
PF22744	Toast-rack_PspC-Cterm
PF17115	Toast_rack_N
PF03459	TOBE
PF08402	TOBE_2
PF12857	TOBE_3
PF05271	Tobravirus_2B
PF11886	TOC159_MAD
PF14249	Tocopherol_cycl
PF04765	TOD1_MUCI70
PF22050	Toddler
PF27581	TOE2_C
PF27592	TOE2_M
PF27570	TOF-1-like_helical
PF28295	TOG_MAP3K1
PF12549	TOH_N
PF06519	TolA
PF16331	TolA_bind_tri
PF15869	TolB_like
PF04052	TolB_N
PF03349	Toluene_X
PF08219	TOM13
PF06552	TOM20_plant
PF04281	Tom22
PF10568	Tom37
PF11801	Tom37_C
PF10642	Tom5
PF27930	TOM5_2
PF17112	Tom6
PF15184	TOM6p
PF08038	Tom7
PF05318	Tombus_movement
PF03220	Tombus_P19
PF08500	Tombus_P33
PF20896	ToMV_Hel_N
PF13103	TonB_2
PF03544	TonB_C
PF00593	TonB_dep_Rec_b-barrel
PF16031	TonB_N
PF21338	Top1B_N_bact
PF21180	TOP6A-Spo11_Toprim
PF18000	Top6b_C
PF21298	TopBP1_BRCT0
PF09239	Topo-VIb_trans
PF21616	Topo-V_HhH_2_2nd
PF01131	Topoisom_bac
PF01028	Topoisom_I
PF02919	Topoisom_I_N
PF22409	TopoV_HHH
PF28728	Topo_CTD_bact
PF14370	Topo_C_assoc
PF20768	Topo_VI_alpha
PF01751	Toprim
PF13155	Toprim_2
PF13362	Toprim_3
PF13662	Toprim_4
PF16898	TOPRIM_C
PF13342	Toprim_Crpt
PF13368	Toprim_C_rpt
PF19310	TOP_N
PF21376	TOR1A_C
PF24713	TOR1L1_C
PF24714	TOR1L1_N
PF29414	TorC_3rd
PF12886	TORC_C
PF12885	TORC_M
PF12884	TORC_N
PF06309	Torsin
PF21689	TorS_sensor_domain
PF16131	Torus
PF23006	Tor_FN3_1st
PF21468	Tor_FN3_2nd
PF03231	Tospov_NS-S_N
PF01533	Tospo_nucleocap
PF29128	TOST1
PF05518	Totivirus_coat
PF09121	Tower
PF15633	Tox-ART-HYD1
PF15634	Tox-ART-HYE1
PF15636	Tox-GHH
PF15635	Tox-GHH2
PF15656	Tox-HDC
PF15657	Tox-HNH-EHHH
PF15637	Tox-HNH-HHH
PF15638	Tox-MPTase2
PF15639	Tox-MPTase3
PF15640	Tox-MPTase4
PF15641	Tox-MPTase5
PF15642	Tox-ODYAM1
PF13665	Tox-PAAR-like
PF15643	Tox-PL-2
PF15645	Tox-PLDMTX
PF15646	Tox-REase-2
PF15647	Tox-REase-3
PF15648	Tox-REase-5
PF15649	Tox-REase-7
PF15650	Tox-REase-9
PF15651	Tox-SGS
PF15652	Tox-SHH
PF15653	Tox-URI2
PF15654	Tox-WTIP
PF22771	ToxA_barrel
PF20178	ToxA_N
PF18224	ToxB_N
PF14424	Toxin-deaminase
PF15659	Toxin-JAB1
PF05431	Toxin_10
PF07473	Toxin_11
PF07740	Toxin_12
PF07822	Toxin_13
PF07829	Toxin_14
PF07906	Toxin_15
PF07945	Toxin_16
PF08086	Toxin_17
PF08087	Toxin_18
PF08088	Toxin_19
PF00451	Toxin_2
PF08089	Toxin_20
PF08091	Toxin_21
PF08092	Toxin_22
PF08093	Toxin_23
PF08094	Toxin_24
PF08095	Toxin_25
PF08097	Toxin_26
PF08099	Toxin_27
PF08115	Toxin_28
PF08116	Toxin_29
PF00537	Toxin_3
PF08117	Toxin_30
PF08119	Toxin_31
PF08120	Toxin_32
PF08121	Toxin_33
PF08396	Toxin_34
PF10530	Toxin_35
PF10550	Toxin_36
PF11415	Toxin_37
PF00706	Toxin_4
PF05294	Toxin_5
PF05453	Toxin_6
PF05980	Toxin_7
PF07365	Toxin_8
PF02819	Toxin_9
PF22133	Toxin_BN_H
PF21947	Toxin_cobra-type
PF10753	Toxin_GhoT_OrtT
PF07951	Toxin_R_bind_C
PF07953	Toxin_R_bind_N
PF26137	Toxin_SdpC
PF00087	Toxin_TOLIP
PF11584	Toxin_ToxA
PF07952	Toxin_trans
PF26319	Toxin_trans_Wo
PF11663	Toxin_YhaV
PF13958	ToxN_toxin
PF21609	Toxofilin-like_dom
PF17323	ToxS
PF22404	ToxT_N
PF29212	TP0088
PF30314	TP013X
PF30731	TP0183_N
PF29224	TP0260_1st
PF29223	TP0260_3rd
PF29245	Tp0368
PF29184	TP0422
PF29215	TP0443
PF20740	TP0453
PF29230	TP0546_4th
PF29243	Tp0577_N
PF29205	Tp0624_2nd
PF29206	Tp0624_N
PF29199	TP0693_C
PF27299	TP0873_N
PF29248	TP0900_4th
PF29246	Tp0900_N
PF29193	TP0910_C
PF29296	TP096X_C
PF27489	TP096X_N
PF02079	TP1
PF01254	TP2
PF15331	TP53IP5
PF04406	TP6A_N
PF29225	TPASS_0648_2nd
PF12642	TpcC
PF28826	TpcD-like_N
PF14811	TPD
PF24068	TPD1_C
PF04201	TPD52
PF24480	TPGS1_C
PF13868	TPH
PF16823	tPilZ
PF15338	TPIP1
PF04265	TPK_B1_binding
PF04263	TPK_catalytic
PF28631	TPLATE_C
PF28665	TPLATE_Ig
PF05724	TPMT
PF04536	TPM_phosphatase
PF30510	TPM_phosphatase_C
PF10341	TPP1
PF12580	TPPII
PF12583	TPPII_C
PF21316	TPPII_GBD
PF21223	TPPII_Ig-like-1
PF02775	TPP_enzyme_C
PF00205	TPP_enzyme_M
PF16582	TPP_enzyme_M_2
PF02776	TPP_enzyme_N
PF25785	TPR
PF27737	TPR-like_Epg5
PF27738	TPR-like_Epg5_mid
PF20308	TPR-S
PF21889	TPR1-like_2nd
PF00515	TPR_1
PF13374	TPR_10
PF13414	TPR_11
PF13424	TPR_12
PF13428	TPR_14
PF13429	TPR_15
PF13432	TPR_16
PF13431	TPR_17
PF13512	TPR_18
PF14559	TPR_19
PF07719	TPR_2
PF14561	TPR_20
PF09976	TPR_21
PF18833	TPR_22
PF23275	TPR_23
PF23276	TPR_24
PF23279	TPR_25
PF23280	TPR_26
PF23310	TPR_27
PF23325	TPR_28
PF07720	TPR_3
PF24603	TPR_30
PF07721	TPR_4
PF12688	TPR_5
PF13174	TPR_6
PF13176	TPR_7
PF13181	TPR_8
PF13371	TPR_9
PF27483	TPR_AlgK
PF25773	TPR_ANAPC2
PF25153	TPR_AP5Z1
PF25154	TPR_AP5Z1_C
PF25245	TPR_At1g68980
PF25360	TPR_ATM
PF26719	TPR_Atp25_C
PF26717	TPR_BPH1
PF25575	TPR_BSK1_C
PF25782	TPR_CAND1
PF23914	TPR_CcmH_CycH
PF25571	TPR_CCP1_N
PF25439	TPR_CFAP46_N
PF25503	TPR_CHK1
PF23953	TPR_COPA_B
PF26718	TPR_CUL9
PF26167	TPR_DDX60
PF25570	TPR_DENND3
PF25757	TPR_DNAAF5
PF23554	TPR_DOCK
PF28208	TPR_DOCK9
PF24601	TPR_DOP1
PF26706	TPR_DOP1B
PF24597	TPR_DOP1_M
PF24293	TPR_Edg1
PF23723	TPR_EDRF1
PF23878	TPR_ELP1
PF22890	TPR_EMC2
PF26103	TPR_Epg5
PF26573	TPR_Epg5_2
PF26106	TPR_Epg5_C
PF25110	TPR_ESP1
PF25113	TPR_ESP1_2nd
PF29931	TPR_FimV
PF23774	TPR_GEMI5
PF23758	TPR_HPS5
PF23757	TPR_HPS5_insect
PF24762	TPR_IF140-IFT172
PF24760	TPR_IF140_C
PF25768	TPR_IFT121
PF25295	TPR_IFT122
PF23387	TPR_IFT80_172
PF25574	TPR_IMB1
PF25756	TPR_INTS8
PF26722	TPR_INTS8_2
PF26725	TPR_INTS8_3
PF25758	TPR_IPO11
PF25780	TPR_IPO5
PF25808	TPR_LAA1_C
PF23557	TPR_leprecan
PF17874	TPR_MalT
PF07926	TPR_MLP1_2
PF26720	TPR_Mybbp1a
PF29814	TPR_Myxo
PF25789	TPR_NAA35
PF26702	TPR_NOC4
PF24885	TPR_NPHP3
PF23354	TPR_NUP160_120_M
PF23347	TPR_Nup160_C
PF23558	TPR_P4H
PF25761	TPR_PATROL1
PF23356	TPR_PEP5_VPS11
PF26724	TPR_PRD1
PF30216	TPR_PRD1_C
PF30261	TPR_PRD1_N
PF31234	TPR_Psidin_N
PF25573	TPR_PSMD3_N
PF25580	TPR_Rlf
PF25576	TPR_RNF123
PF25766	TPR_RPAP1
PF26713	TPR_RPO41_N
PF30047	TPR_SaeB
PF12931	TPR_Sec16
PF24575	TPR_Slam
PF28151	TPR_STT4
PF28559	TPR_SusR
PF25567	TPR_SYO1
PF25563	TPR_SYVN1_N
PF25577	TPR_TAF2_C
PF25781	TPR_TEX10
PF25474	TPR_TmcB
PF24138	TPR_TNPO3_IPO13_2nd
PF24140	TPR_TNPO3_IPO13_3rd
PF24139	TPR_TNPO3_IPO13_4th
PF26251	TPR_TRAPPC9-Trs120
PF25579	TPR_TRIP12_N
PF25150	TPR_Trm732
PF25151	TPR_Trm732_C
PF24176	TPR_TTI1_2nd
PF26245	TPR_TTI1_2nd_yeast
PF24181	TPR_TTI1_C
PF24173	TPR_TTI1_N
PF01347	TPR_Vitellogenin
PF23556	TPR_Vps41
PF12816	TPR_Vps8
PF25066	TPR_VPS8_2
PF23753	TPR_WDR11
PF25170	TPR_WDR35
PF26714	TPR_XPO6_C
PF25795	TPR_XPO7
PF30154	TPR_YpiA
PF30153	TPR_YpiA_C
PF25569	TPR_ZFYVE26
PF25572	TPR_ZSWIM8
PF05860	TPS
PF03151	TPT
PF06886	TPX2
PF12214	TPX2_importin
PF27194	TP_0008
PF27388	TP_0021_N
PF27362	TP_0070
PF29795	TP_0123_C
PF29796	TP_0123_N
PF27340	TP_0126
PF29827	TP_0150
PF27359	TP_0179
PF27487	TP_0183_C
PF30234	TP_0208_C
PF30233	TP_0208_N
PF27208	TP_0214
PF29817	TP_0245
PF27414	TP_0324_N
PF30105	TP_0391_C
PF29801	TP_0432
PF27399	TP_0437
PF27476	TP_0454_C
PF29701	TP_0454_N
PF27335	TP_0481_C
PF29812	TP_0552
PF29227	TP_0564_1st
PF29226	TP_0564_2nd
PF29228	TP_0564_3rd
PF30168	TP_0579
PF27395	TP_0584_C
PF29670	TP_0584_N
PF27485	TP_0593_N
PF29818	TP_0597
PF29788	TP_0598_N
PF30112	TP_0629
PF30315	TP_0666
PF30313	TP_0677
PF27420	TP_0679
PF27400	TP_0700
PF29819	TP_0747_C
PF27497	TP_0747_N
PF27498	TP_0752_M
PF29810	TP_0763
PF29940	TP_0772
PF30316	TP_0777
PF27332	TP_0781
PF29747	TP_0783
PF17131	TP_0789-like
PF27435	TP_0813_N
PF27427	TP_0855_C
PF27421	TP_0855_helical
PF27440	TP_0927
PF27392	TP_0929_3rd
PF29783	TP_0976_N
PF27391	TP_0983
PF26342	TP_1001_2nd
PF00590	TP_methylase
PF18202	TQ
PF11052	Tr-sialidase_C
PF21985	TR61B_FKBP-like
PF02343	TRA-1_regulated
PF20175	Tra1_central
PF20206	Tra1_ring
PF27591	TRA2_4th
PF27573	TRA2_C
PF27590	TRA2_helical
PF27572	TRA2_N
PF05513	TraA
PF28214	TraA-like
PF22807	TrAA12
PF29196	TraB_C
PF01963	TraB_PrgY_gumN
PF07820	TraC
PF26593	TraC-like
PF11130	TraC_F_IV
PF06412	TraD
PF20694	TRADD-like_N
PF09034	TRADD_N
PF27712	TraD_b_g-type
PF27461	TraD_C
PF12615	TraD_N
PF05309	TraE
PF13728	TraF
PF21355	TRAF-mep_MATH
PF21341	TRAF2_zf
PF21363	TRAF3_RING
PF18048	TRAF6_Z2
PF21366	TRAFD1-XIAF1_ZnF
PF13729	TraF_2
PF16673	TRAF_BIRC3_bd
PF23651	TRAF_BTBD17
PF12696	TraG-D_C
PF07916	TraG_N
PF06122	TraH
PF06871	TraH_2
PF22351	TraH_VirB8-like
PF22287	TraI-like_C
PF07514	TraI_2
PF18340	TraI_2B
PF07515	TraI_2_C
PF07057	TraI_C
PF22232	TraI_hel_assoc_N
PF22863	TraI_middle
PF27685	TraJ
PF20739	TraK_2
PF23536	TraK_C
PF06586	TraK_N
PF07178	TraL
PF13150	TraL_transposon
PF01938	TRAM
PF18693	TRAM_2
PF03798	TRAM_LAG1_CLN8
PF11507	Transcript_VP30
PF04949	Transcrip_act
PF01709	Transcrip_reg
PF02458	Transferase
PF00405	Transferrin
PF06495	Transformer
PF27668	Transforming_StpA_StpB
PF00927	Transglut_C
PF01841	Transglut_core
PF13369	Transglut_core2
PF13471	Transglut_core3
PF14400	Transglut_i_TM
PF00868	Transglut_N
PF09017	Transglut_prok
PF00912	Transgly
PF06737	Transglycosylas
PF04226	Transgly_assoc
PF02780	Transketolase_C
PF22613	Transketolase_C_1
PF00456	Transketolase_N
PF02779	Transket_pyr
PF01818	Translat_reg
PF01997	Translin
PF09799	Transmemb_17
PF00905	Transpeptidase
PF28576	Transporter_C
PF28574	Transporter_N
PF11431	Transport_MerF
PF01359	Transposase_1
PF02371	Transposase_20
PF02992	Transposase_21
PF02994	Transposase_22
PF03017	Transposase_23
PF03004	Transposase_24
PF04195	Transposase_28
PF21804	Transposase_29
PF04754	Transposase_31
PF00872	Transposase_mut
PF12508	Transposon_TraM
PF13963	Transpos_assoc
PF02133	Transp_cyt_pur
PF18791	Transp_inhibit
PF04236	Transp_Tc5_C
PF00576	Transthyretin
PF16805	Trans_coact
PF00486	Trans_reg_C
PF20109	Trans_reg_dom
PF10626	TraO
PF07296	TraP
PF05404	TRAP-delta
PF07074	TRAP-gamma
PF04051	TRAPP
PF23652	TRAPP14_C
PF15806	TRAPP14_N
PF12739	TRAPPC-Trs85
PF30303	TRAPPC10-Trs130_NTS
PF23036	TRAPPC10_1st
PF12584	TRAPPC10_C
PF29907	TRAPPC11_N
PF23643	TRAPPC13_C
PF23647	TRAPPC13_M
PF06159	TRAPPC13_N
PF08626	TRAPPC9-Trs120
PF03896	TRAP_alpha
PF05753	TRAP_beta
PF09679	TraQ
PF12988	TraQ_transposon
PF10624	TraS
PF31086	TraSA_N
PF24273	TRASH_HVO_1752_C
PF24900	TRASH_ZMYM4
PF05818	TraT
PF06834	TraU
PF08164	TRAUB
PF09676	TraV
PF28212	TraW-like
PF12477	TraW_N
PF05857	TraX
PF28070	TraX-like
PF05509	TraY
PF05261	Tra_M
PF04956	TrbC
PF09673	TrbC_Ftype
PF11100	TrbE
PF07283	TrbH
PF03743	TrbI
PF09677	TrbI_Ftype
PF20084	TrbK
PF04610	TrbL
PF19478	TrbL_2
PF19590	TrbL_3
PF19597	TrbL_4
PF19511	TrbL_5
PF07424	TrbM
PF13705	TRC8_N
PF03461	TRCF
PF29544	Trcg1_M
PF06242	TrcR
PF03546	Treacle
PF00088	Trefoil
PF01204	Trehalase
PF29200	Trehalase_C
PF07492	Trehalase_Ca-bi
PF02358	Trehalose_PPase
PF06151	Trehalose_recp
PF19291	TREH_N
PF28092	Treh_trans_TtfA
PF09710	Trep_dent_lipo
PF09605	Trep_Strep
PF15292	Treslin_M
PF21854	Treslin_N
PF21855	Treslin_STD
PF27036	TreT-like_N
PF24691	TreTu_C
PF21269	TreT_GT1
PF08558	TRF
PF07042	TrfA
PF05438	TRH
PF24465	Tri-helical
PF24533	Tri-helical_Ada2b_C
PF22664	TRI-like_N
PF06609	TRI12
PF07428	Tri3
PF23135	TRI4_N
PF06330	TRI5
PF08195	TRI9
PF03973	Triabin
PF05197	TRIC
PF05892	Tricho_coat
PF26550	Tricorn_2nd
PF14684	Tricorn_C1
PF26549	Tricorn_N
PF17798	TRIF-NTD
PF05698	Trigger_C
PF05697	Trigger_N
PF08954	Trimer_CC
PF25600	TRIM_CC
PF23563	TRIP13_N
PF23134	TRIP4_3rd
PF15168	TRIQK
PF26750	Triquetra_S-S
PF30864	TRIR
PF28914	Trissin
PF24689	TriTu
PF02080	TrkA_C
PF02254	TrkA_N
PF18613	TrkA_TMD
PF02386	TrkH
PF13146	TRL
PF02005	TRM
PF27381	TRM10_Arch_C
PF27379	TRM10_Arch_N
PF27369	TRM10_C
PF27368	TRM10_N
PF27710	TRM10_TRM10A
PF03966	Trm112p
PF05206	TRM13
PF02475	TRM5-TYW2_MTfase
PF01994	Trm56
PF18093	Trm5_N
PF26523	Trm732_C
PF30361	TRM82_WD
PF01978	TrmB
PF31112	TrmB-TrmBL1_EBD_C
PF11495	TrmB_EBD_N
PF10396	TrmE_N
PF14801	TrmI-like_N
PF30410	TrmJ_C
PF04816	TrmK
PF18389	TrmO_C
PF01980	TrmO_N
PF26958	tRNA-like_Thioredoxin-liek
PF00133	tRNA-synt_1
PF00579	tRNA-synt_1b
PF00749	tRNA-synt_1c
PF03950	tRNA-synt_1c_C
PF20974	tRNA-synt_1c_C2
PF00750	tRNA-synt_1d
PF01406	tRNA-synt_1e
PF01921	tRNA-synt_1f
PF09334	tRNA-synt_1g
PF13603	tRNA-synt_1_2
PF00152	tRNA-synt_2
PF00587	tRNA-synt_2b
PF01411	tRNA-synt_2c
PF01409	tRNA-synt_2d
PF02091	tRNA-synt_2e
PF16995	tRNA-synt_2_TM
PF13393	tRNA-synt_His
PF08915	tRNA-Thr_ED
PF17654	Trnau1ap
PF01336	tRNA_anti-codon
PF12869	tRNA_anti-like
PF13742	tRNA_anti_2
PF01588	tRNA_bind
PF13725	tRNA_bind_2
PF17176	tRNA_bind_3
PF18490	tRNA_bind_4
PF04414	tRNA_deacylase
PF04073	tRNA_edit
PF01974	tRNA_int_endo
PF02778	tRNA_int_endo_N
PF12928	tRNA_int_end_N2
PF22355	tRNA_int_end_N3
PF08302	tRNA_lig_CPD
PF08303	tRNA_lig_kinase
PF01746	tRNA_m1G_MT
PF03054	tRNA_Me_trans
PF20258	tRNA_Me_trans_C
PF20259	tRNA_Me_trans_M
PF13735	tRNA_NucTran2_2
PF09249	tRNA_NucTransf2
PF07973	tRNA_SAD
PF17759	tRNA_synthFbeta
PF04558	tRNA_synt_1c_R1
PF04557	tRNA_synt_1c_R2
PF02092	tRNA_synt_2f
PF05958	tRNA_U5-meth_tr
PF28111	Trnsprt_adja_ssu
PF02583	Trns_repr_metal
PF03250	Tropomodulin
PF00261	Tropomyosin
PF00992	Troponin
PF11636	Troponin-I_N
PF05731	TROVE
PF06011	TRP
PF02081	TrpBP
PF25508	TRPM2
PF28284	TrpM_modulator
PF16519	TRPM_tetra
PF17099	TrpP
PF08344	TRP_2
PF03301	Trp_dioxygenase
PF11991	Trp_DMAT
PF04820	Trp_halogenase
PF08055	Trp_leader1
PF08056	Trp_leader2
PF14558	TRP_N
PF09534	Trp_oprn_chp
PF01371	Trp_repressor
PF18669	Trp_ring
PF00290	Trp_syntA
PF03222	Trp_Tyr_perm
PF24965	TRS130_4HB
PF12500	TRSP
PF09157	TruB-C_2
PF09142	TruB_C
PF16198	TruB_C_2
PF01509	TruB_N
PF01142	TruD
PF10412	TrwB_AAD_bind
PF08751	TrwC
PF29573	TRY5_C
PF29572	TRY5_TPR
PF00913	Trypan_glycop
PF10659	Trypan_glycop_C
PF05887	Trypan_PARP
PF19493	Trypco1
PF19631	Trypco2
PF00089	Trypsin
PF13365	Trypsin_2
PF00234	Tryp_alpha_amyl
PF08248	Tryp_FSAP
PF17983	Tryp_inh
PF12319	TryThrA_C
PF03249	TSA
PF00814	TsaD
PF02367	TsaE
PF27846	tSAM_targ_Cxxx_rpt
PF30965	TSAUCER_N
PF15217	TSC21
PF01166	TSC22
PF15079	Tsc35
PF23767	TscA
PF12637	TSCPD
PF27716	Tscrpt_reg_Tri6
PF07342	TscT
PF17881	TseB
PF25218	TseH
PF26577	TSEN34_N
PF04668	Tsg
PF14994	TSGA13
PF07771	TSGP1
PF23782	Tsg_N
PF23046	tSH3-B_UBE2O
PF21565	Tsi1
PF22211	Tsi3
PF18660	Tsi6
PF11876	TsiV
PF27447	TsiV2
PF20889	TsiV3
PF15358	TSKS
PF15216	TSLP
PF22012	TSLPR_D1
PF15739	TSNAXIP1_N
PF04705	TSNR_N
PF26315	TsoX
PF27986	TSP1
PF23260	TSP1_2
PF19030	TSP1_ADAMTS
PF19035	TSP1_CCN
PF22195	TSP1_CFP_C
PF19028	TSP1_spondin
PF23308	TSP1_TSH7A-B_C
PF20894	Tsp36_N
PF18884	TSP3_bac
PF06300	Tsp45I
PF11493	TSP9
PF30661	TSPO_2
PF03073	TspO_MBR
PF00090	TSP_1
PF02412	TSP_3
PF05735	TSP_C
PF20745	TSP_Ig-like
PF17804	TSP_NTD
PF18487	TSR
PF11061	Tsr0524-like
PF22298	Tsr1_G-like
PF17541	TssC
PF15264	TSSC4
PF29553	TssC_VipB_C
PF29554	TssC_VipB_N
PF17642	TssD
PF17555	TssN
PF17561	TssO
PF17643	TssR
PF20781	TssR_C
PF20780	TssR_M
PF20782	TssR_VWA
PF23949	TSTD2_N
PF17397	TSX
PF22925	TS_C
PF22150	Tt1218-like
PF22149	Tt1219-like
PF24650	TT1_Tal
PF30989	TTC22_C
PF30990	TTC22_N
PF26117	TTC28_C
PF24525	TTC3
PF24905	TTC3_9th
PF19179	TTC3_DZIP3_dom
PF16669	TTC5_OB
PF19440	TTC7_N
PF18807	TTc_toxin_rep
PF12148	TTD
PF22190	TTHA0829-like_ACT
PF18197	TTHB210-like
PF21547	TTI1
PF10521	Tti2
PF03133	TTL
PF28682	TTMP_N
PF01060	TTR-52
PF14203	TTRAP
PF25020	TTR_TEN1-4
PF22082	TtuA_LIM_N
PF02956	TT_ORF1
PF02957	TT_ORF2-like
PF08197	TT_ORF2a
PF01167	Tub
PF23728	Tubby_C_like
PF18563	TubC_N
PF17212	Tube
PF12198	Tuberculin
PF03542	Tuberin
PF00091	Tubulin
PF00418	Tubulin-binding
PF25779	Tubulin-bind_CPAP
PF13809	Tubulin_2
PF14881	Tubulin_3
PF03953	Tubulin_C
PF22453	TubZ-like_C
PF21493	TubZ_C
PF22334	TubZ_C_2
PF22340	TubZ_C_3
PF16322	Tub_N
PF00567	TUDOR
PF11717	Tudor-knot
PF18339	Tudor_1_RapA
PF18104	Tudor_2
PF18115	Tudor_3
PF18358	Tudor_4
PF18359	Tudor_5
PF23086	Tudor_Coilin
PF29221	Tudor_FlgD_C
PF18336	Tudor_FRX1
PF22987	Tudor_KDM3B
PF24047	Tudor_krimper_1st
PF18337	Tudor_RapA
PF30463	Tuftelin_like
PF11470	TUG-UBL1
PF17840	Tugs
PF20126	TumE
PF30082	Tumorous_testis_C
PF21954	TUNAR
PF08581	Tup_N
PF07240	Turandot
PF01206	TusA
PF28489	TUSC1
PF15000	TUSC2
PF19088	TUTase
PF16631	TUTF7_u4
PF25827	TVHS-like
PF27354	TviD_N
PF04906	Tweety
PF20868	TX13_rpt
PF06110	TXD17-like_Trx
PF18711	TxDE
PF26234	TXNDC11_2nd
PF24509	TXNDC16_2nd
PF24510	TXNDC16_3rd
PF24508	TXNDC16_N
PF22551	TY-Chap1
PF22553	TY-Chap2
PF22552	TY-Chap3
PF19259	Ty3_capsid
PF29703	Ty4_C
PF29829	Ty4_M
PF29702	Ty4_N
PF01021	TYA
PF09059	TyeA
PF05711	TylF
PF03251	Tymo_45kd_70kd
PF00983	Tymo_coat
PF12564	TypeIII_RM_meth
PF21665	Type_III_SycN
PF09477	Type_III_YscG
PF09474	Type_III_YscX
PF21305	type_II_gspD_N0
PF18135	Type_ISP_C
PF06087	Tyr-DNA_phospho
PF26213	TYRAAT1_C
PF00264	Tyrosinase
PF18132	Tyrosinase_C
PF29409	Tyrosinase_inhib
PF16714	TyrRSs_C
PF02580	Tyr_Deacylase
PF21391	tyr_de_CO2_C
PF30198	Tyr_recomb_halo_M
PF26683	Tyr_recomb_halo_N
PF25132	TYW2_N
PF25133	TYW2_N_2
PF02676	TYW3
PF02217	T_Ag_DNA_bind
PF15128	T_cell_tran_alt
PF12261	T_hemolysin
PF04564	U-box
PF25998	U-box_ZFPL1
PF12220	U1snRNP70_N
PF12397	U3snoRNP10
PF08640	U3_assoc_6
PF08297	U3_snoRNA_assoc
PF10597	U5_2-snRNA_bdg
PF10596	U6-snRNA_bdg
PF17442	U62_UL91
PF17474	U71
PF03064	U79_P34
PF17465	U83
PF22040	U9-ORF
PF08449	UAA
PF14732	UAE_UbL
PF05234	UAF_Rrn10
PF14451	Ub-Mut7C
PF03658	Ub-RnfH
PF14814	UB2H
PF00627	UBA
PF16195	UBA2_C
PF21267	UBA2_UBAP-1
PF20513	UBact
PF28191	UBAP1-MVB12_assoc
PF12478	UBAP2-Lig
PF26286	UBA_10
PF08587	UBA_2
PF09288	UBA_3
PF14555	UBA_4
PF16577	UBA_5
PF18039	UBA_6
PF22562	UBA_7
PF22566	UBA_8
PF22567	UBA_9
PF21235	UBA_ARI1
PF26000	UBA_ARIH2_N
PF24767	UBA_At5g58720
PF21290	UBA_BIRC2-3
PF21115	UBA_BRSK
PF23149	UBA_Crd2
PF24899	UBA_DHX29
PF27513	UBA_DHX57_N
PF10585	UBA_E1_SCCH
PF31077	UBA_HERC2
PF16678	UBA_HOIP
PF19026	UBA_HYPK
PF21594	UBA_MELK
PF23053	UBA_N4BP1
PF23054	UBA_N4BP1_C
PF28512	UBA_N4BP2
PF24932	UBA_NBR1_C
PF28552	UBA_OTUD7A_B
PF28528	UBA_Pinta
PF24975	UBA_Rad5
PF24559	UBA_RAD5A
PF28551	UBA_RECQL1
PF26112	UBA_RNF216
PF25163	UBA_RNF31
PF28508	UBA_SDE5
PF23312	UBA_SIK3
PF28526	UBA_TNK1-sid3
PF28540	UBA_UBAP2
PF27606	UBA_Ucp12
PF23009	UBC_like
PF16455	UBD
PF01040	UbiA
PF27517	UbiB_C
PF27536	UbiB_helical
PF01977	UbiD
PF20696	UbiD_C
PF20695	UbiD_N
PF01209	Ubie_methyltran
PF29219	UbiJ_C
PF09145	Ubiq-assoc
PF09165	Ubiq-Cytc-red_N
PF00240	ubiquitin
PF14560	Ubiquitin_2
PF14836	Ubiquitin_3
PF18036	Ubiquitin_4
PF18037	Ubiquitin_5
PF23092	Ubiquitin_6
PF25565	Ubiquitin_At1g33420
PF25510	Ubiquitin_DCDC1
PF26214	Ubiquitin_GT-1
PF23567	Ubiquitin_IARS1
PF25525	Ubiquitin_PRKD1_N
PF25442	Ubiquitin_RHG40_C
PF23603	Ubiquitin_TPR1
PF25242	Ubiquitin_UBP8
PF25985	Ubiquitin_USP47_N
PF03981	Ubiq_cyt_C_chap
PF22932	Ubiq_DUF_assoc
PF26960	Ubiq_ISOC1_N
PF26970	UBL
PF23164	UBL_AVO1
PF29299	UBL_IKK
PF23326	UBL_UBAC1
PF25822	UBL_USP40
PF11816	Ubl_WDR48-Bun107
PF25327	UBL_ZFAND1
PF14377	UBM
PF14075	UBN_AB
PF23195	UBQLN1
PF24079	UBR4
PF30857	UBR4_N
PF30838	UBR4_TPR
PF30837	UBR4_Ub
PF31011	UBR7_C
PF29959	UBS1
PF00789	UBX
PF23187	UBX7_N
PF15750	UBZ_FAAP20
PF29147	UCC1_C
PF29146	UCC1_N
PF00443	UCH
PF13423	UCH_1
PF18031	UCH_C
PF16674	UCH_N
PF22900	UCH_UBL1
PF17085	UCMA
PF27690	UCP004546
PF27658	UCP005278
PF27701	UCP007319
PF27702	UCP007778
PF27703	UCP008315
PF27705	UCP010056
PF27707	UCP012943
PF27709	UCP014422
PF27664	UCP016195
PF27713	UCP018868
PF27714	UCP018938
PF27715	UCP019236
PF27718	UCP019853
PF27721	UCP020893
PF27723	UCP022260
PF27726	UCP026610
PF27665	UCP028175
PF27727	UCP028340
PF27728	UCP028438
PF27729	UCP028583
PF27730	UCP028589
PF27731	UCP029502
PF27732	UCP029505
PF27733	UCP029691
PF27747	UCP030365
PF27752	UCP030791
PF27754	UCP031277
PF27755	UCP031279
PF27765	UCP032817-like
PF27766	UCP032899
PF27768	UCP033725
PF27683	UCP034077
PF27770	UCP036055
PF02939	UcrQ
PF02271	UCR_14kD
PF08997	UCR_6-4kD
PF10399	UCR_Fe-S_N
PF02320	UCR_hinge
PF02921	UCR_TM
PF05365	UCR_UQCRX_QCR9
PF03456	uDENN
PF03167	UDG
PF20763	UDG-inhib_P56
PF18880	UDI
PF06427	UDP-g_GGTase
PF01704	UDPGP
PF00201	UDPGT
PF00984	UDPG_MGDP_dh
PF03720	UDPG_MGDP_dh_C
PF03721	UDPG_MGDP_dh_N
PF15456	Uds1
PF05743	UEV
PF08694	UFC1
PF03152	UFD1_N1
PF24842	UFD1_N2
PF10408	Ufd2P_core
PF23659	UFL1
PF25041	UFL1_C
PF03671	Ufm1
PF26560	UFSP2_MPN_insect
PF20908	UfSP2_N
PF22084	UfSP_MPN_N
PF29480	UGO_C
PF29508	UGO_N
PF24696	UGSC
PF28746	UGX2
PF02809	UIM
PF23625	UIM_2
PF02512	UK
PF11094	UL11
PF25700	UL128
PF25733	UL135
PF16758	UL141
PF25719	UL145
PF25726	UL148
PF17622	UL16
PF17640	UL17
PF08196	UL2
PF17582	UL20
PF17636	UL21a
PF10682	UL40
PF17591	UL41A
PF17638	UL42
PF05473	UL45
PF12522	UL73_N
PF25727	UL74A
PF25707	UL78
PF06734	UL97
PF16534	ULD
PF22893	ULD_2
PF22947	ULD_3
PF26374	Ulvan_lyaseC
PF26377	Ulvan_lyase_2nd
PF25841	Ulvan_lyase_C
PF25840	Ulvan_lyase_N
PF05685	Uma2
PF30297	UMAG_00792
PF29109	UMAG_10076_C
PF29110	UMAG_10076_N
PF04817	Umbravirus_LDM
PF08064	UME
PF05348	UMP1
PF28671	UMP2
PF05822	UMPH-1
PF07593	UnbV_ASPIC
PF05216	UNC-50
PF14776	UNC-79
PF05978	UNC-93
PF15435	UNC119_bdg
PF27629	UNC13_3rd
PF27630	UNC13_N
PF11701	UNC45-central
PF25609	Unc5_NetrinR_N
PF19424	UNC80
PF20262	UNC80_C
PF15778	UNC80_N
PF29149	UNC83_four_bundle
PF29152	UNC83_middle_bundle
PF29142	UNC83_N
PF27700	Uncharacterised_IM_YidI
PF15972	Unpaired
PF09720	Unstab_antitox
PF11543	UN_NPL4
PF17217	UPA
PF23679	UPA-FIIND
PF00021	UPAR_LY6
PF16975	UPAR_LY6_2
PF17809	UPA_2
PF23640	UPA_SH3BP4
PF00919	UPF0004
PF03649	UPF0014
PF01170	UPF0020
PF01893	UPF0058
PF02694	UPF0060
PF03653	UPF0093
PF02021	UPF0102
PF03657	UPF0113
PF03350	UPF0114
PF04297	UPF0122
PF03673	UPF0128
PF03677	UPF0137
PF03686	UPF0146
PF03685	UPF0147
PF03695	UPF0149
PF21748	UPF0150
PF03672	UPF0154
PF03682	UPF0158
PF03687	UPF0164
PF03691	UPF0167
PF03665	UPF0172
PF03683	UPF0175
PF17773	UPF0176_N
PF03684	UPF0179
PF03698	UPF0180
PF03701	UPF0181
PF03699	UPF0182
PF03670	UPF0184
PF05250	UPF0193
PF05254	UPF0203
PF05255	UPF0220
PF05256	UPF0223
PF05728	UPF0227
PF05727	UPF0228
PF06062	UPF0231
PF06782	UPF0236
PF06783	UPF0239
PF06784	UPF0240
PF06785	UPF0242
PF06786	UPF0253
PF06788	UPF0257
PF06790	UPF0259
PF06792	UPF0261
PF23189	UPF0261_C
PF06793	UPF0262
PF06794	UPF0270
PF08594	UPF0300
PF26303	UPF0323
PF26132	UPF0367
PF13980	UPF0370
PF27791	UPF0387_membrane
PF22583	UPF0425_C
PF26369	UPF0426
PF15475	UPF0444
PF15136	UPF0449
PF15744	UPF0492
PF11703	UPF0506
PF29080	UPF0507_helical
PF28623	UPF0508_C
PF28625	UPF0508_N
PF28624	UPF0508_PH
PF15135	UPF0515
PF15823	UPF0524
PF29453	UPF0540_At1g62060_beta
PF15086	UPF0542
PF10571	UPF0547
PF10574	UPF0552
PF10572	UPF0556
PF10573	UPF0561
PF15114	UPF0640
PF29516	UPF0653
PF17065	UPF0669
PF15772	UPF0688
PF15117	UPF0697
PF17094	UPF0715
PF15092	UPF0728
PF15827	UPF0730
PF14982	UPF0731
PF19785	UPF0738
PF20582	UPF0758_N
PF15990	UPF0767
PF18141	UPF1_1B_dom
PF09416	UPF1_Zn_bind
PF04050	Upf2
PF28951	UPK3_C
PF14681	UPRTase
PF28173	Upx-like
PF06603	UpxZ
PF20180	UQCC2_CBP6
PF15141	UQCC3
PF28735	UQCR11
PF00179	UQ_con
PF06181	Urate_ox_N
PF10441	Urb2
PF00449	Urease_alpha
PF00699	Urease_beta
PF00547	Urease_gamma
PF18473	Urease_linker
PF01774	UreD
PF05194	UreE_C
PF02814	UreE_N
PF01730	UreF
PF07168	Ureide_permease
PF04115	Ureidogly_lyase
PF25496	URGCP
PF25683	URGCP_GTPase
PF26773	URGCP_N
PF01014	Uricase
PF09138	Urm1
PF01208	URO-D
PF01175	Urocanase
PF17392	Urocanase_C
PF17391	Urocanase_N
PF07353	Uroplakin_II
PF02083	Urotensin_II
PF17617	US10
PF28936	uS15_N
PF29341	uS17m_C
PF02476	US2
PF02393	US22
PF25728	US29
PF17624	US30
PF17616	US6
PF30006	USA1_C
PF30004	USA1_M
PF30008	USA1_N
PF30009	USA1_Ub-like
PF09753	Use1
PF06233	Usg
PF21219	USH1C_N
PF10506	USHBP1_PDZ-bd
PF00577	Usher
PF17271	Usher_TcfC
PF04871	Uso1_p115_C
PF04869	Uso1_p115_head
PF28829	USOM3_Ig_like
PF00582	Usp
PF24543	Usp-48
PF16602	USP19_linker
PF25265	USP32_N
PF21246	Usp38-like_N
PF19718	USP47_C
PF14533	USP7_C2
PF12436	USP7_ICP0_bdg
PF08969	USP8_dimer
PF08941	USP8_interact
PF18792	UspA1_rep
PF10625	UspB
PF21909	USP_UIM_N
PF05722	Ustilago_mating
PF11807	UstYa
PF03253	UT
PF01099	Uteroglobin
PF03998	Utp11
PF04003	Utp12
PF08625	Utp13
PF04615	Utp14
PF09384	UTP15_C
PF20416	UTP20
PF23099	UTP20_C
PF07539	UTP20_N
PF04192	Utp21
PF24779	UTP23_sensor
PF06862	Utp25_C
PF22916	UTP25_NTPase-like
PF24892	UTP6_C
PF10395	Utp8_b_propeller
PF22542	Utp8_C
PF07702	UTRA
PF28458	UTS2B
PF29782	UU032
PF27360	UU048
PF29768	UU051_C
PF27304	UU051_N
PF24160	UVB_sens_C
PF04884	UVB_sens_prot
PF03851	UvdE
PF02151	UVR
PF17755	UvrA_DNA-bind
PF17760	UvrA_inter
PF12344	UvrB
PF27431	UvrB_3rd
PF17757	UvrB_inter
PF27096	UvrC_M
PF22920	UvrC_RNaseH
PF08459	UvrC_RNaseH_dom
PF00580	UvrD-helicase
PF13361	UvrD_C
PF13538	UvrD_C_2
PF20867	UVSSA_N
PF11637	UvsW-1
PF21241	UvsW_N
PF11056	UvsY
PF02614	UxaC
PF16257	UxaE
PF11803	UXS1_N
PF03786	UxuA
PF23683	U_exon
PF03223	V-ATPase_C
PF03179	V-ATPase_G
PF16999	V-ATPase_G_2
PF11698	V-ATPase_H_C
PF03224	V-ATPase_H_N
PF23489	V-ATPase_su_f
PF21608	V-cyclin_C
PF07686	V-set
PF15910	V-set_2
PF08204	V-set_CD47
PF05008	V-SNARE
PF12352	V-SNARE_C
PF01639	v110
PF21507	V18-19
PF03402	V1R
PF08983	V1R_C
PF02830	V4R
PF29876	VAB2
PF12755	Vac14_Fab1_bd
PF11916	Vac14_Fig4_bd
PF17321	Vac17
PF12751	Vac7
PF02691	VacA
PF03077	VacA2
PF29188	VacA_C
PF02346	Vac_Fusion
PF09783	Vac_ImportDeg
PF15310	VAD1-2
PF26829	ValRS_modifier
PF10458	Val_tRNA-synt_C
PF11437	Vanabin-2
PF19112	VanA_C
PF19018	Vanin_C
PF04294	VanW
PF02557	VanY
PF04892	VanZ-LLP1
PF23719	VapB
PF02697	VAPB_antitox
PF09957	VapB_antitoxin
PF26343	VapC50_C
PF05272	VapE-like_dom
PF29905	VapE_N
PF05316	VAR1
PF14383	VARLMGL
PF05827	VAS1_LD
PF15337	Vasculin
PF11319	VasI
PF12486	VasL
PF14822	Vasohibin
PF08776	VASP_tetra
PF16016	VASt
PF20249	VasX_N
PF18716	VATC
PF01992	vATP-synt_AC39
PF01991	vATP-synt_E
PF01505	Vault
PF17794	Vault_2
PF17795	Vault_3
PF17796	Vault_4
PF18495	VbhA
PF08913	VBS
PF23742	VBS_C3G9
PF11993	VC2046
PF04018	VCA0040-like
PF20792	VCD
PF18315	VCH_CASS14
PF19437	VCIP135_N
PF22778	VCPO_2nd
PF17897	VCPO_N
PF27193	VcrB
PF15231	VCX_VCY
PF08476	VD10_N
PF07137	VDE
PF31273	VDLT_N
PF09733	VEFS-Box
PF06257	VEG
PF27240	VEGFA
PF21339	VEGFR-1-like_Ig-like
PF17988	VEGFR-2_TMD
PF22854	VEGFR1-3_N_Ig-like
PF14554	VEGF_C
PF24700	Vein_beta-barrel
PF12107	VEK-30
PF10339	Vel1p
PF11754	Velvet
PF28379	VerG_N
PF11386	VERL
PF25272	VERL_C
PF30298	Verrocchio
PF28388	Vertnin_mid
PF06546	Vert_HS_TF
PF06529	Vert_IL3-reg_TF
PF28973	VerU2
PF28221	VerU3_C
PF29327	VERU3_N
PF12785	VESA1_N
PF06326	Vesiculo_matrix
PF05332	Vesi_VP2
PF15505	Vexin
PF12632	Vezatin
PF09905	VF530
PF08432	Vfa1
PF28034	VF_A0006
PF25310	VG15
PF25743	VG27
PF24684	Vgb_lyase
PF08473	VGCC_alpha2
PF12052	VGCC_beta4Aa_N
PF30994	VGF
PF15245	VGLL4
PF16799	VGPC1_C
PF07545	Vg_Tdu
PF01847	VHL
PF17211	VHL_C
PF02209	VHP
PF04001	Vhr1
PF00790	VHS
PF30736	VHS2_MLF3
PF30376	ViaA_N
PF04702	Vicilin_N
PF22364	VID
PF08553	VID27
PF17748	VID27_N
PF17747	VID27_PH
PF30130	VID28_C
PF30127	VID28_N
PF00559	Vif
PF14773	VIGSSK
PF23380	VIN3_C
PF01044	Vinculin
PF21124	VinK_C
PF14623	Vint
PF18234	VioE
PF12495	Vip3A_N
PF05943	VipB
PF18945	VipB_2
PF22140	VipD-like_C
PF20876	VipE
PF22575	Vir1p
PF01771	Viral_alk_exo
PF04530	Viral_Beta_CD
PF00729	Viral_coat
PF08008	Viral_cys_rich
PF02236	Viral_DNA_bi
PF00747	Viral_DNA_bp
PF03728	Viral_DNA_Zn_bi
PF11050	Viral_env_E26
PF26255	Viral_env_HRPV
PF25741	Viral_FcR
PF01443	Viral_helicase1
PF03225	Viral_Hsp90
PF05515	Viral_NABP
PF04521	Viral_P18
PF02407	Viral_Rep
PF12187	VirArc_Nuclease
PF05101	VirB3
PF27097	VirB4_TrbE_N
PF17413	VirB7
PF04335	VirB8
PF07015	VirC1
PF07181	VirC2
PF07328	VirD1
PF09266	VirDNA-topo-I_N
PF12189	VirE1
PF07229	VirE2
PF06661	VirE3
PF11653	VirionAssem_T7
PF06057	VirJ
PF06903	VirK
PF13769	Virulence_fact
PF13310	Virulence_RhuM
PF10139	Virul_Fac
PF03631	Virul_fac_BrkB
PF10400	Vir_act_alpha_C
PF15912	VIR_N
PF08487	VIT
PF01988	VIT1
PF09164	VitD-bind_III
PF10542	Vitelline_membr
PF29934	Vitellogenin_N
PF02621	VitK2_biosynth
PF13757	VIT_2
PF09175	Vit_b-sht_shell
PF09172	Vit_open_b-sht
PF22777	VKGC_lumenal_dom
PF07884	VKOR
PF26571	VldE
PF29012	VLP4_domain
PF07122	VLPT
PF11712	Vma12
PF09446	VMA21
PF21730	Vma22_CCDC115
PF20028	VMAP-C
PF19916	VMAP-M0
PF19963	VMAP-M1
PF20015	VMAP-M12
PF20018	VMAP-M14
PF20017	VMAP-M15
PF20021	VMAP-M18
PF20022	VMAP-M19
PF19965	VMAP-M2
PF20019	VMAP-M20
PF19966	VMAP-M4
PF19967	VMAP-M5
PF19968	VMAP-M7
PF19969	VMAP-M8
PF19970	VMAP-M9
PF01660	Vmethyltransf
PF08456	Vmethyltransf_C
PF27639	VMP1_C
PF17055	VMR2
PF00695	vMSA
PF24397	VNG_1110C
PF25216	Volactin
PF03517	Voldacs
PF00654	Voltage_CLC
PF29321	Vomeromodulin_C
PF03762	VOMI
PF27963	VOPP1_C
PF27964	VOPP1_N
PF20793	VopS_N
PF29201	VOZ_C
PF28235	VOZ_N
PF21416	VP1-like_C
PF22024	VP16-like
PF22210	VP17_central_barrel
PF00740	VP1_2
PF20855	VP1_protrusion
PF06281	VP1_VP3
PF23370	Vp20_capsid
PF28910	VP214_bundle
PF23371	Vp24_capsid
PF23369	Vp25_capsid
PF05801	VP2_lagovir
PF26064	VP3
PF18965	VP3-like
PF08935	VP4_2
PF00426	VP4_haemagglut
PF17478	VP4_helical
PF20807	VP5
PF00434	VP7
PF09625	VP9
PF28121	VPA1267
PF28206	Vpar_1526
PF18205	VPDSG-CTERM
PF27847	VPEID-CTERM
PF20915	VPg
PF00522	VPR
PF12451	VPS11_C
PF23266	VPS11_N
PF25037	VPS13_C
PF25033	VPS13_M
PF12624	VPS13_N
PF25036	VPS13_VAB
PF04840	Vps16_C
PF04841	Vps16_N
PF26148	VPS18_RING_C
PF28736	VPS18_solenoid_1st
PF28737	VPS18_solenoid_2nd
PF09454	Vps23_core
PF03643	Vps26
PF21356	Vps27_GAT-like
PF03997	VPS28
PF03635	Vps35
PF30377	VPS35L_C
PF27614	VPS35L_N
PF16988	Vps36-NZF-N
PF11605	Vps36_ESCRT-II
PF17649	VPS38
PF12955	Vps3844_C
PF10366	Vps39_1
PF29745	VPS3_C
PF29748	VPS3_N
PF09336	Vps4_C
PF09325	Vps5
PF08700	VPS51_Exo84_N
PF20655	Vps52_C
PF04129	Vps52_CC
PF16854	VPS53_C
PF04100	Vps53_N
PF07928	Vps54
PF10475	Vps54_N
PF04133	Vps55
PF06101	Vps62
PF29961	VPS71_M
PF25157	Vps8_C_schizo
PF02204	VPS9
PF20161	VpsR
PF21155	VpsT-like_REC
PF00558	Vpu
PF26597	VPxxxP-CTERM_ARCH
PF11475	VP_N-CPKC
PF05678	VQ
PF27762	VraC
PF28153	VraH
PF17412	VraX
PF21769	vRNAP_dom
PF21867	vRNAP_dom_2
PF21624	vRNAP_plug
PF03538	VRP1
PF08774	VRR_NUC
PF29633	VSE2
PF13206	VSG_B
PF03302	VSP
PF27192	VspR_C
PF27213	VspR_N
PF03852	Vsr
PF25011	VSR_TRX
PF28389	VSTM5_C
PF04652	Vta1
PF18097	Vta1_C
PF09359	VTC
PF29060	VTC5_C
PF22100	VtrA_C
PF22280	VtrC
PF25479	Vts1
PF09335	VTT_dom
PF20973	VUPS
PF27761	VUP_C
PF02592	Vut_1
PF28055	VVA0879
PF29436	VviA
PF00092	VWA
PF10138	vWA-TerF-like
PF23610	VWA7_4
PF25107	VWA7_N
PF14624	Vwaint
PF13519	VWA_2
PF13768	VWA_3
PF18571	VWA_3_C
PF25106	VWA_4
PF05762	VWA_CoxE
PF31243	vWA_HGL2
PF12257	vWA_IML1
PF29976	vWA_LIC10012
PF08399	VWA_N
PF16164	VWA_N2
PF25045	vWA_Ro60
PF30231	vWA_Rv0959
PF24909	vWA_SIBA-E
PF00093	VWC
PF23333	VWC2L_1st
PF23334	VWC2L_2nd
PF23331	VWC2L_C
PF28672	VWC_Sas
PF00094	VWD
PF26129	Vwde
PF23244	VWF
PF12450	vWF_A
PF01496	V_ATPase_I
PF18670	V_ATPase_I_N
PF18274	V_ATPase_prox
PF05575	V_cholerae_RfbT
PF24413	W02B3_4_N
PF02020	W2
PF06176	WaaY
PF27901	WaaZ_KDO_III
PF29874	Wac
PF10537	WAC_Acf1_DNA_bd
PF12264	Waikav_capsid_1
PF08488	WAK
PF14380	WAK_assoc
PF00095	WAP
PF16997	Wap1
PF24716	WapI
PF07814	WAPL
PF29050	WAR1_C
PF31000	Warthog
PF14745	WASH-4_N
PF14746	WASH-7_C
PF14744	WASH-7_mid
PF11945	WASH_WAHD
PF25243	WAV3_C
PF07507	WavE
PF22537	WbmS-like
PF11669	WBP-1
PF09429	Wbp11
PF30497	WbpG_C
PF08889	WbqC
PF15164	WBS28
PF12589	WBS_methylT
PF20053	WC-rich
PF30438	WcaA_C
PF27321	WcaD
PF27800	WcaM
PF18588	WcbI
PF03716	WCCH
PF19913	WCOB
PF05562	WCOR413
PF25583	WCX
PF20493	WD-like_fungi
PF00400	WD40
PF19056	WD40_2
PF16300	WD40_4
PF23405	WD40_APC4_C-half
PF23407	WD40_Apc4_C_fungal
PF24807	WD40_CDC20-Fz
PF23184	WD40_CFAP43
PF25391	WD40_Gbeta
PF17005	WD40_like
PF24780	WD40_MABP1-WDR62_1st
PF24782	WD40_MABP1-WDR62_2nd
PF24814	WD40_Prp19
PF23419	WD40_RFWD3
PF25390	WD40_RLD
PF24817	WD40_WDHD1_1st
PF15390	WDCP
PF25311	WDGH
PF14077	WDR18_C
PF25602	WDR47_COR
PF21031	WDR54
PF24796	WDR55
PF24795	WDR62-MABP1_CC
PF23123	WDR72_alpha-sol
PF23342	WDR90_beta-prop_4th
PF21030	WDR93
PF23215	WD_LRWD1
PF19914	WEF-hand
PF22814	WelO5
PF05701	WEMBL
PF28419	WetA_C
PF29072	WFDC11_N
PF29104	WFDC9_N
PF10273	WGG
PF05406	WGR
PF26166	WGR-like_PARP4
PF14903	WG_beta_rep
PF00568	WH1
PF02205	WH2
PF15920	WHAMM-JMY_N
PF22977	WHD
PF21458	WHD_1st_3rd_SelB
PF14465	WHD_1st_NFRKB
PF09105	WHD_1st_SelB
PF23236	WHD_2nd_Lhr
PF25793	WHD_2nd_NFRKB
PF09106	WHD_2nd_SelB
PF21214	WHD_2nd_SelB_bact
PF29171	WHD_3
PF23235	WHD_3rd_Lhr
PF09107	WHD_3rd_SelB
PF23234	WHD_4th_Lhr
PF24913	WHD_AAA_fung
PF21296	WHD_APAF1
PF23589	WHD_AprA
PF19368	WHD_AraR
PF22166	WHD_ArnR1
PF17778	WHD_BLACT
PF25791	WHD_BREX_BrxC
PF26109	WHD_BrxR
PF09079	WHD_Cdc6
PF22094	WHD_CED4
PF25239	WHD_CHMP7
PF25880	WHD_CHMP7_1st
PF17783	WHD_CvfB
PF23216	WHD_CYT4
PF29290	WHD_C_halo
PF22164	WHD_Dark
PF26076	WHD_DDX60
PF25888	WHD_DnaB
PF17782	WHD_DprA
PF23559	WHD_DRP
PF21084	WHD_DUF4423_like
PF22665	WHD_DUF6293
PF02319	WHD_E2F_TDP
PF23713	WHD_Egal
PF25304	WHD_eIF2D
PF22194	WHD_F93
PF25889	WHD_Fungal_DR
PF25318	WHD_GDS1
PF22939	WHD_GPIID
PF24101	WHD_GTF3C1
PF23704	WHD_GTF3C1_N
PF04408	WHD_HA2
PF25947	WHD_halo_double
PF25894	WHD_HELB
PF03444	WHD_HrcA
PF22982	WHD_HRQ1
PF03882	WHD_KicB
PF19306	WHD_Lhr
PF26288	WHD_lin-66
PF25879	WHD_LYAR
PF25873	WHD_MalT
PF21100	WHD_MCM
PF23669	WHD_MCM2
PF22207	WHD_MCM3
PF23191	WHD_MCM3_C
PF21128	WHD_MCM4
PF18263	WHD_MCM6
PF24901	WHD_MCM7
PF25051	WHD_MCM8
PF21136	WHD_MUS81
PF30651	WHD_NACHT_C
PF22524	WHD_Nlrc4
PF17779	WHD_NOD2
PF21906	WHD_NrtR
PF25469	WHD_NWD1
PF18137	WHD_ORC
PF21312	WHD_ORC1
PF24882	WHD_ORC2
PF24356	WHD_PARP12
PF28603	WHD_phage_rep
PF21782	WHD_PKMT
PF25895	WHD_plant_disease
PF25874	WHD_plant_repro
PF22536	WHD_POLR3C
PF21213	WHD_PriA
PF28729	WHD_PriA_bact
PF25875	WHD_Rad26_CSB
PF28752	WHD_RecQ_mid_bact
PF27612	WHD_RepA_N
PF23582	WHD_RGF3
PF21233	WHD_RIOX1
PF25255	WHD_RNase_II
PF08461	WHD_RNase_R
PF23159	WHD_Rok
PF23282	WHD_ROQ1
PF20514	WHD_ROXA
PF05491	WHD_RuvB
PF21320	WHD_Rv2258c
PF28722	WHD_Sfc3_5th
PF23445	WHD_SNRNP200
PF25877	WHD_SOWAH
PF22165	WHD_SSO1393
PF10264	WHD_Storkhead
PF25521	WHD_TANC1
PF07106	WHD_TBPIP
PF21552	WHD_TFC3
PF24812	WHD_TTC3
PF22960	WHD_UBR1
PF25870	WHD_UFL1_5th
PF31145	WHD_WYL_N
PF30336	WHD_YfjI_C
PF18972	Wheel
PF00458	WHEP-TRS
PF14414	WHH
PF26763	Whi3-like_N
PF08528	Whi5
PF10298	WhiA_N
PF02467	Whib
PF31153	Whib_int
PF15612	WHIM1
PF08536	Whirly
PF24408	wHTH-Calcineurin_assc
PF24410	wHTH-HSP90_Na-assoc
PF24409	wHTH-PRTase_assc
PF30176	wHTH_Par
PF28553	WH_1
PF26491	WH_Halo
PF26462	WH_Halo_primase
PF26433	WH_HI_0096
PF10357	WH_KIN17
PF07107	WI12
PF02019	WIF
PF21662	WipA_N
PF21663	WipA_Phos
PF28487	WIP_coiled_coil
PF29412	WIR1
PF26581	WIT1_2_N
PF23017	WIV_2
PF22532	WIV_dom
PF22533	WIV_dom_3
PF10440	WIYLD
PF10180	WKF
PF20853	WKTW_rpt
PF26605	WLGC
PF08325	WLM
PF06664	WLS-like_TM
PF21883	WLS_GOLD
PF07861	WND
PF00110	wnt
PF26484	WNWW
PF08186	Wound_ind
PF13943	WPP
PF08879	WRC
PF03106	WRKY
PF30196	WRM1_C
PF30195	WRM1_N
PF15017	WRNPLPNID
PF10206	WRW
PF22772	WsaF_C
PF21374	WsaF_N
PF01822	WSC
PF15613	WSD
PF03832	WSK
PF20023	WSLR
PF02206	WSN
PF12175	WSS_VP
PF06974	WS_DGAT_C
PF03007	WS_DGAT_cat
PF02165	WT1
PF17098	Wtap
PF03303	WTF
PF14043	WVELL
PF00397	WW
PF08258	WWamide
PF25802	WWC1
PF02825	WWE
PF22005	WWE_1
PF23463	WWE_2
PF23464	WWE_3
PF23466	WWE_4
PF23467	WWE_5
PF26920	WWFGPP
PF18507	WW_1
PF23518	WW_2
PF16623	WW_FCH_linker
PF17890	WW_like
PF23517	WW_TCERG1
PF20625	WW_USP8
PF09688	Wx5_PLAF3D7
PF06013	WXG100
PF25547	WXG100_2
PF13731	WxL
PF11797	WxLIP_HBD
PF06030	WxLIP_PGBD
PF12779	WXXGXW
PF13280	WYL
PF10902	WYL_2
PF18488	WYL_3
PF08608	Wyosine_form
PF18412	Wza_C
PF23607	WZC_N
PF14524	Wzt_C
PF06899	WzyE
PF04932	Wzy_C
PF11846	Wzy_C_2
PF02706	Wzz
PF07483	W_rich_C
PF00739	X
PF20410	X-Tfes_XVIPCD
PF22058	X25_BaPul_like
PF07983	X8
PF30217	X92_C
PF30215	X92_N
PF26642	XAC0095_dom
PF28133	XAC1
PF18608	XAF1_C
PF29501	XAGE1
PF29079	XanC_C
PF00860	Xan_ur_permease
PF04921	XAP5
PF13478	XdhC_C
PF02625	XdhC_CoxI
PF09412	XendoU
PF27453	XepA
PF06955	XET_C
PF03894	XFP
PF09363	XFP_C
PF09364	XFP_N
PF03254	XG_FTase
PF03469	XH
PF10779	XhlA
PF04555	XhoI
PF08043	Xin
PF27132	XisAC_2nd
PF27551	XisAC_N
PF08814	XisH
PF08869	XisI
PF09815	XK-related
PF29755	XkdV_3rd
PF27308	XkdV_N
PF09636	XkdW
PF31027	XKR4_C
PF09302	XLF
PF21928	XLF_CC
PF00193	Xlink
PF23982	XM1_gp53_minor_capsid
PF21041	XMAP215_CLASP_TOG
PF09109	Xol-1_GHMP-like
PF09108	Xol-1_N
PF14440	XOO_2897-deam
PF28067	XopA_Hpa1
PF20817	XopL_C
PF28169	XopP
PF20800	Xp10_P7
PF05181	XPA_C
PF01286	XPA_N
PF24482	XPB_C
PF18458	XPB_DRD
PF09280	XPC-binding
PF22139	XPD_arch
PF00867	XPG_I
PF12813	XPG_I_2
PF00752	XPG_N
PF08389	Xpo1
PF28490	XPO4
PF28060	XpsN
PF01834	XRCC1_N
PF06632	XRCC4
PF21925	XRCC4_C
PF21924	XRCC4_CC
PF20432	Xre-like-HTH
PF23125	Xre-MbcA-ParS_M
PF23124	Xre_MbcA_ParS-like_N
PF09722	Xre_MbcA_ParS_C
PF27749	XRI1_C
PF18332	XRN1_D1
PF18334	XRN1_D2_D3
PF18245	XRN1_DBM
PF17846	XRN_M
PF03159	XRN_N
PF28783	XRRA1_C
PF19977	xRRM
PF28117	XrtH_assoc
PF28242	XrtV
PF03468	XS
PF11952	XTBD
PF14298	XusB
PF27526	XylA2_C
PF12529	Xylo_C
PF06505	XylR_N
PF02162	XYPPX
PF01797	Y1_Tnp
PF27527	Y2009_N
PF27539	Y2318_C
PF04986	Y2_Tnp
PF28637	Y3IP1_CEST_C
PF30988	Y3IP1_CEST_N
PF27345	Y4bG_N
PF27477	Y4bO_3rd
PF27501	Y4fE
PF29790	Y4iN
PF14455	Y4jH-like
PF27262	y4jL_C
PF27146	Y4jL_N
PF27260	Y4jQ
PF29744	Y4jQ_C
PF29937	Y4kA
PF27295	Y4kD_C
PF27210	Y4kK_2nd
PF27160	Y4kK_N
PF27176	Y4lF
PF29938	Y4lG
PF27494	Y4lK
PF27207	Y4lR_2nd
PF27203	Y4lR_C
PF29756	Y4lR_N
PF27402	Y4mA_C
PF27403	Y4mA_N
PF29185	Y4nK_C
PF27437	Y4oE
PF27155	Y4rL_C
PF29760	y4wI_C
PF23893	Y4YQ_C
PF27811	Y80K_N
PF14175	YaaC
PF28473	YaaT_C
PF06156	YabA
PF04690	YABBY
PF24868	YABBY_N
PF30421	YabI_C
PF07873	YabP
PF10686	YAcAr
PF03884	YacG
PF03895	YadA_anchor
PF05658	YadA_head
PF05662	YadA_stalk
PF09811	Yae1_N
PF07152	YaeQ
PF17219	YAF2_RYBP
PF13957	YafO_toxin
PF15738	YafQ_toxin
PF25851	YafT
PF26434	YAG7_C
PF27151	YagJ
PF11726	YagK_YfjJ_C
PF16362	YaiA
PF19413	YaiO
PF30452	YaiT_N
PF02699	YajC
PF04461	YajQ
PF21987	YajR_YAM
PF29455	YAL037W_C
PF29454	YAL037W_N
PF30311	YALI
PF13308	YARHG
PF02575	YbaB_DNA_bd
PF10757	YbaJ
PF26610	YbbD_head
PF07949	YbbR
PF07102	YbcO
PF17725	YBD
PF02130	YbeY
PF30169	YbfB
PF21015	Ybfg_C
PF13982	YbfN
PF13985	YbgS
PF08173	YbgT_YccB
PF23495	YbgU
PF11076	YbhQ
PF11045	YbjM
PF10722	YbjN
PF10767	YbjO_DH-like
PF01906	YbjQ_1
PF23025	YbjQ_2
PF23028	YbjQ_3
PF29268	YBL008W-A
PF17104	YBL010C_LAA2
PF10338	YBL028C_N
PF29033	YBL029W_C
PF30121	YBL039W-B
PF29700	YBR085C_A_C
PF23484	YBR126W-A
PF29160	YBR138C_C
PF29267	YBR200W-A
PF23485	YBR230W-A
PF30201	YBR259W_C
PF30199	YBR259W_M
PF30200	YBR259W_N
PF29621	YbyB
PF02624	YcaO
PF18381	YcaO_C
PF08664	YcbB
PF03733	YccF
PF13993	YccJ
PF08755	YccV-like
PF29186	YcdU_C
PF30474	YcdU_N
PF02620	YceD
PF02618	YceG
PF14266	YceG_bac
PF04264	YceI
PF21378	YceM-like_C
PF05758	Ycf1
PF10705	Ycf15
PF30135	YCF15-A
PF05695	Ycf2
PF10718	Ycf34
PF02392	Ycf4
PF10674	Ycf54
PF07444	Ycf66_N
PF17382	Ycf70
PF31141	Ycf73
PF27675	YCF81_N
PF01737	Ycf9
PF17088	YCF90
PF05666	YcgJ
PF05166	YcgL
PF06071	YchF-GTPase_C
PF17775	YchJ_M-like
PF21612	YchJ_N
PF30369	YchO_Ig
PF03795	YCII
PF29766	YciX
PF26518	YciY
PF23675	YciZ
PF30172	YcnL
PF27516	YCO2
PF29506	YCR043C
PF14317	YcxB
PF26310	YczF
PF29602	YczO
PF27493	YdaE
PF15943	YdaS_toxin
PF06254	YdaT_toxin
PF29405	YdaU_C
PF11739	YdbH-like
PF09159	Ydc2-catalyt
PF27300	YdcA
PF27667	YdcC
PF29813	YddC
PF29733	YddI
PF27484	YdeH_helical
PF27223	YdeJ
PF27432	YdfE_C
PF27430	YdfE_N
PF14001	YdfZ
PF18657	YDG
PF07338	YdgH_BhsA-like
PF28593	YdgU
PF23502	YdgV
PF08803	ydhR
PF30338	YdhS_M
PF27195	YdhT_N
PF27264	YdhW_C
PF15930	YdiH
PF04794	YdjC
PF04307	YdjM
PF14169	YdjO
PF27149	YdjY
PF29929	YDL129W_helical
PF29100	YDL157C
PF29779	YDL180W
PF29704	YDL186W
PF27522	YDMC
PF21652	YDR124W_N
PF28950	YDR249C_C
PF28949	YDR249C_N
PF17745	Ydr279_N
PF29175	YDR381CA
PF29870	YDR417C
PF29581	YDR476C_C
PF09207	Yeast-kill-tox
PF03366	YEATS
PF13995	YebF
PF07130	YebG
PF13974	YebO
PF21150	YebU_pre-PUA_dom
PF10709	YebY
PF06185	YecM
PF13992	YecR
PF23680	YecU
PF13987	YedD
PF27174	YeeD
PF27347	YeeR_C
PF27694	YegR
PF19279	YegS_C
PF29395	YehI_2nd
PF30238	YehK
PF31033	YehL_C
PF30366	YehQ_4HB
PF30365	YehQ_C
PF30392	YehY_N
PF13989	YejG
PF29692	YEL028W_C
PF29323	YEL043W_FN3
PF29308	YEL043W_helical
PF29492	YER188W_C
PF29493	YER188W_N
PF14150	YesK
PF20730	YetF_N
PF04634	YezG-like
PF09906	YfaP_C
PF30407	YfaP_N
PF07437	YfaZ
PF12034	YfbK_C
PF30162	YfbN_C
PF27222	YfbO
PF30107	YfbP_C
PF30106	YfbP_N
PF12917	YfbR-like
PF03887	YfbU
PF08891	YfcL
PF27133	YfdI_N
PF27127	YfdP
PF29660	YfdS_N
PF29769	YfdT_C
PF30451	YfdT_N
PF10938	YfdX
PF07037	YfeC-like
PF14151	YfhD
PF14152	YfhE
PF09586	YfhO
PF29897	YfhP_C
PF29898	YfhP_M
PF27145	YfhS
PF13525	YfiO
PF30287	YfjB_2nd
PF30227	YfjB_N
PF30286	YfjC
PF24911	YfjL_C
PF25425	YfjL_N
PF30459	YfjR_link
PF20494	YfjS_YafY
PF27224	YfjT
PF28002	YfjT_2
PF08756	YfkB
PF14167	YfkD
PF29773	YfkS
PF11181	YflT
PF10787	YfmQ
PF14118	YfzA
PF14182	YgaB
PF29608	YgaN
PF11127	YgaP-like_TM
PF11756	YgbA_NO
PF02542	YgbB
PF30390	YgfK_N
PF21130	YgfZ_barrel
PF04320	YggL_50S_bp
PF27458	YgjJ
PF21152	YgjK_N
PF01863	YgjP-like
PF28567	YGL041W_C
PF29869	YGL117W
PF28989	YGL138C_N
PF23480	YGL204C
PF27147	YGL2_N
PF29887	YGR016C-A
PF30149	YGR130C_C
PF30150	YGR130C_N
PF30204	YGR168C
PF08438	YGR210-like_G4
PF29270	YGR240C-A
PF22339	YgxA-like_sub_bind
PF25847	YgzA
PF29759	YhaL
PF30414	YhaO_M
PF30412	YhaZ_C
PF30471	YhbX_N
PF06250	YhcG_C
PF14148	YhdB
PF13116	YhdP
PF17444	YhdX
PF10086	YhfC
PF10832	YhfG
PF14149	YhfH
PF26353	YhfM
PF22475	YhfS-like_C
PF10797	YhfT
PF21279	YhfX-like_C
PF14503	YhfZ_C
PF07947	YhhN
PF30439	YhhZ_N
PF23514	YhiY
PF26325	YhjD
PF23530	YHR052C-B
PF29266	YHR086W-A
PF30126	YHR127W_C
PF30125	YHR127W_N
PF29807	YHR131C_N
PF04945	YHS
PF14240	YHYH
PF14120	YhzD
PF26302	YhzF
PF05360	YiaAB
PF30368	YiaV_TM
PF30446	YibD_C
PF07907	YibE_F
PF29902	YibE_N
PF22870	YibX
PF23515	YibY
PF08340	YicC-like_C
PF03755	YicC-like_N
PF29281	YicI_C
PF27428	YicS
PF20159	YidB
PF14849	YidC_periplas
PF01809	YidD
PF27265	YidX_N
PF14045	YIEGIA
PF21835	YIEGIA_cap
PF03878	YIF1
PF04220	YihI
PF09500	YiiD_C
PF03475	YiiM_3-alpha
PF30028	YIL055C_C
PF30026	YIL055C_N
PF30202	YIL152W_C
PF29693	YIL161W
PF04893	Yip1
PF29331	YIPF3_C
PF28233	YIPF3_N
PF03226	Yippee-Mis18
PF02588	YitT_membrane
PF27185	YizD
PF27200	YjaZ
PF11106	YjbE
PF11102	YjbF
PF06082	YjbH
PF01894	YjbQ
PF04237	YjbR
PF17089	YjbT
PF15940	YjcB
PF27204	YjcN
PF09639	YjcQ
PF13990	YjcZ
PF09680	YjcZ_2
PF27479	YjdH
PF03831	YjdM
PF28054	YjdP
PF03853	YjeF_N
PF15922	YjeJ
PF14070	YjfB_motility
PF14588	YjgF_endoribonc
PF09857	YjhX_toxin
PF06568	YjiS-like
PF27205	YjiT_2nd
PF29791	YjiT_3rd
PF30458	YjiT_4th
PF27201	YjiT_N
PF30425	YjiV_C
PF27116	YjiV_N
PF11230	YjjI-like
PF30348	YjjJ_M
PF29691	YJL043W_N
PF30329	YJL133C-A_C
PF10287	YJL171C_Tos1_C
PF10290	YJL171C_Tos1_N
PF29918	YJR011C
PF30291	YJR039W_C
PF30290	YJR039W_M
PF30281	YJR039W_N
PF14168	YjzC
PF30225	YjzJ
PF29944	YjzK
PF24878	YkcB_C
PF28062	YkgR
PF23686	YkiC
PF23521	YKL023C-A
PF23488	YKL065W-A
PF23478	YKL104W-A
PF25989	YknX_C
PF26313	YkoA
PF07615	Ykof
PF22790	YkoP
PF28449	YKP1_C
PF28450	YKP1_N
PF17447	YkpC
PF30210	YKR005C_N
PF30070	YKR011C_M
PF30069	YKR011C_N
PF03734	YkuD
PF13645	YkuD_2
PF10388	YkuI_C
PF12996	YkvP_N
PF10368	YkyA
PF14177	YkyB
PF27419	YkzB
PF29789	YkzE
PF27544	YkzI
PF29627	YkzP
PF27074	YkzS
PF29726	YkzT
PF27189	YkzU
PF05764	YL1
PF08265	YL1_C
PF10777	YlaC
PF14036	YlaH
PF20303	YLATT
PF14071	YlbD_coat
PF14003	YlbE
PF23688	YlcJ
PF23689	YldA
PF22009	YLDV-IL18BP-like
PF10799	YliH
PF29279	YLL006W-A
PF29523	YLL032C_C
PF29524	YLL032C_N
PF21278	YlmH_1st
PF17774	YlmH_RBD
PF02757	YLP
PF11068	YlqD
PF31206	YLR049C_C
PF29129	YLR108C_C
PF23482	YLR146W-A
PF29276	YLR154C-G
PF29085	YLR157C-C
PF29269	YLR285C-A
PF04296	YlxR
PF14035	YlzJ
PF12788	YmaF
PF29611	YmaG
PF15939	YmcE_antitoxin
PF23641	YmcF-like
PF27184	YmdA
PF13277	YmdB
PF21232	Yme1-like_N
PF29161	YMF1
PF02326	YMF19
PF06449	YMF19_C
PF30251	YmfE
PF10798	YmgB
PF16456	YmgD
PF28058	YmgF
PF28591	YmgI
PF28592	YmgJ
PF23691	YmgL
PF23693	YmgM
PF22868	YmiA-like
PF23694	YmiC
PF23497	YmiD
PF23692	YmjE
PF29278	YML054C-A
PF28871	YMR124W_C
PF29360	YMR187C_C
PF29570	YMR252C
PF25108	YMR265C_C
PF27163	YmtS_Ross
PF25846	YmzB
PF14157	YmzC
PF27475	YnaE
PF27331	YnaG
PF23677	YnaL
PF23676	YnaM
PF21783	YNCE
PF28073	YncL
PF23695	YncO
PF27263	YndA_coil
PF14158	YndJ
PF23696	YneP
PF17452	YnfE
PF30161	YnfN
PF23697	YnfS
PF23499	YnfU
PF28012	YnhF
PF23642	YnhH-like
PF14002	YniB
PF28032	YniD-like
PF29101	YNL162W_A
PF29001	YNL193W_C
PF29002	YNL193W_middle
PF27169	YNQ2_hairpin
PF27137	YNQ4_C
PF27380	YNQ4_N
PF11503	YNR034W-A-like
PF29816	YnzI
PF28021	YoaK
PF22867	YoaL
PF14268	YoaP
PF27157	YobF_C
PF13996	YobH
PF20693	YobI-ATPase
PF27134	YobJ
PF23504	YodE
PF14191	YodL
PF27175	YodN_2nd
PF30264	YodN_C
PF27191	YodN_N
PF06769	YoeB_toxin
PF28102	YoeI-like
PF25659	YohP
PF28594	YojO
PF30256	YokC
PF14122	YokU
PF28364	YOL029C_N
PF29045	YOL036W_C
PF29271	YOL164W-A
PF27433	YolB
PF26328	YolC_YozM
PF08863	YolD
PF27069	YomF_C
PF27068	YomF_M
PF27067	YomF_N
PF24049	YOMG_N
PF29933	YomK
PF27376	YomN
PF27287	YomO
PF27455	YomR_C
PF27173	YomU_Tube
PF27211	YomV_2nd
PF30166	YomV_N
PF27256	YomW
PF27197	YomX_C
PF27289	YomX_N
PF30289	YomY
PF30165	YomZ
PF30103	YonA_C
PF30104	YonA_N
PF27364	YonB
PF30164	YonC
PF30102	YonD_C
PF27290	YonD_N
PF30177	YonE_C
PF29658	YonG_2nd
PF27316	YonG_C
PF27269	YonG_N
PF27387	YonJ_CC
PF27386	YonJ_N
PF09642	YonK
PF29824	YonP
PF27199	YonV_C
PF29654	YonV_mid
PF16697	Yop-YscD_cpl
PF16693	Yop-YscD_ppl_1st
PF21937	Yop-YscD_ppl_2nd
PF21934	Yop-YscD_ppl_3rd
PF27216	YopA_C
PF26308	YopA_M
PF05844	YopD
PF03545	YopE
PF27611	YopE-YndK
PF09020	YopE_N
PF09013	YopH_N
PF30242	YopI
PF26333	YopJ_bacilli
PF26811	YopL_AimP
PF27699	YopQ
PF09467	Yopt
PF09643	YopX
PF30312	YoqC
PF30243	YoqE
PF26349	YoqH
PF30229	YoqN
PF14037	YoqO
PF27459	YoqU
PF29273	YOR011W-A
PF29041	YOR012W_N
PF29912	YOR097C_N
PF29275	YOR381W-A
PF27492	YorE
PF27337	YorF
PF09629	YorP
PF08571	Yos1
PF17880	Yos9_DD
PF30228	YosD
PF27286	YosH_C
PF30109	YosL
PF29811	YosV
PF30288	YosW
PF27196	YoyC
PF27057	YoyE
PF14162	YozD
PF06855	YozE_SAM_like
PF27090	YozF
PF28022	YpdK
PF20769	YPEB_N
PF14620	YPEB_PepSY1-2
PF23644	YpeD-like
PF14976	YPEH2ZP
PF26378	YpfK
PF28148	YpfM
PF24124	YphA
PF27610	YphF_N
PF29285	YphG_2nd
PF14005	YpjP
PF29274	YPL038W-A
PF30230	YPL039W
PF30323	YPL068C_M
PF30005	YPL071C
PF28749	YPL108W_C
PF28750	YPL108W_N
PF27673	YPL277C_C
PF27671	YPL277C_N
PF09144	YpM
PF17431	YpmT
PF21747	YpoC
PF29158	YPP1_C
PF29151	YPP1_middle
PF29148	YPP1_N
PF14178	YppF
PF14179	YppG
PF29911	YPR027C
PF29272	YPR108W-A
PF06908	YpsA
PF27401	YpuD_C
PF27078	YpzF
PF14139	YpzG
PF14140	YpzI
PF17448	YqaH
PF09466	Yqai
PF09588	YqaJ
PF14553	YqbF
PF21488	YqbF_HeH
PF24032	YQBQ
PF08892	YqcI_YcgG
PF19842	YqeC
PF21516	YqeH-like_C
PF30431	YqeI
PF27292	YqeJ_C
PF09424	YqeY
PF27722	YqfB
PF06898	YqfD
PF23690	YqfI
PF14181	YqfQ
PF27481	YqgA_MG2
PF11036	YqgB
PF17430	YqgC
PF14639	YqgF
PF23505	YqgG
PF23506	YqgH
PF29607	YqgO
PF06014	YqgQ-like
PF21101	YqgU
PF11079	YqhG
PF23678	YqhI
PF11085	YqhR
PF21001	YqiJ_N
PF07290	YqiJ_OB
PF23507	YqiM
PF29284	YqjI_C
PF13997	YqjK
PF29775	YqxG_N
PF29653	YqxI
PF14038	YqzE
PF14164	YqzH
PF14006	YqzL
PF14141	YqzM
PF26160	YqzN_YkzM
PF10707	YrbL-PhoP_reg
PF28071	YrbN
PF29830	YRF11-like_helical
PF26653	YRGH
PF14143	YrhC
PF14145	YrhK
PF15493	YrpD
PF14184	YrvL
PF17449	YrzK
PF14142	YrzO
PF27112	YrzR_Zn_ribbon
PF13983	YsaB
PF04366	Ysc84
PF01514	YscJ_FliF
PF08345	YscJ_FliF_C
PF06578	YscK
PF07321	YscO
PF16789	YscO-like
PF09619	YscW
PF27140	YsdB
PF23700	YsdD
PF28199	YsgD
PF28018	YshB
PF04650	YSIRK_signal
PF27064	YszA
PF17090	Ytca
PF09695	YtfJ_HI0045
PF04146	YTH
PF27103	YTH3_C
PF23516	YthB
PF23685	YtiC
PF13115	YtkA
PF10355	Ytp1
PF14007	YtpI
PF26347	YtrI_C
PF26768	YtrI_N
PF27468	YtsF
PF07639	YTV
PF08812	YtxC
PF12732	YtxH
PF21106	YtxK_like
PF14165	YtzH
PF28013	YtzI
PF26326	YtzJ
PF27278	YuaE
PF30159	YuaM
PF27363	YuaX
PF20788	YuA_Gp49
PF27407	YubE
PF30110	YubG_C
PF30111	YubG_N
PF14166	YueH
PF08868	YugN
PF14068	YuiB
PF10140	YukC
PF08817	YukD
PF24585	YunG
PF15934	Yuri_gagarin
PF27320	YurS_helical
PF14039	YusW
PF06265	YutD-like
PF26344	YuzC
PF29626	YuzH
PF26135	YuzI
PF26149	YuzK
PF14115	YuzL
PF11724	YvbH_ext
PF23317	YVC1_C
PF27181	YvcA_Mog1p
PF09628	YvfG
PF30712	YvlB_C
PF12841	YvrJ
PF27474	YvzJ
PF17368	YwcE
PF14293	YWFCY
PF08741	YwhD
PF30320	YwhK_N
PF14256	YwiC
PF27472	YwmA
PF14183	YwpF
PF16888	YwqH-like
PF14431	YwqJ-deaminase
PF27152	YwrJ_3rd
PF26359	YwtC
PF26162	YwzD
PF27171	YxeC
PF27172	YxeD
PF24715	YxiF
PF24711	YxiG
PF24712	YxiG_2
PF14176	YxiJ
PF27554	YxiS
PF31267	YxxD
PF29643	YxzC
PF25184	YxzE
PF29772	YxzF
PF29646	YxzG
PF27120	YybI_C
PF14174	YycC
PF22659	YycE-like_C
PF22658	YycE-like_N
PF29809	YycH_C
PF07435	YycH_N
PF09648	YycI
PF27801	YydF
PF30101	YydJ
PF14116	YyzF
PF29498	Y_helicase_C
PF29494	Y_helicase_M
PF00102	Y_phosphatase
PF03162	Y_phosphatase2
PF13350	Y_phosphatase3
PF07495	Y_Y_Y
PF02295	z-alpha
PF10593	Z1
PF30278	Z600
PF21816	Zap1_zf1
PF18217	Zap1_zf2
PF05164	ZapA
PF06005	ZapB
PF28907	ZapB_rel
PF07126	ZapC_C
PF21083	ZapC_N
PF07072	ZapD
PF06295	ZapG-like
PF27041	ZBED1_RNase-like
PF27039	ZBED1_RNase-like_helical
PF27969	ZC21_8
PF30935	ZC2HC1C_CC
PF28918	ZC3H3_M
PF23490	ZCCHC24_C
PF08632	Zds_C
PF05928	Zea_mays_MuDR
PF28575	ZEB2_helical
PF01559	Zein
PF04576	Zein-binding
PF17646	Zemlya
PF22964	ZER1-like_2nd
PF06414	Zeta_toxin
PF10497	zf-4CXXC_R1
PF01754	zf-A20
PF07776	zf-AD
PF01428	zf-AN1
PF12861	zf-ANAPC11
PF25112	zf-AtTam37
PF02892	zf-BED
PF26664	zf-BED_2
PF00643	zf-B_box
PF25287	zf-B_box_Trim66
PF25993	zf-B_box_ZFPL1
PF25431	zf-C17orf113
PF00096	zf-C2H2
PF18658	zf-C2H2-SPIN-DOC
PF16588	zf-C2H2_10
PF16622	zf-C2H2_11
PF23230	zf-C2H2_13
PF23330	zf-C2H2_14
PF23561	zf-C2H2_15
PF23611	zf-C2H2_16
PF12756	zf-C2H2_2
PF23224	zf-C2H2_2nd_ZNF462
PF13878	zf-C2H2_3
PF18868	zf-C2H2_3rep
PF13894	zf-C2H2_4
PF21225	zf-C2H2_5
PF13912	zf-C2H2_6
PF15269	zf-C2H2_7
PF23225	zf-C2H2_7th_ZNF462
PF15909	zf-C2H2_8
PF16293	zf-C2H2_9
PF17017	zf-C2H2_aberr
PF26082	zf-C2H2_AcuF
PF26748	zf-C2H2_Adnp2
PF25909	zf-C2H2_AHC1
PF16606	zf-C2H2_assoc
PF16624	zf-C2H2_assoc2
PF16637	zf-C2H2_assoc3
PF30018	zf-C2H2_ATbp_2nd
PF30020	zf-C2H2_ATbp_3rd
PF26743	zf-C2H2_CASZ1
PF30733	zf-C2H2_CASZ1_1
PF30903	zf-C2H2_CHAMP1_1
PF24485	zf-C2H2_DHX34
PF23165	zf-C2H2_FBX41
PF24537	zf-C2H2_fungi
PF24666	zf-C2H2_fungi_2
PF12171	zf-C2H2_jaz
PF24560	zf-C2H2_OTU1_C
PF23573	zf-C2H2_PRDM15
PF24540	zf-C2H2_REST
PF23115	zf-C2H2_STOP2_3rd
PF23118	zf-C2H2_STOP2_C
PF27058	zf-C2H2_Trps1_1st
PF27065	zf-C2H2_Trps1_2nd
PF27047	zf-C2H2_Trps1_3rd
PF27088	zf-C2H2_Trps1_5th
PF25414	zf-C2H2_Z280C_D
PF25403	zf-C2H2_ZFAND2
PF24056	zf-C2H2_ZFHX3
PF23612	zf-C2H2_ZN142
PF25420	zf-C2H2_ZN292
PF23574	zf-C2H2_ZNF142_18
PF23108	Zf-C2H2_ZNF451
PF23101	Zf-C2H2_ZNF451_1st
PF23102	Zf-C2H2_ZNF451_2nd
PF23103	Zf-C2H2_ZNF451_5th
PF23104	Zf-C2H2_ZNF451_6th
PF23107	Zf-C2H2_ZNF451_C
PF23223	zf-C2H2_ZNF462
PF23075	zf-C2H2_ZNF462_11
PF23077	zf-C2H2_ZNF462_1st
PF25412	zf-C2H2_ZNF592
PF29652	zf-C2H2_ZTF2_3
PF01530	zf-C2HC
PF06221	zf-C2HC5
PF10782	zf-C2HCIx2C
PF13913	zf-C2HC_2
PF25017	zf-C2HC_3
PF16278	zf-C2HE
PF10650	zf-C3H1
PF17122	zf-C3H2C3
PF07967	zf-C3HC
PF13891	zf-C3HC3H_KANSL2
PF00097	zf-C3HC4
PF13923	zf-C3HC4_2
PF13920	zf-C3HC4_3
PF15227	zf-C3HC4_4
PF17121	zf-C3HC4_5
PF25454	zf-C3HC4_IRF-2BP1_2
PF00105	zf-C4
PF10146	zf-C4H2
PF14260	zf-C4pol
PF06689	zf-C4_ClpX
PF02928	zf-C5HC2
PF15801	zf-C6H2
PF00642	zf-CCCH
PF22628	zf-CCCH_10
PF23261	zf-CCCH_11
PF25542	zf-CCCH_12
PF14608	zf-CCCH_2
PF21457	zf-CCCH_2-like_3
PF15663	zf-CCCH_3
PF18044	zf-CCCH_4
PF18585	zf-CCCH_6
PF18586	zf-CCCH_7
PF18633	zf-CCCH_8
PF22623	zf-CCCH_9
PF25512	zf-CCCH_AtC3H23
PF25585	zf-CCCH_DUS3L
PF24863	zf-CCCH_Mcm10
PF25586	zf-CCCH_PAN3
PF25261	zf-CCCH_PARP12
PF25584	zf-CCCH_RBM22
PF25543	zf-CCCH_tandem
PF25427	zf-CCCH_UNK
PF23035	zf-CCCH_UNK-like_4th
PF00098	zf-CCHC
PF13696	zf-CCHC_2
PF13917	zf-CCHC_3
PF14392	zf-CCHC_4
PF14787	zf-CCHC_5
PF15288	zf-CCHC_6
PF10283	zf-CCHH
PF09360	zf-CDGSH
PF11706	zf-CGNR
PF10276	zf-CHCC
PF26601	zf-CHCC_ins
PF26600	zf-CHCC_shd
PF12172	zf-ChsH2
PF05495	zf-CHY
PF17979	zf-CRD
PF07496	zf-CW
PF02008	zf-CXXC
PF07535	zf-DBF
PF05605	zf-Di19
PF08996	zf-DNA_Pol
PF05180	zf-DNL
PF22912	zf-DPOE
PF01258	zf-dskA_traR
PF06467	zf-FCS
PF21319	zf-FCS_1
PF04570	zf-FLZ
PF06827	zf-FPG_IleRS
PF09337	zf-H2C2
PF13465	zf-H2C2_2
PF13909	zf-H2C2_5
PF16721	zf-H3C2
PF13490	zf-HC2
PF16827	zf-HC3
PF13771	zf-HC5HC2H
PF13832	zf-HC5HC2H_2
PF04770	ZF-HD_dimer
PF05551	zf-His_Me_endon
PF04438	zf-HIT
PF07503	zf-HYPF
PF13005	zf-IS66
PF31216	zf-KDM1B
PF26235	zf-KKT2_KKT3
PF04071	zf-like
PF10601	zf-LITAF-like
PF06943	zf-LSD1
PF08790	zf-LYAR
PF12874	zf-met
PF12907	zf-met2
PF02891	zf-MIZ
PF13824	zf-Mss51
PF01753	zf-MYND
PF17772	zf-MYST
PF05741	zf-nanos
PF01422	zf-NF-X1
PF15906	zf-NOSIP
PF05020	zf-NPL4
PF11789	zf-Nse
PF21905	Zf-Nsp1alpha
PF03854	zf-P11
PF13008	zf-Paramyx-P
PF00645	zf-PARP
PF15446	zf-PHD-like
PF05715	zf-piccolo
PF25429	zf-POGZ
PF09329	zf-primase
PF10426	zf-RAG1
PF12678	zf-rbx1
PF08746	zf-RING-like
PF16685	zf-RING_10
PF17123	zf-RING_11
PF17976	zf-RING_12
PF17977	zf-RING_13
PF17978	zf-RING_14
PF16744	zf-RING_15
PF17120	zf-RING_16
PF13639	zf-RING_2
PF14570	zf-RING_4
PF14634	zf-RING_5
PF14835	zf-RING_6
PF26037	zf-RING_DCST1_C
PF13445	zf-RING_UBOX
PF23555	zf-RING_Vps41
PF08080	zf-RNPHF
PF17026	zf-RRPl_C4
PF13966	zf-RVT
PF13866	zf-SAP30
PF15803	zf-SCNM1
PF04810	zf-Sec23_Sec24
PF02135	zf-TAZ
PF23475	zf-Tbcl_FmdE
PF14952	zf-tcix
PF12660	zf-TFIIIC
PF02953	zf-Tim10_DDP
PF13842	zf-Tnp_2
PF02176	zf-TRAF
PF15965	zf-TRAF_2
PF11722	zf-TRM13_CCCH
PF06220	zf-U1
PF05253	zf-U11-48K
PF02148	zf-UBP
PF17807	zf-UBP_var
PF02207	zf-UBR
PF30802	zf-UBR_1
PF14569	zf-UDP
PF10367	zf-Vps39_C
PF23015	zf-WIZ
PF18279	zf-WRNIP1_ubi
PF03470	zf-XS
PF29867	zf-ZTF-17_C2H2_1
PF29863	zf-ZTF-17_C2H2_2
PF29712	zf-ZTF2_1
PF28332	ZfpA_C
PF04704	Zfx_Zfy_act
PF16696	ZFYVE21_C
PF23145	Zf_2nd_IFT121
PF30355	zf_C2H2-Disco
PF18414	zf_C2H2_10
PF18508	zf_C2H2_13
PF26177	zf_C2H2_17_1st
PF26176	zf_C2H2_17_2
PF18450	zf_C2H2_6
PF29314	zf_C2H2_LIN26-LIR3
PF29318	zf_C2H2_LIN26-LIR3_2nd
PF18387	zf_C2H2_ZHX
PF26218	zf_C2H2_ZNF292
PF23208	zf_C2H2_ZNF598
PF18574	zf_C2HC_14
PF18345	zf_CCCH_4
PF18384	zf_CCCH_5
PF18423	zf_CopZ
PF23250	zf_DPOE_2
PF18408	zf_Hakai
PF23146	Zf_IFT144_1st
PF27771	zf_MP81
PF23228	zf_PCFS4
PF17915	zf_Rg
PF25080	zf_RING-like
PF23412	zf_RING_Vps8
PF23413	zf_RING_Vps8_fungal
PF13451	zf_Tbcl
PF23477	zf_Tbcl_2
PF26647	zf_Tbcl_3
PF26648	zf_Tbcl_4
PF30716	zf_Tbcl_5
PF23550	zf_Tbcl_Rhp7
PF21359	zf_topless
PF18439	zf_UBZ
PF23293	zf_ULT1
PF25813	zf_VAL1_N
PF24906	Zf_WRKY19
PF18366	zf_ZIC
PF10382	ZGRF1-like_N
PF06262	Zincin_1
PF10103	Zincin_2
PF17034	zinc_ribbon_16
PF14599	zinc_ribbon_6
PF09223	ZinT
PF02535	Zip
PF31229	ZIP2_C
PF30140	ZIP2_M
PF18292	ZIP4_domain
PF04354	ZipA_C
PF16583	ZirS_C
PF29519	ZK1307_2
PF29022	ZK1321
PF29680	ZK512_Ig
PF30027	ZK637_C
PF29038	ZK643_helical
PF29310	ZK652
PF18028	Zmiz1_N
PF23461	ZMYND11_CC
PF23460	ZMYND8_CC
PF18112	Zn-C2H2_12
PF16503	zn-ribbon_14
PF24747	Zn-ribbon_GIR1
PF26625	Zn2Cys6-like
PF27528	Znf-C2H2_ZNF142
PF27978	ZNF318_helical
PF23406	ZNF380_CC
PF27966	ZNF428
PF21276	ZNF512_C2HC
PF21367	ZNF512_zf-C2H2
PF27627	ZNF609_beta
PF27556	ZNF704_C
PF27597	ZNF804A_beta
PF25396	ZNFX1
PF27082	Znf_C2H2_Trps1_4th
PF20173	ZnF_RZ-type
PF23663	Znf_SCAND3
PF25219	Znf_Tenuivirus
PF23580	Znf_XAF1_N
PF21373	ZNHIT3_C
PF18212	ZNRF_3_ecto
PF01297	ZnuA
PF00172	Zn_clus
PF00882	Zn_dep_PLPC
PF19242	Zn_finger_prot
PF04228	Zn_peptidase
PF04298	Zn_peptidase_2
PF13240	Zn_Ribbon_1
PF10058	Zn_ribbon_10
PF11682	Zn_ribbon_11
PF11331	Zn_ribbon_12
PF09855	Zn_ribbon_13
PF17032	Zn_ribbon_15
PF21957	Zn_ribbon_16
PF14369	Zn_ribbon_19
PF12674	Zn_ribbon_2
PF23551	Zn_ribbon_20
PF14255	Zn_ribbon_21
PF13248	Zn_ribbon_3
PF13695	Zn_ribbon_3CxxC
PF17180	Zn_ribbon_3CxxC_2
PF13717	Zn_ribbon_4
PF13719	Zn_ribbon_5
PF07191	Zn_ribbon_6
PF09723	Zn_ribbon_8
PF02591	Zn_ribbon_9
PF17848	Zn_ribbon_ACC
PF23454	Zn_ribbon_Brz
PF21372	Zn_ribbon_bTOP1
PF26040	Zn_ribbon_CLPX_N
PF10122	Zn_ribbon_Com
PF05207	Zn_ribbon_CSL
PF01807	Zn_ribbon_DnaG
PF02701	Zn_ribbon_Dof
PF26652	Zn_ribbon_double
PF22747	Zn_ribbon_DUF2089
PF10005	Zn_ribbon_DZR_6
PF05129	Zn_ribbon_Elf1
PF23547	Zn_ribbon_FGT1_1
PF23548	Zn_ribbon_FGT1_2
PF06839	Zn_ribbon_GRF
PF23549	Zn_ribbon_GRF_2
PF27618	Zn_ribbon_GTF2H2
PF23545	Zn_ribbon_HMPTM
PF25144	Zn_ribbon_IFT122
PF25143	Zn_ribbon_IFT122_C
PF03811	Zn_ribbon_InsA
PF12760	Zn_ribbon_IS1595
PF14690	Zn_ribbon_ISL3
PF18073	Zn_ribbon_LapB
PF21344	Zn_ribbon_LysW
PF08772	Zn_ribbon_NOB1
PF22811	Zn_ribbon_NrdR
PF09297	Zn_ribbon_NUD
PF14803	Zn_ribbon_Nudix
PF23451	Zn_ribbon_PaaD
PF08063	Zn_ribbon_PADR1
PF23470	Zn_ribbon_PF0610
PF18445	Zn_ribbon_PRDM4
PF18319	Zn_ribbon_PriA
PF08273	Zn_Ribbon_Prim
PF00641	Zn_ribbon_RanBP
PF13408	Zn_ribbon_recom
PF21302	Zn_ribbon_RlmA
PF03604	Zn_ribbon_RPAB4
PF02150	Zn_ribbon_RPB9
PF11781	Zn_ribbon_RRN7
PF17283	Zn_ribbon_SprT
PF20864	Zn_ribbon_TEX13
PF08271	Zn_Ribbon_TF
PF13453	Zn_ribbon_TFIIB
PF01096	Zn_ribbon_TFIIS
PF21352	Zn_ribbon_Thio2
PF23783	Zn_ribbon_TiaS
PF01396	Zn_ribbon_Top1
PF23546	Zn_ribbon_TOP3B
PF08272	Zn_Ribbon_Topo
PF22109	Zn_ribbon_tTFIIB
PF08274	Zn_Ribbon_YjdM
PF03367	Zn_ribbon_ZPR1
PF23320	Zn_SUZ12
PF14319	Zn_Tnp_IS91
PF22320	Zona_CL1
PF22321	Zona_CL2
PF00100	Zona_pellucida
PF16775	ZoocinA_TRD
PF28082	ZorA-like_t1
PF05707	Zot
PF23344	ZP-N
PF22821	ZP1_ZP4_Ig-like
PF30681	ZPR
PF10986	ZrgA
PF19286	ZSWIM1-3_C
PF21600	ZSWIM1-3_helical
PF21056	ZSWIM1-3_RNaseH-like
PF21599	ZSWIM3_N
PF21055	ZSWIM4-8_C
PF30892	ZSWIM_N
PF29860	ZTF17_helical
PF29862	ZTF17_M
PF16916	ZT_dimer
PF00791	ZU5
PF28802	Zu5_like
PF21884	ZUO1-like_ZHD
PF26185	Zuotin_N
PF20666	ZW10_C
PF22766	ZW10_C2
PF20665	Zw10_middle
PF06248	Zw10_N
PF26428	Zwei_Ig_N
PF09817	Zwilch
PF15556	Zwint
PF05884	ZYG-11_interact
PF30245	ZYG1
PF00569	ZZ
PF25299	ZZ_ADA2
