PF26733	27
PF10417	21.1
PF21734	27
PF21578	27
PF12574	25
PF09847	29
PF26127	27
PF00244	33.2
PF16998	26.6
PF28546	22
PF28545	27
PF00389	24.6
PF02826	25.1
PF00198	23
PF16078	27
PF04029	26.4
PF04463	34.7
PF27735	28
PF16620	25
PF05635	33.8
PF20758	27
PF22545	27
PF22546	27
PF08521	23.2
PF08793	22
PF20150	24.8
PF11591	25
PF01257	24.8
PF08975	21
PF22547	27
PF03390	26.2
PF21584	27
PF03171	23
PF13532	31.2
PF13640	27
PF13661	27
PF13759	27
PF20515	27
PF10014	23.1
PF13239	22.9
PF23143	27
PF13563	27
PF06983	24
PF06052	25
PF12578	23.3
PF17644	25
PF11330	27
PF00803	25
PF01073	22
PF06725	23.8
PF02829	25
PF22951	27
PF10605	26.4
PF25869	26.2
PF00725	22.1
PF02737	22
PF18321	23.6
PF29288	27
PF06439	26.8
PF16121	27
PF16122	25
PF17947	26.1
PF03061	20.6
PF13279	25.5
PF13622	24.3
PF20789	24.1
PF23313	27
PF12729	27
PF26249	25
PF04476	22.4
PF18671	27
PF17837	27
PF28548	35
PF05902	25
PF01812	27
PF06189	28.2
PF09038	22
PF21432	27.2
PF03491	23
PF07694	24.6
PF25221	25.2
PF01367	40
PF02739	34.3
PF05761	28.5
PF02872	23.6
PF02096	35
PF27023	60
PF01591	27
PF00393	27
PF22242	27
PF27505	28.3
PF23022	27
PF23021	27
PF25323	25
PF02294	25
PF07698	29.4
PF07696	22
PF07695	29
PF07697	27.6
PF00001	30.5
PF00002	20.6
PF00003	33.5
PF13853	27
PF02949	25.8
PF08395	26.6
PF30597	32
PF02117	24
PF10292	21
PF02175	21.7
PF10316	22
PF10317	22.8
PF10318	26.3
PF10327	23
PF10319	24.1
PF10320	24.1
PF10321	23
PF10322	26
PF10323	21
PF10324	22.2
PF10328	23.8
PF10325	22
PF10326	22.4
PF14402	25
PF17028	24.6
PF24838	30
PF07388	23.3
PF21585	27
PF23925	27.6
PF07966	20.5
PF06750	23
PF08792	22.9
PF00207	21
PF21142	25.5
PF07703	22.7
PF07677	21.7
PF26967	27
PF30213	27
PF21631	27
PF22430	26
PF03443	27.8
PF00004	21.2
PF09820	26.1
PF12846	27.5
PF13086	27
PF13087	27
PF13166	36
PF13173	27
PF13175	32.1
PF13191	32.6
PF13207	27
PF13238	29.4
PF13245	25.1
PF07724	27
PF13304	27
PF13401	27
PF13476	27
PF13479	27
PF13481	27
PF13500	27
PF13514	22
PF13521	27
PF13555	27
PF07726	27
PF13604	27
PF13614	27
PF13654	21
PF13671	27
PF13872	27
PF14516	27
PF07728	22
PF12774	25.2
PF12775	25.8
PF12780	25.6
PF12781	27.4
PF14363	26.4
PF16193	34.3
PF09821	27.6
PF29203	27
PF29202	27
PF17857	21.3
PF17872	23.2
PF18198	31
PF21396	27
PF23232	27
PF25601	27
PF17863	22.7
PF17862	27.2
PF17864	27
PF17865	22.7
PF17866	24.3
PF17867	22.7
PF17868	22.8
PF17871	22.8
PF25568	27
PF25426	27
PF25408	27
PF23902	34
PF25361	34.9
PF26587	30.7
PF25520	29.1
PF23242	26.6
PF08298	25
PF30695	27
PF30686	27
PF30694	30
PF30683	27
PF30684	27
PF30685	27
PF26341	27
PF30483	27
PF30482	27
PF13427	22.2
PF28992	27
PF28991	27
PF04611	32.1
PF03306	25
PF26791	24.1
PF05282	23.6
PF20981	23.6
PF08142	23.8
PF22624	27
PF03417	23.2
PF07247	22
PF13339	24.7
PF00696	24.9
PF00324	24.6
PF13520	27
PF13906	27
PF08403	21
PF06684	27
PF01490	25.6
PF28841	27
PF14108	27
PF07336	24.4
PF12430	22.1
PF02496	25
PF14156	27.7
PF26999	27
PF00950	20.1
PF26919	27
PF03109	22.9
PF30507	27
PF30649	27
PF30499	27
PF01061	26.9
PF12679	27.2
PF12698	31.6
PF12730	27
PF13346	25
PF06182	22
PF19055	22.7
PF25158	27
PF24526	34.8
PF24358	26
PF21707	27.5
PF09818	23.2
PF21709	27
PF09819	25.2
PF16962	29.7
PF31118	27
PF00664	21.7
PF06472	24.4
PF13748	27
PF20446	26.5
PF04392	25.9
PF20220	27
PF00005	25
PF09822	34.7
PF03886	26
PF06541	25.9
PF14510	25.4
PF16949	25.7
PF16326	32
PF31170	27
PF31115	27
PF12848	25.9
PF12407	25
PF31081	27
PF05270	22.8
PF18225	27.7
PF03806	27
PF22990	27
PF09752	21
PF22316	27
PF00561	25.8
PF20091	23
PF20408	27
PF02230	23
PF07859	25
PF08386	21
PF12695	27
PF12697	26.3
PF12715	21
PF06259	20.5
PF10081	26
PF15420	27
PF04083	27
PF27594	27
PF08843	22.5
PF09407	22.2
PF09952	21
PF11459	26
PF17194	26
PF13338	25
PF10899	22.4
PF16873	25
PF20578	27
PF14253	30.9
PF18860	27
PF18863	34
PF18865	27.8
PF18864	27.6
PF07751	25.6
PF14337	29
PF14355	27
PF07815	27
PF16182	29
PF03992	20.9
PF21931	27
PF31202	27
PF09441	25
PF22224	27
PF30423	27
PF30422	27
PF27030	29.9
PF28709	27
PF28708	27
PF28710	27
PF28707	27
PF28763	27
PF05145	29.2
PF14250	25
PF18277	22.8
PF27760	27
PF26147	26.9
PF07280	27
PF20520	25
PF05814	22.5
PF05820	27
PF08965	23.8
PF08900	27
PF21343	27.8
PF20963	27
PF16177	27
PF13000	23.7
PF23474	27
PF24729	27
PF25187	27
PF26761	23
PF00887	28.3
PF24922	31.2
PF05528	27
PF03255	23
PF21385	27
PF08326	23.2
PF13822	25
PF16671	27
PF14733	22
PF22217	27
PF09317	25
PF28347	27
PF28329	27
PF21556	27
PF06315	29.3
PF20423	25
PF00871	22
PF09290	26.6
PF08882	21
PF02550	24
PF13336	23.7
PF00583	20.7
PF13673	23.6
PF13720	24.5
PF13880	22.8
PF03421	27.8
PF17013	35
PF05301	27
PF17668	25
PF18014	22.7
PF18015	23.8
PF00797	22.8
PF13302	25.4
PF13420	24.3
PF13444	22.4
PF13480	22
PF13508	27
PF13523	27
PF13527	25
PF14542	30
PF28828	27
PF30473	27
PF26759	26
PF30472	27
PF08674	25
PF15270	27
PF29351	28.4
PF03767	27
PF12689	27
PF28205	27
PF29063	27
PF28912	27
PF28338	27
PF26144	23.5
PF30266	27
PF05054	25
PF07138	27
PF06648	27
PF05815	27
PF06856	22
PF07134	27
PF05081	27
PF04412	31.5
PF28403	31.5
PF28406	33
PF01989	27
PF00330	28.7
PF06434	27
PF11791	25.8
PF00694	22.8
PF01756	22.1
PF31116	27
PF22924	27
PF06857	25.1
PF05777	25
PF06313	25
PF01648	25
PF04336	27
PF23297	27
PF08545	24
PF08541	26.6
PF24914	27
PF20829	30.5
PF30848	27
PF25704	27
PF21401	27
PF25703	27
PF25699	27
PF22147	27
PF28100	27
PF26151	25.4
PF24304	27
PF28149	27
PF26125	24.8
PF10766	26.2
PF00873	28
PF19436	25
PF01842	27
PF09192	24
PF28342	26
PF05058	23.8
PF11821	25.7
PF00976	15.4
PF00022	27
PF14408	25
PF17003	45
PF11657	28.1
PF11498	23.3
PF01064	25
PF16840	27
PF21646	27
PF26798	27
PF26946	27
PF26954	27
PF26955	27
PF10000	25
PF13291	27
PF13710	27
PF13740	23
PF13840	27
PF19571	23.5
PF22468	27
PF24931	27
PF24926	27.4
PF26956	27
PF22629	27
PF24021	27
PF21086	24
PF26539	28.3
PF28827	27
PF18859	27.1
PF01643	23.7
PF20791	21
PF21263	27
PF00441	22.4
PF08028	22.7
PF12806	30.3
PF02770	33.3
PF02771	22.9
PF14749	25
PF12590	22
PF12186	27
PF00708	22.5
PF01553	23
PF19576	27
PF16076	26.5
PF02551	21
PF28265	27
PF00698	32.7
PF02273	20.3
PF01757	31
PF18883	27.1
PF16214	30.9
PF09793	23.4
PF10198	24.5
PF21299	28
PF16698	26.2
PF24484	27
PF23178	27
PF17771	27.3
PF19236	21
PF05986	23.6
PF08516	29.4
PF10199	32
PF01602	37
PF00928	31.6
PF02805	23
PF06314	29.8
PF06327	21.1
PF27467	20
PF21445	26.6
PF18724	26.2
PF17981	25.7
PF17980	26
PF13382	27
PF03352	25
PF04008	25
PF27706	27
PF02438	25
PF03052	25
PF02703	27
PF01691	25
PF01696	24.5
PF04623	25
PF06040	25
PF05248	25.2
PF03376	25
PF04834	28.7
PF03307	35
PF02440	26
PF02439	36
PF05385	27
PF04528	27.3
PF06931	27
PF04881	27
PF01065	25
PF03678	32.1
PF02456	35
PF00541	27
PF11081	19.2
PF01686	27
PF03955	27
PF03910	27
PF01310	25
PF05829	27.8
PF00608	3.5
PF02459	27
PF03228	21.2
PF16579	27.1
PF01295	24.7
PF26690	21.9
PF26691	23.3
PF26693	25.8
PF00709	27
PF12633	27
PF04439	22
PF19582	27
PF29302	27
PF23813	27
PF27521	27
PF25387	31
PF26152	22
PF16812	27
PF09085	25
PF30584	27
PF04619	23.6
PF16747	23.7
PF03257	25
PF18652	27.1
PF25137	27
PF08240	23.5
PF16884	31
PF00106	25
PF13561	27
PF00107	31.8
PF13602	27
PF02274	22.8
PF11559	34.3
PF15202	27
PF06377	22.9
PF00406	46.9
PF05191	26.6
PF19627	27
PF05221	25
PF00670	27
PF08132	25
PF02675	25
PF07757	27
PF01941	27
PF03496	21.9
PF18648	26.6
PF04587	27
PF03747	26.2
PF25662	27
PF10397	32.7
PF25379	31.8
PF29342	27
PF29343	27
PF20032	27
PF08509	21
PF16701	28.6
PF06355	22
PF25001	27
PF24387	27
PF22548	27
PF17049	27
PF23162	23
PF01117	24.3
PF05110	26.9
PF27426	27
PF27425	27
PF27411	27
PF27410	27
PF27424	27
PF14591	22.6
PF22357	28
PF27423	27
PF29254	27
PF27409	27
PF27408	27
PF27422	27
PF01954	21.6
PF14556	27
PF18875	23.2
PF05775	30.8
PF15339	27
PF22394	26
PF30810	27
PF30812	27
PF26705	27
PF18876	24
PF03969	27
PF07792	25.5
PF08493	24
PF01314	27
PF02730	29.8
PF02420	35
PF18815	15
PF03756	24
PF08731	21.6
PF11786	25
PF11787	25
PF11785	22
PF12249	25
PF12250	26.7
PF26371	27
PF11001	31.3
PF27352	27
PF27313	27
PF27315	27
PF27217	27
PF27236	27
PF29259	27
PF27375	27
PF22176	27
PF27245	27
PF27297	27
PF27341	27
PF22185	27
PF27382	27
PF27327	27
PF27253	27
PF27384	27
PF27252	27
PF29717	27
PF27271	27
PF27350	27
PF27291	27
PF27259	27
PF27293	27
PF27237	27
PF27235	27
PF21768	34
PF27226	27
PF29613	27
PF27225	27
PF27311	27
PF27367	27
PF27374	27
PF29251	27
PF21682	27
PF27306	27
PF27302	27
PF04671	20.9
PF21254	27
PF17366	25
PF21994	27.4
PF17992	26.3
PF25117	27.5
PF25115	27.6
PF05641	19
PF07468	25
PF18021	26.8
PF17558	27
PF17998	27.1
PF19712	27
PF26681	27
PF22627	27
PF18079	23.6
PF24858	28.3
PF09171	27.4
PF05039	27
PF10427	25
PF22474	27
PF22362	27
PF18236	25
PF18351	25
PF22472	27
PF22476	27
PF22333	27
PF06376	25
PF28140	27
PF18746	25
PF04647	23
PF19188	27
PF05931	22.7
PF04730	25
PF18134	26.7
PF11440	25
PF29319	27
PF06396	25
PF09229	23.6
PF25911	27
PF25910	23.6
PF17793	27
PF14412	22.3
PF18743	26.1
PF17327	25
PF00578	26
PF13911	27
PF08327	22.1
PF09236	27
PF21423	27.9
PF21986	27
PF01594	34.3
PF21368	23
PF31232	27
PF15334	27
PF01808	25
PF31144	27
PF31158	27
PF31134	27
PF08210	250
PF16168	27
PF14186	25
PF08910	25
PF18158	22.9
PF21008	50
PF14962	29.9
PF14721	25.9
PF04548	27
PF13772	27
PF06316	23
PF28272	27
PF10315	29.5
PF11489	27
PF01987	25.7
PF17096	25.4
PF29468	40.8
PF29059	27
PF25459	27
PF29317	27
PF17050	26.8
PF30387	27
PF21568	27.8
PF16780	27
PF22871	26.7
PF03915	31.6
PF23153	27
PF10592	25
PF22879	28
PF21759	27.5
PF00731	30
PF00586	15
PF02769	23.1
PF15298	27
PF26649	27
PF27982	27
PF29010	30.7
PF30678	27
PF14469	22
PF15304	27
PF10469	24.4
PF10470	22.7
PF04988	26.8
PF27603	32.4
PF27598	27
PF05716	25
PF27911	27
PF30465	27
PF29587	27
PF12443	28.1
PF29996	27
PF26023	27
PF00490	24.6
PF01262	23
PF05222	30.4
PF06610	25
PF11839	23.1
PF00842	25
PF01168	24.1
PF09135	22
PF01918	25
PF08027	27.6
PF16720	23.8
PF17527	28.3
PF11606	27.6
PF00171	23
PF01081	27.8
PF00596	22.2
PF30389	27
PF01263	27
PF00248	24
PF11266	28
PF01315	31.3
PF23180	27
PF03752	25.4
PF12165	21
PF15924	29.8
PF08660	27
PF22686	27
PF05208	23.6
PF03155	25
PF30637	27
PF11182	34.4
PF13372	25.2
PF05426	22.2
PF08787	29.7
PF27285	27
PF16822	26.5
PF01889	25
PF13949	30.8
PF06029	26
PF27981	27
PF09004	21
PF15129	27
PF14864	27
PF14863	26
PF06224	25.9
PF24741	26.5
PF12810	24.5
PF00245	24.4
PF26751	25.8
PF03561	27
PF05953	2.1
PF29176	27
PF06351	31.2
PF25312	27
PF05549	26
PF06545	27
PF11392	25
PF30333	27
PF04864	22
PF15309	27
PF18727	25
PF11744	20.6
PF17696	25
PF24890	27
PF04030	23.1
PF04852	26.6
PF22128	22
PF06401	24.3
PF06400	29.7
PF00128	25
PF02806	17
PF22026	27
PF02903	23
PF09071	27
PF07821	27
PF09154	21
PF04168	20.8
PF14456	28
PF06964	27
PF09261	31.1
PF08829	25
PF17480	25
PF02883	27.6
PF02296	25.4
PF01589	25
PF00943	27
PF01563	25
PF03229	21
PF18489	28.7
PF29476	27
PF02816	21.3
PF01120	25.2
PF02232	25
PF09608	24.5
PF17989	26.3
PF28246	27
PF27270	27
PF27288	27
PF27301	27
PF15299	28.9
PF25384	50
PF30910	27
PF10369	23.2
PF16541	27.5
PF20080	26.4
PF11092	25
PF30270	27
PF02430	25.8
PF24112	27
PF07344	27.2
PF28164	27
PF17645	25.9
PF12475	25
PF05111	25
PF02948	27
PF15757	27
PF09422	26
PF12190	28
PF21405	27.8
PF21404	27.1
PF04709	23.4
PF07313	27
PF01425	27
PF01510	26
PF01520	27
PF05382	21
PF12671	23.2
PF01979	25
PF04909	26.4
PF07969	29.7
PF12224	22
PF09663	25
PF11741	20.5
PF24837	27
PF10706	21
PF10023	25
PF00155	19.7
PF00202	30.5
PF01063	28.5
PF00266	21.5
PF01593	19.8
PF21332	27
PF02293	25
PF10997	27
PF01871	25
PF00909	23.2
PF29121	27
PF29120	27
PF14828	30.4
PF10423	27
PF02461	27.5
PF27634	27
PF04896	26.7
PF03782	25
PF00501	29.9
PF13193	24.5
PF14535	25
PF23562	20.8
PF23024	27
PF17113	21
PF20068	27
PF16561	26.8
PF04739	24.3
PF21147	27
PF27529	27
PF19326	27
PF05195	24.6
PF22907	27.7
PF25823	27
PF09081	27.6
PF28028	27
PF28178	27
PF09094	27
PF09095	22
PF22423	27
PF22582	27
PF20922	27.1
PF12859	25
PF03256	21
PF15243	27
PF17256	25
PF08672	23
PF12895	27.2
PF12896	23.1
PF12894	21.1
PF12862	3.9
PF04049	23.8
PF12856	28.4
PF10471	24.5
PF01821	21.4
PF24531	27
PF22586	27
PF02166	25.3
PF22068	27
PF22069	27
PF22070	27.7
PF06369	25
PF03139	32.4
PF09582	30.3
PF01094	25.4
PF25443	28.5
PF19339	26.4
PF12240	23.5
PF28904	27
PF08174	24
PF16018	27
PF29868	27
PF02520	29.3
PF00023	14.7
PF29131	27
PF31069	27
PF31008	27
PF28486	27
PF07260	22
PF24567	27
PF11904	25
PF27687	27
PF18418	26.1
PF22170	27
PF12796	27.3
PF13606	17.2
PF13637	22.7
PF13857	27
PF24521	80
PF23745	27.5
PF21137	27
PF21336	27.2
PF03702	24
PF00191	25
PF18411	25
PF21397	28
PF04547	28
PF20877	27
PF16178	22
PF10731	27
PF00212	27
PF03452	28.8
PF03374	25.3
PF18280	27
PF08346	27
PF03861	27.3
PF07651	21.5
PF09156	25
PF03497	28.1
PF08592	27.3
PF05587	26.9
PF10796	23.2
PF11630	25
PF23023	27.8
PF11043	29.1
PF28820	27
PF15777	32
PF02522	25
PF08264	25.1
PF19269	23.6
PF19303	23.5
PF11410	22
PF11402	28.6
PF11641	25
PF16364	28.6
PF09255	25
PF24205	27
PF08105	25
PF08106	25
PF08107	22
PF08108	25
PF08109	22
PF08110	22.7
PF08129	25
PF08130	25
PF08225	19.4
PF08256	20.6
PF14861	27
PF16047	27
PF16048	25
PF16049	26
PF16839	27
PF31266	34.2
PF08018	21.2
PF08023	22
PF08025	25
PF08024	25
PF08026	25
PF08036	27
PF08102	25
PF08103	21.4
PF08104	25
PF03230	25
PF02822	21.2
PF03589	26.7
PF26044	27
PF20605	27.2
PF28400	27
PF05586	25
PF25633	27
PF15721	27
PF22293	27
PF03098	25
PF18678	25.9
PF01786	22.7
PF15001	30.7
PF15745	27
PF00847	33.3
PF22169	27
PF14796	27
PF24080	27
PF06375	28.2
PF19327	23.1
PF14807	27
PF21589	21.9
PF21590	21.9
PF21588	24.5
PF21587	21.2
PF17908	22.8
PF02558	22.2
PF08546	22.7
PF02424	25.6
PF05839	22
PF05841	25
PF21282	27
PF27555	27
PF27562	27
PF29300	27
PF18122	22.9
PF27564	27
PF20518	24
PF27563	27
PF21371	27
PF29567	29.3
PF14921	27
PF05972	19.4
PF27187	27
PF05956	25
PF16689	27.4
PF05923	19.9
PF18797	25
PF16634	26
PF16635	29.7
PF16636	27.5
PF16630	27
PF16633	25
PF16041	25
PF16040	27
PF30543	27
PF22753	27
PF18862	25.5
PF16977	26.5
PF31057	27
PF24148	27
PF19283	23.1
PF22818	27.7
PF15360	27
PF28660	27
PF22817	27
PF18946	20.8
PF04110	22.8
PF04111	34
PF17675	45
PF01636	23.2
PF06105	25.6
PF22173	27
PF14557	27
PF29298	27
PF04655	27
PF05918	27.4
PF00807	23.1
PF25839	24.7
PF25838	27
PF25837	27
PF13204	26.5
PF11671	25
PF21649	27
PF05355	22.1
PF05778	34.1
PF05418	23.4
PF04711	27
PF30436	32
PF30435	27
PF30433	27
PF30406	24
PF30444	27
PF30454	33.9
PF30460	29.2
PF12491	27
PF18769	27
PF18772	144
PF18782	27
PF18771	27
PF18775	27.2
PF18774	26.7
PF04691	28.3
PF15119	27
PF01333	30.4
PF16639	30
PF05461	25.9
PF27830	27
PF01442	12
PF15148	27
PF07464	36.3
PF11032	22
PF26365	27
PF09769	31.4
PF05634	25
PF09949	27.1
PF21961	28.5
PF21966	28.6
PF30437	27
PF10515	27
PF12924	26.4
PF12925	22.2
PF02177	21.6
PF12716	25
PF23526	27
PF27914	27
PF12139	25
PF01583	20.7
PF03440	25
PF06079	27
PF01261	31.1
PF16399	26.6
PF21143	21.5
PF21144	27.9
PF27085	27
PF27139	27
PF30232	27
PF29770	27
PF29619	27
PF22323	27
PF27093	27
PF27164	27
PF29728	27
PF27284	27
PF29758	27
PF29939	27
PF27142	27
PF27394	27.8
PF12489	23.6
PF24856	24
PF02610	24
PF09206	25
PF27998	36.5
PF12625	27.6
PF11762	25
PF04602	25
PF14896	25
PF17689	25
PF02311	21.1
PF14525	27
PF06719	24.2
PF06081	22
PF11728	22.4
PF10337	23.5
PF09692	25
PF22749	26.8
PF09757	26.6
PF30909	36.2
PF26335	27
PF28404	27
PF28392	27
PF28391	27
PF30933	27
PF30934	27
PF03869	20.4
PF21972	27
PF23468	24
PF13355	22.8
PF18653	25
PF29253	27
PF12942	25.6
PF29447	27
PF29449	27
PF01951	25
PF04659	21
PF23109	27
PF18162	31.9
PF27767	27
PF28760	27
PF19284	28.5
PF21395	27
PF06819	23.4
PF06847	29.9
PF08394	27
PF03079	27
PF07275	27
PF08401	22.6
PF28604	27
PF07573	21.5
PF25915	27
PF25916	27
PF17296	27
PF00798	25
PF17290	27
PF00843	27.2
PF06317	25
PF00025	22.3
PF14949	27
PF03889	25.5
PF06456	32
PF29743	28
PF27542	27
PF01412	28.7
PF06507	34.5
PF00491	22
PF00764	27
PF20979	27
PF01960	32
PF22864	28.2
PF15346	27
PF08699	22
PF16488	33.3
PF16487	27.5
PF16486	30.9
PF11581	25
PF28360	27
PF21571	27
PF21570	27
PF17944	23.3
PF17810	23.3
PF01316	27
PF02863	25
PF03485	21.5
PF15441	27
PF19422	23.5
PF18938	27
PF01388	24.1
PF06770	27
PF15840	27
PF11527	23
PF15062	27
PF18719	27
PF24151	28.7
PF00514	20.3
PF09003	22
PF12167	22
PF13356	27
PF14657	25
PF17293	22.6
PF30701	135.9
PF27652	27
PF21050	27.3
PF21051	27.3
PF10208	23.5
PF20145	26.9
PF17822	25
PF08427	27
PF15767	25
PF22915	27
PF30276	27
PF30818	27
PF01937	25
PF04826	20.4
PF16186	28.8
PF23295	27
PF23948	27
PF26522	27
PF26524	27
PF16629	25
PF24768	79.9
PF24477	27
PF25097	27
PF25505	26
PF24742	27
PF23702	27
PF23731	27
PF24467	27
PF30700	38.2
PF30699	31
PF24472	27
PF24520	27.3
PF24516	27.4
PF24515	26.4
PF23568	27
PF23654	27
PF23628	26.8
PF23744	26.2
PF25515	27
PF25598	35.3
PF24970	27
PF25326	24.8
PF23565	27
PF23579	25
PF25767	29.7
PF25058	27
PF25060	27
PF25068	30.4
PF25064	27.8
PF25063	35
PF25062	40
PF25010	27
PF30856	31.2
PF18770	33
PF18677	27
PF18583	26.5
PF30401	29
PF07302	23.8
PF11723	24.4
PF15684	27
PF27856	27
PF26053	27
PF05856	22.2
PF20208	27
PF22549	27
PF12120	25
PF02752	27.7
PF00339	24.9
PF04959	30
PF02374	21.6
PF17886	22.5
PF02040	22.2
PF03960	24
PF06953	27
PF03773	32.3
PF11449	32.5
PF09824	28.6
PF01129	22.3
PF18760	31.2
PF29899	27
PF18084	26.3
PF01606	27
PF00951	24.9
PF02497	27
PF16749	27
PF01481	22.1
PF04161	20
PF01731	21.3
PF05935	24.2
PF14269	27
PF17425	24.2
PF31200	22
PF29630	100
PF22804	27
PF00858	23.6
PF26582	26.1
PF04266	25
PF30643	27
PF25026	29.1
PF08688	25
PF22848	27.7
PF08687	26.4
PF21440	19
PF04729	27
PF01671	22.5
PF05568	23.6
PF05293	25
PF25667	27
PF06556	25.4
PF25668	27
PF29950	27
PF15780	27
PF21198	25
PF15323	27
PF29505	27
PF09010	27.9
PF19039	27.8
PF30440	27
PF22304	24.7
PF08328	35
PF14698	27.3
PF05170	29.8
PF19272	23.7
PF03590	27
PF01037	25
PF17805	27
PF22482	24.4
PF20917	27
PF21975	27
PF00733	21
PF00026	19.9
PF06826	27
PF05279	23
PF16993	26
PF16929	28
PF03780	28
PF16996	27.7
PF17000	25
PF00710	22.5
PF01112	27
PF17763	34.6
PF06089	25
PF29532	30.2
PF21801	27
PF17641	26.3
PF14521	30
PF12897	27
PF05118	22.6
PF02261	25
PF01958	27
PF01177	31
PF14669	26.3
PF09668	26
PF13650	24.3
PF06392	22.4
PF28237	27
PF07100	25
PF28876	27
PF04958	29.4
PF01400	22.5
PF29831	29.4
PF04996	27
PF28380	27
PF03669	22.7
PF27698	27
PF24827	25
PF04952	25
PF19743	24.3
PF19441	27
PF18577	35.5
PF30852	33.2
PF30853	27
PF12285	25
PF19415	27
PF03115	23
PF12226	25
PF16580	25
PF19414	27
PF19416	25
PF13919	25.8
PF20435	25.7
PF30490	34.4
PF30017	27
PF26584	27
PF30950	27
PF30939	27
PF30477	27
PF24769	26
PF03754	24.4
PF30539	27
PF28114	27
PF28741	27
PF28744	27
PF28782	62.4
PF29049	27
PF28571	27
PF24046	27
PF28479	27.6
PF30881	27
PF25972	32.9
PF28424	27
PF30961	27
PF28732	27
PF30870	27
PF30872	27.3
PF30966	39.3
PF30964	37.1
PF30682	27
PF28125	27
PF25884	27
PF27773	27
PF31239	27
PF31233	27
PF22650	27
PF22656	27
PF24104	27
PF25489	27
PF28413	27
PF31015	27
PF12037	25
PF15321	25
PF08982	27
PF30084	27
PF30016	27
PF27445	27
PF27450	27
PF27486	27
PF29183	27
PF29182	27
PF14196	28.1
PF25052	25
PF27751	27
PF04377	25
PF04376	27
PF16788	27.6
PF12063	22.5
PF21127	27.6
PF07855	26.5
PF10377	22
PF19697	26
PF10033	25
PF10186	33.2
PF08614	33.7
PF04108	43
PF12744	28
PF11700	24.1
PF29650	27
PF09451	27
PF18388	25.7
PF13329	50
PF30211	27
PF09795	25
PF29921	27
PF29336	37.9
PF29379	27
PF30193	27
PF29920	27
PF08589	25
PF20166	24
PF20637	21.3
PF20638	23
PF04106	20.4
PF16420	27
PF02991	27
PF04109	27
PF03078	20.2
PF07737	27.4
PF30322	27
PF30094	27
PF29349	27
PF29348	27
PF29438	27
PF29781	27
PF30420	27
PF03477	25.8
PF02222	27
PF08442	29.5
PF02655	23.2
PF13535	27
PF13549	27.6
PF18419	25
PF24923	27
PF30763	46
PF00217	22.4
PF02807	25.7
PF01747	24.3
PF00231	39.9
PF05176	22.3
PF00895	23.4
PF00119	33.9
PF00006	29.5
PF00306	27
PF02874	19
PF16886	25
PF00430	28
PF00137	24
PF01813	25.7
PF00401	24.6
PF02823	27
PF05680	22
PF04627	27
PF08112	25
PF01990	23.5
PF05511	27.9
PF04718	25
PF03899	25.1
PF04911	24
PF22919	24.7
PF16594	25
PF06644	22
PF07542	27
PF12921	26.7
PF29978	27
PF11022	27
PF02038	26.9
PF27772	27
PF06745	26.6
PF12156	27
PF07345	25
PF01637	33.2
PF30078	27
PF09527	26.6
PF12592	27
PF24788	27
PF21334	27
PF21335	26.5
PF21068	27
PF18130	27
PF14397	31.4
PF15632	29.1
PF14305	25
PF14398	26.8
PF12966	26
PF27912	27
PF20716	27
PF03029	27
PF01171	27
PF12424	22.9
PF10775	25
PF30978	27
PF14960	25
PF27469	27
PF05493	25
PF09830	23.5
PF16829	25
PF22223	27
PF21421	27
PF30938	27
PF05353	25
PF28451	27
PF28426	27
PF28913	27
PF28409	27
PF03154	29.9
PF26143	26.3
PF15445	33
PF06232	27
PF11263	25.2
PF03769	28.8
PF03768	23.9
PF25114	27
PF25111	27
PF27957	27
PF07143	43
PF18800	29.8
PF08037	25
PF27143	27
PF11512	25
PF07287	22.8
PF23544	27
PF20828	27
PF09759	28.9
PF12547	10
PF27759	27
PF08098	25
PF18461	28.6
PF13318	24
PF11533	27
PF02178	5
PF22301	27
PF18637	25
PF30083	27
PF15187	27
PF11583	29.6
PF29003	27
PF09041	21
PF25763	23
PF25777	20
PF03472	23
PF00765	24
PF03987	24.4
PF03797	26
PF06677	24.1
PF15336	23
PF02041	21
PF05703	24.8
PF02519	26.3
PF05564	25
PF02309	22.7
PF17198	26.6
PF28377	27
PF03708	32.2
PF01382	24
PF26421	27
PF11599	25.7
PF09794	22
PF22383	27
PF24180	27
PF05394	23.2
PF05655	25
PF11725	24
PF11529	27
PF18661	27
PF18241	27
PF18247	25
PF22347	29.8
PF09143	25
PF11592	27
PF09046	25
PF16847	27
PF05627	20.3
PF31212	25
PF28166	27
PF06536	22.7
PF05512	27
PF17907	23.3
PF05448	21
PF08517	33
PF16646	29.9
PF08833	23
PF10211	26.4
PF27389	27
PF28606	27
PF03591	32.1
PF05437	23.7
PF28150	27
PF16558	23.8
PF09260	24
PF01356	27.6
PF02137	27
PF00962	27
PF08451	21.3
PF18424	26.1
PF26595	25
PF09713	27.8
PF02216	27
PF24604	31
PF04182	22
PF11963	25
PF24750	25
PF04053	57
PF29305	27
PF29357	27
PF29370	27
PF29924	27
PF30039	27
PF29353	33
PF30187	27
PF02246	25
PF02310	32.1
PF02607	23
PF22034	27
PF06522	21.5
PF11473	25
PF09066	22.6
PF17623	27
PF30949	27
PF02362	30.1
PF29067	27
PF19341	27.5
PF17057	27.5
PF03483	29.3
PF03484	28.6
PF01603	25
PF07162	27
PF07886	26
PF28094	27
PF06989	25
PF08840	20.9
PF07234	27
PF02673	33.4
PF27797	27
PF18138	35.6
PF18173	27.3
PF05791	29.1
PF05968	27
PF07707	20.9
PF24570	27.4
PF26017	27
PF13004	18
PF19190	15
PF22057	27.4
PF22489	26
PF10432	24.5
PF12173	27
PF28044	27
PF27803	27
PF27802	27
PF01721	24.5
PF10439	27.1
PF09221	27.9
PF11758	25
PF27784	27.2
PF27786	27
PF14406	25
PF04519	27.9
PF30429	27
PF30426	27
PF30427	27
PF26164	27.5
PF20603	27
PF16403	27
PF08379	27
PF21295	27
PF06143	28.4
PF04798	27
PF06096	27.9
PF06497	27
PF04786	27
PF05274	27
PF04639	27.2
PF04850	27
PF12259	24.1
PF03258	24.7
PF25298	24
PF04700	27
PF03273	27
PF04735	25
PF05290	33.1
PF07206	28.1
PF06385	22
PF03041	27
PF05847	27
PF04838	27
PF11792	24
PF06061	27
PF05314	27
PF25651	27
PF05073	21.3
PF04766	27
PF05214	27
PF05112	27
PF04878	27
PF04583	10
PF08404	25
PF04513	38
PF04512	23.9
PF05311	27
PF05883	26.7
PF05789	27
PF04501	25
PF08475	24
PF04913	27
PF18612	27.4
PF02043	25
PF00308	23
PF08299	31.5
PF00216	22.4
PF01311	27.8
PF01312	24.4
PF01313	25
PF05088	22.8
PF18034	27
PF01152	21
PF00296	27.9
PF18008	28.3
PF05592	22.2
PF21209	27
PF17389	24.5
PF17390	22.1
PF08531	25
PF01036	24.6
PF09501	23
PF01338	25
PF02397	27
PF18854	27.1
PF18855	27.2
PF18856	27.7
PF18844	26.9
PF18845	31.5
PF18846	27
PF18848	27.5
PF18849	27.2
PF18851	27
PF04684	28.9
PF12031	21.1
PF09256	21
PF02179	23.4
PF30007	27
PF12057	25
PF20960	22.9
PF28661	27
PF08180	27
PF27519	27
PF01426	30.8
PF21744	28
PF06861	25.8
PF29320	27
PF06211	23
PF19337	27
PF29358	27.3
PF06804	25
PF04355	23.2
PF28840	27
PF14092	27
PF02923	28.5
PF27177	27
PF28844	32.3
PF28836	27
PF31183	27
PF30089	27
PF07565	34.3
PF01145	23.6
PF13421	24
PF16200	29.1
PF06639	28.2
PF05529	22.7
PF18035	30
PF22783	27
PF03114	28.5
PF29313	52
PF30399	27
PF22305	27.7
PF01337	23.4
PF15462	27
PF00967	21
PF10455	25.4
PF16746	31.7
PF10456	24.9
PF20400	27
PF28293	27
PF29408	27
PF28414	27
PF04865	24.8
PF26079	27
PF26078	27
PF30658	27
PF26776	27
PF30656	27
PF23779	27
PF23786	27
PF01586	25
PF31003	27
PF31013	27
PF05466	25
PF15915	25.8
PF07001	25
PF07584	25.9
PF13584	24.1
PF06968	22.2
PF22296	40
PF01027	34.1
PF12811	22.3
PF22372	27
PF24960	27
PF29229	27
PF28090	27
PF08031	20.6
PF25672	27
PF14777	26
PF07289	25
PF29715	23.8
PF04522	27
PF21190	27.1
PF15272	23.4
PF15271	27
PF07642	26.2
PF10082	23.7
PF07585	26
PF14779	27
PF23351	27.2
PF14782	25
PF23353	27.7
PF14783	27
PF14781	26.3
PF23350	27
PF23360	28.1
PF23349	27.8
PF23361	28.2
PF29774	27
PF18063	27
PF06726	27
PF21592	29.8
PF05700	24.5
PF12490	19
PF21034	26.8
PF12399	25.5
PF13862	27
PF02028	27
PF15461	28
PF25790	27.3
PF10436	24
PF25340	24
PF10022	25
PF07284	25
PF02327	25
PF00452	31.4
PF12201	25
PF15286	25
PF10514	28.2
PF11502	25
PF18573	38
PF12304	29.4
PF15318	25
PF08945	25
PF04714	25
PF09257	27
PF07572	22.2
PF15808	27
PF09399	25
PF16251	28.7
PF12133	27
PF08779	27
PF11395	25
PF12093	27
PF11501	25
PF12379	26.7
PF17635	27
PF16451	26
PF09408	25
PF12124	25
PF11633	24
PF11289	27
PF09036	23.1
PF01869	31.5
PF08740	28.1
PF30416	27
PF05420	23.5
PF29872	27
PF10995	25
PF29399	27
PF20434	26.8
PF21596	27
PF14439	38.5
PF14442	25
PF21603	27
PF08072	25
PF16204	24.6
PF21903	27
PF22256	27
PF20689	25
PF20707	25
PF20690	27.1
PF10684	32.9
PF06208	27
PF06515	25
PF06595	27
PF06407	26.3
PF18820	26.1
PF02138	26.8
PF28336	27
PF17454	25
PF27583	35
PF29413	27
PF29499	27
PF10523	23.2
PF03594	27
PF07255	28.1
PF05744	25
PF17841	29.5
PF05687	25
PF02944	21
PF01062	23.4
PF14023	32
PF25539	27
PF17035	21.9
PF07944	24.9
PF03494	25
PF25963	27
PF25965	27
PF26002	27.8
PF25455	20.2
PF23763	28
PF23764	28
PF25462	27
PF25944	22
PF25954	23
PF26011	27
PF25461	27
PF25990	30
PF10996	27.7
PF21394	26.9
PF00144	27
PF13354	22
PF16458	25
PF13570	133
PF25460	171.1
PF29948	27
PF25465	27
PF23635	27
PF24981	50
PF23743	40
PF24067	27
PF24105	80.5
PF13964	90
PF15020	27
PF22844	27.1
PF25292	26.8
PF23760	27
PF23761	50
PF24106	27
PF23609	54
PF04762	26.8
PF23797	27.8
PF25293	34
PF23409	88.2
PF23414	90
PF23727	26.4
PF13415	140
PF23756	163
PF23366	27
PF23381	120
PF23377	27.4
PF23383	41.1
PF23385	27
PF23335	27
PF23754	27
PF03478	27.4
PF23748	26.9
PF30506	46
PF23098	29
PF11715	30
PF16755	29.6
PF23586	33
PF26607	27
PF25499	27
PF25440	52
PF23770	27
PF23775	80
PF25494	27
PF10433	26.9
PF23726	26.8
PF24017	100
PF23798	45
PF25047	89
PF25048	32
PF25174	305
PF13418	50
PF23411	33
PF23410	34.3
PF23751	26.7
PF23752	26.5
PF23389	51
PF15911	27
PF23390	27.1
PF24797	80
PF25171	80
PF25168	84
PF25173	154
PF25172	140
PF25178	50
PF25175	250
PF23869	45
PF23769	27
PF23393	100
PF27482	27
PF24142	27
PF24143	27
PF23722	27
PF24078	27
PF12125	25
PF24208	27
PF13364	21
PF21317	27
PF10435	25
PF13363	27
PF21467	27.3
PF25686	27
PF16523	26.8
PF01212	27
PF13229	25.9
PF18835	27
PF18889	11
PF28492	27
PF17030	33
PF27054	27
PF09826	22.4
PF25279	27.1
PF14350	27
PF28325	27
PF26322	27
PF08667	21.6
PF00407	22.4
PF28462	27
PF04538	26.1
PF09210	25
PF22452	27
PF21053	23.5
PF22576	27
PF18243	25
PF21784	25
PF21785	38
PF21786	34
PF02577	27
PF28386	27
PF28387	27
PF30554	42.1
PF21606	27
PF02929	25
PF25890	27
PF28074	27
PF21469	27.9
PF15285	25.5
PF02180	20.5
PF10403	27
PF10404	33.5
PF10405	27
PF14215	30.2
PF22754	21.6
PF28581	27
PF23171	27
PF23174	27
PF23179	23.4
PF23181	27.5
PF23177	30
PF23176	28.5
PF23172	27
PF23183	27
PF23170	27
PF23173	38.8
PF23175	25
PF20959	27
PF09730	27.9
PF27654	27
PF28516	27
PF06393	25
PF22359	27
PF27678	27
PF27676	27
PF05688	27.4
PF20252	27
PF27417	27.6
PF27415	27
PF25783	24.3
PF25784	24.5
PF02369	34.9
PF17964	22.9
PF18200	20
PF19078	27
PF19077	27
PF20251	27
PF20622	27
PF02368	22.8
PF07523	21.2
PF12245	10
PF13750	15.4
PF13754	27.3
PF16640	35.5
PF07532	22.1
PF13205	23.6
PF17936	27.6
PF17957	24.1
PF17961	22.9
PF17963	23.6
PF30505	23.8
PF27055	28.1
PF24702	27
PF18281	28.3
PF29668	35.5
PF27312	27
PF04775	27
PF25732	50
PF09166	24.5
PF20238	27
PF06773	27
PF21532	27.4
PF06859	27
PF30948	27
PF03495	10
PF17475	25
PF17476	28.4
PF02084	22
PF08149	23.7
PF04301	27
PF00351	22.7
PF27488	27
PF15368	23.8
PF02785	32.4
PF00289	24.5
PF00364	22.1
PF03744	25
PF02632	25
PF21018	23.8
PF06832	26.8
PF00653	22.9
PF12356	27
PF20489	28
PF04197	25
PF20488	25
PF01766	27
PF01767	22
PF01768	24
PF03042	25
PF28452	27
PF05858	20.8
PF05853	24.8
PF30743	33.1
PF25695	27
PF03493	26.8
PF21492	27
PF25131	27.3
PF21179	27
PF22677	24.5
PF21629	27
PF08939	23.1
PF17752	25
PF04273	26.1
PF17324	26.9
PF07467	28
PF16547	27.2
PF16202	27
PF11642	24
PF15753	27
PF28963	27
PF10046	33.4
PF24673	27
PF25040	23
PF25039	27
PF20413	100
PF24917	24
PF04940	25
PF05289	25
PF00936	24.5
PF12130	24.6
PF15185	27
PF04380	37.2
PF17970	26.4
PF17973	26.2
PF11974	34.9
PF17972	26.5
PF17962	23
PF09132	24
PF02608	24.1
PF15282	27
PF12141	28.3
PF11968	20
PF10354	24.7
PF28656	27
PF12496	27
PF06553	26
PF25740	27.6
PF02012	12.4
PF13088	31.4
PF13859	27
PF15892	27.3
PF15899	13
PF14873	25
PF04920	27
PF06358	27
PF04076	25.8
PF07441	26.1
PF08955	21
PF08977	25
PF01722	25.7
PF02044	18.1
PF05298	21.4
PF08096	25
PF04972	16.5
PF21923	27.6
PF08145	29.6
PF29598	27
PF15280	27
PF10157	35
PF16088	27.3
PF10167	25
PF10512	19.5
PF14957	25
PF31221	27
PF02414	25.8
PF02999	27
PF04160	25
PF05628	25
PF05262	33.6
PF03978	27
PF27021	27.5
PF12298	23
PF05588	21
PF00228	20.4
PF08146	27
PF23621	27
PF10759	29.5
PF18040	26.2
PF00528	26.4
PF19300	23.8
PF02653	26.8
PF22632	27
PF06139	24.7
PF08000	27.7
PF23494	27
PF25362	27
PF30638	27
PF03703	22
PF14470	16
PF06713	22.9
PF10882	22.5
PF10756	22
PF20794	27.5
PF23491	27
PF23492	27
PF02237	21
PF03099	21
PF16917	27
PF09825	24.2
PF20030	27
PF25716	35
PF18338	25.8
PF21470	27
PF18667	27
PF10651	23.1
PF08947	27
PF03087	23.5
PF01861	27
PF07077	31.8
PF11958	24.8
PF17044	27
PF25315	28.1
PF11564	27.3
PF15516	25
PF22008	28.5
PF19915	27
PF19917	27
PF29786	27
PF19918	23.6
PF19919	27
PF19920	27
PF19921	27
PF19922	28.1
PF28681	27
PF06753	20.7
PF28680	27
PF02485	23.4
PF05525	22.3
PF28279	32
PF07576	22
PF28344	27
PF13882	23.8
PF31228	27
PF31223	27
PF31226	27
PF09169	25
PF09103	25.6
PF09104	24
PF00634	20.3
PF21318	27
PF22687	27
PF18110	23.1
PF00533	21.3
PF16589	27.3
PF18428	26.1
PF12820	27
PF23294	27
PF17105	27
PF06113	25.8
PF08647	24.5
PF26052	38.7
PF10334	20.7
PF25796	27
PF25792	27
PF30824	27
PF26381	27
PF26382	27
PF07741	25
PF21886	27
PF29605	27
PF10164	25.9
PF14965	27
PF04089	25
PF19052	27
PF22299	27
PF04427	28.2
PF07533	23
PF09607	23.4
PF15710	27
PF14384	26.1
PF04365	34.5
PF02498	25.6
PF03097	35.1
PF14961	25
PF23440	25
PF23431	25
PF00439	21.7
PF01318	27
PF01573	25
PF07524	24.6
PF17027	21
PF21188	25
PF10104	25
PF05244	20.3
PF25437	27
PF25313	45
PF08381	24.5
PF08849	23
PF08747	26.8
PF11009	24.2
PF19557	27
PF27212	27.7
PF27153	27
PF10923	22.2
PF26412	24
PF13337	25
PF20442	28.2
PF26107	27
PF16627	27
PF13713	24.5
PF26519	27
PF20916	23.7
PF03909	24.6
PF25436	27
PF28704	27
PF07832	27
PF25964	27
PF25919	34.3
PF25973	30
PF26077	31.5
PF25935	30
PF25917	26.8
PF26018	25
PF25997	42
PF25984	32
PF17735	38.7
PF12280	25
PF22644	27.4
PF04450	23.8
PF18220	25
PF05432	25.1
PF18512	25.6
PF08201	25
PF13991	27
PF16716	27
PF26567	27
PF06616	27
PF17728	27
PF12690	22.9
PF03092	22
PF08800	22.4
PF03704	22.1
PF00651	20.5
PF25553	27
PF21059	27
PF15363	27
PF02214	21.4
PF16017	22.3
PF23998	27.9
PF21536	27
PF11822	26
PF09270	25
PF07742	23
PF29664	55
PF28457	27
PF18410	25.6
PF21627	27
PF00779	24
PF29696	27
PF29695	27
PF05232	25.6
PF03437	30
PF17660	10
PF14399	29.7
PF04514	27
PF09405	22
PF16404	28.4
PF14274	23.1
PF22095	27
PF08522	25.9
PF16380	30
PF21139	31
PF05560	25
PF30248	27
PF09227	28.1
PF20137	25
PF30977	27
PF09736	27
PF09073	37
PF01125	23.8
PF12015	25
PF29106	27
PF29315	27
PF10048	22.4
PF04426	24.2
PF04425	28.7
PF05307	22.3
PF03557	27
PF03563	25
PF01104	25
PF00952	29.8
PF04196	25
PF29927	27
PF29928	35.6
PF03181	27
PF09792	24.2
PF28289	34
PF18826	27
PF22054	27
PF25691	27
PF30667	30
PF04681	24.3
PF05291	28.8
PF00170	27.6
PF07716	22.3
PF12498	22.7
PF28673	30.3
PF03131	22
PF27643	27
PF27053	27
PF21221	27
PF01453	32.4
PF18841	28
PF18836	13
PF15617	28.4
PF20160	24.1
PF08782	25
PF28984	27
PF30098	27
PF30099	27
PF29437	27
PF29588	27
PF29589	27
PF29550	27
PF29552	29.4
PF22926	25
PF07654	21
PF31177	27
PF28787	27
PF09404	22
PF30959	27
PF29005	37.8
PF28831	27
PF27972	27
PF28562	27
PF27955	25
PF17615	36.7
PF31231	27
PF30865	27
PF29064	27
PF28938	27
PF29345	45.8
PF20721	30
PF17703	40
PF28932	27
PF27946	27
PF15547	27
PF00386	23.7
PF00130	26.5
PF03107	26
PF07975	28.9
PF20821	30.5
PF00168	9.6
PF11618	29.2
PF05790	24
PF08205	21
PF22705	27
PF22674	27.7
PF27940	27
PF27815	26.1
PF27971	27
PF22172	27
PF22202	27
PF22077	27
PF22126	27
PF22204	27
PF23128	28.3
PF22995	27
PF22992	26.3
PF22996	27
PF25095	27.7
PF24757	25
PF24761	24
PF24759	25
PF26708	25
PF10561	25
PF29107	27
PF25339	27
PF25341	27
PF29403	27
PF25338	27
PF25329	27
PF25334	27
PF23122	27
PF25331	27
PF25330	27
PF25337	27
PF25332	27
PF24147	27.5
PF24150	27.7
PF25336	27
PF24920	27
PF30235	27
PF30205	27
PF29793	27
PF28878	27
PF28569	27
PF28644	27
PF27898	27
PF27948	27
PF28264	35
PF28870	27.5
PF21406	27.2
PF21308	26.7
PF01413	27
PF29165	27
PF29458	27
PF29461	27
PF29459	27.1
PF29502	27
PF29909	27
PF29456	27
PF18453	29.6
PF21145	21.4
PF06662	23.3
PF17982	26.3
PF29947	27
PF15025	27
PF22833	27
PF15016	27
PF29007	27
PF21309	27
PF01681	27.9
PF27909	27
PF29328	28
PF28222	27
PF10170	27
PF21284	27.1
PF08742	23.7
PF23263	25
PF29333	27
PF15019	27
PF15011	27
PF20814	27.5
PF09678	27.7
PF14159	30.7
PF15335	25
PF12515	25
PF15895	27
PF21133	22.2
PF30992	27
PF30995	27
PF30993	27
PF12736	24
PF15367	27
PF16885	20.4
PF21796	24.3
PF27776	27
PF30734	51.5
PF30670	30.2
PF17201	27.7
PF29282	27
PF23846	27
PF09732	30
PF10312	23
PF03596	26.2
PF29986	27
PF18500	29.9
PF00028	28.8
PF12733	24.2
PF08266	23
PF16184	25.5
PF17803	42.1
PF17892	26.5
PF23592	36.8
PF16492	31.5
PF25374	35
PF08758	23
PF15974	22
PF01049	24
PF09232	27.9
PF07440	25
PF15512	27
PF04857	24.2
PF15539	21.6
PF15557	25.9
PF30067	27
PF30071	27
PF30066	27
PF11600	26.4
PF12253	25
PF12265	22.7
PF17052	25
PF11615	21
PF13117	22.7
PF03507	25
PF18971	27
PF16567	25
PF15066	27
PF03135	21
PF22450	27
PF16707	27
PF03524	34.2
PF14585	25.8
PF07337	21
PF09053	25
PF07180	27
PF25811	22
PF03185	25.1
PF28003	27
PF04847	23.5
PF11535	21.5
PF07888	36
PF06387	25
PF00214	22.3
PF02029	50
PF05042	27
PF00915	20
PF08435	25
PF05752	25
PF08405	24.2
PF07887	25.5
PF20452	24.2
PF20451	24.5
PF01067	21
PF00748	22
PF16648	27
PF26741	27
PF30284	27
PF00402	21.1
PF00262	25
PF25968	27.5
PF05556	24
PF01216	27
PF03160	6.8
PF13944	20
PF15170	27
PF02888	25
PF08332	22.1
PF05538	29.6
PF07373	23.3
PF07537	25
PF17095	27
PF11971	27
PF08683	27
PF10562	20.2
PF16025	27
PF07839	24
PF21904	27.4
PF28359	83
PF05792	11
PF11766	25
PF14816	25
PF00188	21.1
PF23448	27
PF15255	28.2
PF10137	24.7
PF18153	31.2
PF23471	30
PF07918	25
PF18178	27
PF12153	20.5
PF28223	27
PF26398	23
PF14130	26.2
PF11735	28.8
PF27322	27
PF30141	27
PF31156	27
PF27533	27
PF21875	27
PF21817	24.2
PF12287	25
PF18293	27
PF11729	25
PF16903	24
PF04451	34.8
PF11889	27
PF17071	26
PF21991	28.1
PF05159	20
PF14052	30.1
PF05704	24.5
PF14102	27
PF06251	20
PF20616	22.1
PF14504	29.3
PF08603	23.8
PF26986	27
PF01302	26.5
PF21938	27
PF01213	19
PF09147	21
PF16861	27
PF02543	24
PF13715	32.2
PF01039	22.3
PF13620	32.3
PF02977	27.6
PF05388	25.8
PF00194	27
PF10645	25
PF01256	27
PF08261	0.5
PF00619	23.9
PF09002	26.4
PF07705	22.7
PF22509	26
PF22346	27
PF16739	28.2
PF21095	23.1
PF02559	23
PF24744	27
PF23400	24.6
PF21955	28
PF01623	27
PF11531	22
PF07942	27
PF16000	25
PF08462	21
PF17888	26.4
PF00755	22.3
PF04240	25
PF09150	25
PF01864	22
PF06373	27
PF22335	27
PF07282	26.3
PF28350	27
PF28192	27
PF07779	27.3
PF21802	28.7
PF22590	27
PF30455	27
PF18395	27
PF18019	23.1
PF21384	27
PF20158	25
PF09559	26.7
PF17262	39.4
PF17955	25
PF28248	27
PF21350	27
PF17952	27.9
PF28157	27
PF24122	27
PF24121	27
PF16593	26.3
PF18470	26.9
PF17893	27.9
PF18525	27
PF22385	27
PF16595	25
PF18070	29.6
PF21574	27
PF16592	25
PF22702	27
PF17894	28
PF12366	26.2
PF15927	28.2
PF00363	23
PF00997	25
PF16907	29.1
PF16632	35
PF16600	30
PF08172	28
PF04535	26.2
PF14526	27
PF10174	29.1
PF21389	27
PF18700	26.5
PF06241	26.7
PF09651	24.8
PF12026	25
PF09670	27
PF01867	22.3
PF09707	24.7
PF01930	22.7
PF09704	23
PF01881	23
PF05107	33.2
PF09700	21
PF09701	21
PF21918	27.7
PF09703	25
PF09702	23
PF26241	27
PF09709	27
PF03378	25
PF22206	27.8
PF22208	27.5
PF09659	27.8
PF09711	23.7
PF09620	21
PF09657	29.2
PF09658	25
PF09611	22.7
PF09614	25
PF09615	25
PF09618	25
PF09344	26
PF09706	21
PF09617	25
PF09609	21
PF09623	23
PF16813	28.8
PF09484	27
PF30841	25.1
PF30840	25.1
PF09652	28.2
PF00302	23.5
PF22815	27
PF22816	27
PF00199	25
PF06628	30.1
PF18011	24.6
PF20271	29
PF00666	21
PF08773	27
PF13246	25.5
PF00689	27.3
PF00690	20.4
PF01545	24.9
PF21772	27
PF20270	24.6
PF20269	27
PF21541	27
PF21548	27
PF15149	27
PF22830	27
PF22831	27
PF22850	27.4
PF22849	28.3
PF22841	27
PF22843	27
PF15064	27
PF22846	27.6
PF22851	27
PF22840	27
PF28906	27
PF28873	28.3
PF03123	25
PF04731	22.4
PF20747	28.2
PF08931	26.7
PF21564	27
PF02413	22.1
PF28596	27
PF16792	27
PF20954	27
PF20953	27
PF20955	27
PF16838	28.1
PF22909	27
PF03233	24.8
PF03310	24.2
PF01693	21
PF31029	27
PF01146	25
PF04771	72.7
PF18249	25
PF08763	26.7
PF14798	25
PF10563	26.3
PF26680	28.1
PF02275	20.4
PF27937	27
PF08406	20.6
PF12123	27
PF06154	27
PF03914	22.1
PF02045	27
PF00808	21.4
PF08143	22
PF02312	25
PF01656	25.4
PF02570	22.5
PF01888	25
PF29030	27
PF21437	27.7
PF01890	27
PF11761	22.7
PF11760	25
PF02571	28.6
PF06180	26.2
PF01891	23.1
PF02553	25
PF02361	25
PF01903	22
PF01955	27
PF18973	25
PF02262	25
PF02761	22
PF02762	25
PF14683	27
PF21615	27
PF23449	27
PF22704	30
PF16738	28.1
PF09212	20
PF21582	27.9
PF18344	27.6
PF15886	25
PF18448	26.5
PF09478	23.4
PF16760	27.6
PF16841	28.2
PF18666	27.6
PF18259	25
PF22579	27
PF18283	29.8
PF25116	27.6
PF24517	26
PF06452	23.4
PF16011	25
PF00734	20.6
PF02013	23
PF03425	27
PF01607	22.1
PF03426	22
PF03424	25
PF03427	20.1
PF26120	28.8
PF00553	24
PF00686	23.3
PF03370	28.9
PF03423	27.3
PF16824	27.9
PF00942	22.4
PF16990	28
PF18099	23
PF02922	22.4
PF02018	25.9
PF22637	27
PF22184	27
PF02839	26.2
PF14600	27
PF03422	21.5
PF24607	27
PF03170	21
PF29167	27.7
PF26122	27
PF03442	28.9
PF12192	25
PF19042	27
PF29558	28.6
PF29954	27
PF29957	27
PF27692	27
PF19041	27
PF07960	28.8
PF19043	27
PF20991	27
PF20992	27
PF11120	28
PF11658	24.8
PF17038	25.6
PF17037	28.7
PF06564	21.3
PF10945	25.2
PF17036	24
PF17040	25
PF26516	27
PF00571	16.5
PF27338	27
PF29803	27
PF09490	30.7
PF06755	27
PF09489	27
PF27266	27
PF28076	29
PF26604	26
PF17218	22.2
PF18064	28
PF04942	20.6
PF25081	27
PF09789	30
PF15768	27
PF27557	27
PF16516	35.3
PF21528	24.6
PF15625	25
PF24555	27.3
PF23332	27
PF11105	27
PF12046	25
PF11152	26.3
PF02325	27
PF26644	22
PF15964	27
PF21555	27.7
PF21554	27
PF07860	25
PF15799	30.4
PF09747	27.1
PF07362	22.4
PF01845	28.6
PF15188	27
PF15794	30.2
PF28726	50
PF13870	31.6
PF15810	27
PF28420	31.6
PF06244	24
PF30757	33.6
PF28343	27
PF30485	31
PF28341	27.9
PF28348	27
PF21035	26.6
PF21037	27.1
PF15254	27
PF14923	25
PF14915	35
PF30925	170.7
PF30882	41.7
PF27813	27
PF15450	28
PF28226	27
PF15921	27
PF28517	27
PF28934	34.4
PF30981	27
PF28523	27
PF30982	27
PF30984	27
PF28879	27
PF15804	4
PF30671	36.7
PF30673	30.3
PF28256	32.8
PF28385	27.6
PF25449	26
PF30875	28.5
PF30876	28.5
PF28455	27
PF28454	27
PF28769	135
PF27942	27
PF30676	30
PF30674	75.2
PF30677	35.4
PF30679	61.3
PF27954	40
PF28988	27
PF05667	39.2
PF21674	24.8
PF15674	27
PF15669	27
PF28447	27
PF13270	25.6
PF14989	27
PF26735	27
PF13904	35
PF24161	65
PF28297	27
PF29257	28.5
PF27916	27
PF07946	27.7
PF15295	27
PF10152	24.6
PF27943	50
PF30917	34.2
PF27935	27.4
PF27933	27
PF15236	29.9
PF15374	30
PF15818	27
PF14917	25
PF30751	27
PF30843	62.7
PF14968	25.3
PF10226	23.8
PF28422	37.8
PF07798	33.5
PF30688	27
PF14916	28.3
PF09762	30
PF21673	24.4
PF23626	27
PF15482	27
PF25660	27
PF02754	11.8
PF27941	27
PF25491	27
PF25445	27
PF21595	27
PF16942	25
PF29347	27
PF16545	27.3
PF03379	21.7
PF27518	38.6
PF04995	25.6
PF20077	25
PF03100	24.6
PF16327	28.7
PF03918	25
PF26619	27
PF26617	25
PF27631	27
PF27636	30
PF03150	25.6
PF29470	27
PF15748	27
PF30346	27
PF15013	26.1
PF27599	27
PF06203	28.4
PF24889	27
PF26095	28.6
PF24850	27
PF23246	27
PF25771	21
PF25774	27
PF25770	23.9
PF25828	27
PF26022	28.9
PF24568	27
PF28096	27
PF25775	22
PF30391	27
PF14283	26
PF23792	27.6
PF28825	27
PF04103	27.9
PF04505	27.1
PF14984	27
PF06365	26.3
PF01130	26.5
PF09191	26
PF12567	25
PF04549	25
PF15116	28.5
PF28860	27
PF25152	33.9
PF12301	34.4
PF19293	23.8
PF06153	27
PF10372	27.2
PF16853	27
PF18691	25
PF18233	25
PF08045	23.3
PF06395	21.3
PF17246	25
PF17245	25
PF17244	25.4
PF09507	24.5
PF08564	22.1
PF08565	25
PF03234	26.1
PF02724	34
PF02933	22.4
PF02359	35.1
PF16856	28.1
PF03381	28.6
PF22606	27
PF22703	27
PF05179	32.8
PF16050	27
PF18484	29.2
PF30747	27
PF23665	27
PF11731	25.5
PF24238	24.3
PF31215	24
PF02611	25
PF16010	27
PF18375	34.4
PF18196	26.4
PF29963	38
PF03598	24
PF03599	24.8
PF31191	27
PF02234	25
PF18451	26.6
PF31217	27
PF18664	26.5
PF21483	27
PF12655	25
PF07262	27.9
PF28101	27
PF18593	26.7
PF18616	28
PF18624	28.3
PF19929	25.9
PF24172	33.2
PF18228	29.7
PF29878	27
PF28953	27
PF28203	27
PF21111	27
PF09806	26.2
PF05600	22.6
PF03261	25
PF05706	20.7
PF26947	27
PF05995	23
PF01066	22
PF08009	21.5
PF23601	27
PF23600	30
PF16715	27
PF28999	27
PF27644	27
PF24252	27
PF29953	27
PF15213	27
PF24125	27
PF23862	27
PF23863	33
PF22598	27
PF08839	22.6
PF16679	25
PF03498	22
PF15359	27
PF18822	27.9
PF27303	27
PF26305	27
PF17996	27.9
PF16368	27
PF16366	29.8
PF14997	25
PF00272	25
PF09209	24
PF10729	28.8
PF27251	27
PF12662	26.6
PF21908	27
PF02927	24.6
PF03500	23
PF00150	23.5
PF12876	25
PF03552	24.7
PF18659	27.2
PF18054	27
PF03040	27.4
PF10511	21.4
PF24606	27.3
PF24605	27.6
PF15677	27
PF09026	25.4
PF04218	21.2
PF11699	29
PF15620	27
PF10490	21
PF10473	34.5
PF10481	37.7
PF05837	29.9
PF07778	23
PF11802	27.2
PF13092	24.4
PF11111	25
PF05238	25
PF09496	23.9
PF13096	25
PF13094	28.5
PF06729	27
PF15630	28
PF15511	28.1
PF16171	27
PF13097	21
PF15510	25
PF09415	25
PF28563	27
PF20993	27
PF20994	27.8
PF15622	27
PF30878	27
PF17730	25
PF09287	24.4
PF21038	27.5
PF21040	26
PF21039	27.4
PF28367	31.5
PF27695	28
PF27681	27
PF30381	82.4
PF30378	56.9
PF15134	27
PF30816	37.6
PF30819	37.6
PF27882	27
PF27944	66
PF27825	27
PF27821	27
PF30844	31.9
PF30846	36.1
PF30268	27
PF15308	27
PF14933	27
PF22060	27
PF22064	27
PF22067	27
PF22073	35.5
PF22074	27
PF22076	35
PF22065	27
PF22066	33.5
PF16574	25
PF29971	27
PF29967	27
PF30056	31.2
PF28375	27
PF16846	22.5
PF15007	27
PF14073	28
PF14197	27.1
PF06657	31.3
PF17045	33
PF27977	29.4
PF15627	27
PF24652	22.5
PF24654	27
PF30828	37.8
PF30835	37.8
PF28159	36.3
PF24656	27.8
PF30920	27
PF12076	28.3
PF05875	32.5
PF04734	32.1
PF17048	30.5
PF07249	24.4
PF19280	33.5
PF29402	27
PF29397	27
PF29398	27
PF05932	20.4
PF22550	27
PF21011	21.6
PF15661	27
PF05018	24
PF21049	25.8
PF11912	28.6
PF31151	27
PF07434	27
PF05264	25.9
PF21286	27
PF22595	27
PF22611	27
PF15104	27
PF22584	27
PF24569	27
PF30551	65.9
PF30552	115.3
PF11069	27
PF14926	27
PF22800	27
PF23185	27.1
PF24529	27
PF14858	27
PF21771	27
PF23150	27.9
PF16092	27
PF06608	24
PF29377	27
PF29410	27
PF29386	34.5
PF29378	27.5
PF29407	52.4
PF14825	24
PF15074	32.6
PF14738	27
PF15139	27
PF15239	27
PF27956	27
PF27274	28.3
PF09443	23.2
PF05730	22
PF27473	27
PF29780	27
PF19079	27
PF14396	22.5
PF03859	23.5
PF29846	27
PF29848	27
PF29126	27
PF29112	27
PF29482	27
PF29483	27
PF10233	29.2
PF28740	27
PF28738	27
PF28739	27
PF28908	27
PF27895	27
PF19906	27.6
PF30222	27
PF28065	27
PF30479	40
PF30478	28.3
PF08821	27
PF21715	30
PF08617	25
PF22649	27
PF24763	34.2
PF27333	27
PF25291	27
PF25290	27.4
PF06799	25
PF31274	27
PF26231	21
PF03879	32.5
PF06306	21
PF00307	22.1
PF06150	27
PF04752	21
PF05235	25.6
PF02431	27
PF16035	27
PF16036	27
PF18232	27
PF02797	27
PF00195	27
PF30902	27
PF03502	27.2
PF05257	26
PF22554	27
PF07824	25
PF27896	27
PF13144	23.8
PF17656	27
PF09295	20
PF03924	25
PF05226	26.3
PF05227	28
PF05228	26.2
PF17149	27
PF17150	27
PF17151	27
PF17152	27
PF17153	27
PF12770	24
PF03173	25
PF03174	23.6
PF13290	27
PF06747	27.2
PF29645	28.2
PF13907	28.3
PF04420	29.3
PF08074	27.7
PF06461	28.8
PF08073	27
PF28547	24
PF01339	24
PF04509	22
PF03975	25
PF04283	25
PF01739	27
PF03705	27
PF01584	23.5
PF29238	27
PF13690	27
PF09078	24
PF04344	30.7
PF28017	33
PF05679	23
PF16981	27
PF14645	24.8
PF06483	27
PF25677	27
PF27792	27
PF11434	25
PF18391	26.7
PF15355	27
PF08329	21.2
PF23000	23.5
PF00187	27.8
PF00379	20
PF01644	22
PF08407	22
PF03142	27
PF18683	27
PF07548	25
PF09675	25
PF01308	20
PF03503	25
PF03504	34.1
PF02415	12.5
PF05475	25
PF13541	27
PF00504	31.1
PF07224	26
PF14476	25
PF11098	26.3
PF06598	27
PF06778	25
PF02962	26.5
PF22494	27.4
PF26766	27.3
PF09193	27
PF01473	9.8
PF19085	27
PF19127	27
PF21540	10
PF01633	29
PF04428	22
PF12411	27
PF04515	26.9
PF09129	25
PF14592	24
PF06566	25
PF04968	24.6
PF05961	24.1
PF05846	25
PF05941	27
PF06015	25
PF05966	22.5
PF05989	27
PF06138	27
PF05796	27
PF06129	28.1
PF05803	27
PF05864	27.5
PF01723	22.3
PF03964	26
PF05387	22
PF29895	27
PF05836	25
PF00425	27
PF30495	27
PF01264	27
PF04345	23.6
PF27115	27
PF27659	35
PF27779	27
PF27794	27
PF27796	27
PF27865	27
PF27890	27
PF27907	27
PF21484	27
PF22380	26
PF23340	27
PF03777	21
PF10216	25
PF27851	27
PF09828	25
PF20229	23
PF07452	24.1
PF19548	27
PF05535	25
PF02417	28.6
PF00385	25.1
PF13889	22.9
PF18704	25
PF23615	27
PF23327	27
PF24294	27
PF25386	27
PF01393	22.4
PF19223	22.9
PF22997	27
PF16892	39.8
PF12271	25.1
PF06573	25
PF06228	25
PF13585	27
PF07538	22
PF23256	27.9
PF23259	28
PF22368	27
PF09649	23.3
PF06294	27
PF25532	27
PF26801	30.7
PF07347	25
PF08547	24
PF21862	27
PF28048	27
PF05093	22
PF15673	27
PF16090	27
PF04818	23.9
PF02017	23.5
PF18562	25.3
PF16766	26.7
PF16374	25
PF30058	27
PF23591	27
PF23708	27
PF23730	27
PF23599	27
PF30240	27
PF22581	27
PF00878	22.5
PF20738	27
PF02464	23.5
PF18146	27
PF28255	27
PF21044	26.6
PF30468	26
PF30469	51.3
PF15800	27
PF06615	27.9
PF07038	25
PF05614	25
PF02443	36.2
PF06022	25
PF10197	22.6
PF30665	27
PF19267	24.1
PF19268	27.8
PF19266	27
PF27541	28
PF30183	31
PF04487	27
PF04223	27
PF01874	27
PF03600	31.9
PF16980	25.7
PF16114	26.8
PF08218	20.9
PF00285	27
PF24948	83
PF29555	27.4
PF05520	25
PF03802	25
PF28266	29
PF22506	27
PF22131	21.9
PF22129	24
PF12605	21.2
PF15297	27
PF17500	27
PF01111	27
PF01214	27
PF03805	24.5
PF14769	22.7
PF28371	27
PF13259	22.8
PF25807	27
PF30752	27
PF12348	27
PF22488	27
PF04021	23.7
PF00637	29.6
PF09268	21.2
PF15045	22.5
PF13838	27.8
PF01086	22
PF01394	21.3
PF01217	22.5
PF13903	29.1
PF06653	28.7
PF26158	27.8
PF05452	21
PF27871	27
PF07062	24.9
PF08434	25.6
PF28179	27
PF28761	27
PF07675	7
PF29411	27.7
PF28847	27
PF19439	25
PF29709	27
PF03505	25
PF28699	27
PF27922	27.4
PF22441	23.5
PF19411	25
PF12032	20
PF27241	31.9
PF16641	15
PF01345	24.6
PF24346	27
PF18322	26
PF18398	12
PF18399	25
PF15675	25
PF02487	31
PF15014	27
PF15156	27
PF27857	27
PF03515	25
PF03513	25
PF22374	27
PF01785	21.3
PF06807	27.9
PF28353	27
PF16573	22.3
PF16575	26.6
PF10431	21.9
PF02617	23
PF05602	22
PF02861	26
PF00574	20.2
PF29029	27
PF10383	25
PF16761	27
PF14420	22.3
PF19699	27
PF13236	24
PF27672	27
PF30466	27
PF10234	25.8
PF01093	23.6
PF15044	25
PF16526	26.7
PF28351	27
PF03026	27
PF03021	27
PF02353	27
PF08583	22
PF08991	28.9
PF02627	23.8
PF29180	27
PF28155	27
PF29535	27
PF10629	21.6
PF15667	27
PF18456	25
PF22045	27
PF22407	26
PF30492	27
PF21452	27
PF30491	27
PF20822	27
PF20824	27
PF12469	25
PF20823	27
PF19021	27
PF22392	26
PF14617	35
PF12467	25
PF12503	25
PF25750	27
PF25722	27
PF08001	23
PF09316	27.7
PF07736	27
PF01817	27
PF08077	25
PF05738	17.1
PF25562	24
PF29624	27
PF12717	26.4
PF12922	27
PF05786	29.8
PF12719	25.8
PF16858	32
PF16869	27.6
PF06278	32.3
PF05785	25
PF00780	26
PF06663	27
PF30894	27
PF09447	27
PF16643	27
PF00027	27.5
PF30280	27
PF30279	27
PF01595	28.4
PF07989	28.5
PF27626	27
PF10155	25.9
PF27642	31.1
PF22940	27
PF16415	33.4
PF16418	27
PF16419	27
PF16417	27
PF08750	25
PF05881	25
PF17839	27.8
PF15043	27
PF17524	25
PF01110	22.7
PF26317	35
PF16688	27.1
PF00795	23.2
PF22661	27
PF08695	22
PF17051	27
PF09813	27
PF10231	27
PF01121	27
PF08764	25.4
PF02035	25
PF31131	27
PF07718	25
PF14806	32.7
PF04733	21
PF16381	31.2
PF07875	25.7
PF22402	27.8
PF07552	27
PF02629	22.3
PF13380	22.8
PF13727	25
PF01144	23
PF02515	23.3
PF01122	25
PF02572	25.7
PF03186	34.4
PF09469	25
PF02514	24.5
PF06209	22
PF04833	27
PF02654	23.2
PF12556	22.2
PF06213	26.1
PF11775	21
PF02283	27
PF02492	20.7
PF07683	22
PF23319	27
PF01923	24
PF25079	27
PF15296	27
PF18537	32.2
PF06018	29.5
PF16422	27
PF16423	27
PF00135	27
PF04187	27.7
PF22228	27
PF22229	27
PF21444	27
PF01983	22
PF01933	30
PF19288	27
PF00241	22.4
PF21874	27
PF30350	27
PF30131	27
PF22431	27
PF12022	27.3
PF06148	24.3
PF20671	26.8
PF31184	23
PF04136	27.9
PF20662	26
PF08318	27.1
PF20663	27.3
PF20649	24.7
PF10392	31.2
PF20653	26.4
PF06419	27.4
PF10191	33.9
PF29134	27
PF00963	24.1
PF12765	8.9
PF10345	25.8
PF25166	21
PF25164	26.3
PF06054	20.3
PF05710	21.4
PF15862	32.9
PF21431	27.9
PF22348	27
PF28714	27
PF26004	27
PF06286	25
PF01410	26.2
PF18496	28.3
PF01024	23.4
PF12639	25
PF11429	25
PF12106	28.5
PF11504	25
PF03857	25.8
PF09204	22
PF14859	27
PF01320	21.2
PF02674	29.3
PF01114	27
PF15083	27
PF02740	23.7
PF01391	27.2
PF05737	27.5
PF12904	22
PF15984	31.1
PF20010	23.8
PF07484	24
PF16959	27.1
PF01484	23.5
PF02679	25.2
PF27342	27
PF03047	20.4
PF27480	27
PF30181	27
PF22933	24
PF28937	27
PF27511	23.5
PF10719	25
PF26697	33.1
PF11773	27
PF15980	27
PF14173	25
PF11033	27
PF06338	22.3
PF15957	27
PF17221	23.4
PF22838	27
PF20923	27
PF07258	22.4
PF21672	23
PF02247	27.1
PF02248	27
PF11598	23.9
PF05205	24
PF03772	23
PF27757	27
PF11546	23
PF00329	22.5
PF00346	24
PF01512	31.2
PF05347	24.8
PF13232	21
PF13233	22.3
PF16732	27.3
PF18710	26.5
PF17584	27
PF05952	28.1
PF10815	22.2
PF06133	23.9
PF30906	27
PF10346	25
PF28480	27
PF27979	27
PF29322	31.2
PF29324	28.5
PF26430	27
PF26321	27
PF00668	30.6
PF12422	27
PF27686	27
PF27095	27
PF25274	27
PF09894	27
PF00029	31.3
PF16791	32
PF03508	25
PF03509	25
PF02950	25.1
PF17557	27
PF15281	30
PF22883	27.7
PF03601	24.5
PF03602	24
PF24473	27
PF15976	29
PF14395	25
PF10133	27
PF08752	25
PF14218	27
PF22788	27.2
PF05275	27
PF04234	23.3
PF05425	32.1
PF12441	28
PF07970	23.6
PF07002	27
PF08507	30
PF06957	25
PF11525	27.2
PF00127	21.2
PF00649	25
PF15340	27
PF01218	31.8
PF25983	27
PF05019	22.9
PF03232	23.5
PF08511	20.5
PF21392	27
PF16095	35.3
PF25497	27
PF04803	32.1
PF28971	33.7
PF30692	29.2
PF01544	27
PF26616	23
PF17308	25
PF03471	27
PF21647	23.9
PF06075	24
PF03311	29.2
PF02389	60
PF04694	27.1
PF06336	27
PF03262	27
PF02398	27
PF03187	27
PF06145	25
PF04753	25
PF05213	23
PF03053	25
PF03905	25
PF09727	26.9
PF09304	60
PF11057	25
PF18568	27.1
PF29477	33.9
PF29474	33.9
PF14705	24
PF10628	25
PF08757	23.8
PF11007	25
PF12652	29
PF28849	27
PF28846	27
PF13657	22.5
PF22610	27.4
PF02723	27
PF06471	27
PF01635	27
PF06460	27
PF09401	28.8
PF20631	30.1
PF20633	28.2
PF20632	28.8
PF19215	23.9
PF19216	61.9
PF19219	28.7
PF19212	25
PF19211	29.7
PF19218	27
PF16348	27
PF19217	27
PF19213	25
PF08716	31.8
PF08717	27
PF08710	27
PF00937	30
PF08715	26
PF06478	27
PF01600	25
PF19209	27
PF01601	40
PF19214	27
PF20543	27
PF00115	34.8
PF14880	25
PF02628	29.9
PF14138	27
PF05051	24.9
PF00116	22
PF09125	25
PF12597	25
PF08213	23
PF29571	27
PF02790	18
PF00510	23.8
PF02936	26
PF03626	28.9
PF07835	22
PF02284	24
PF01215	31
PF30944	27
PF02046	25
PF02297	26
PF02937	22
PF02238	22.1
PF05392	27
PF02935	25
PF02285	24
PF30647	27
PF06240	22.2
PF08113	20.7
PF06481	23
PF12557	21.4
PF03450	25.5
PF02552	21
PF02672	22.7
PF04516	25
PF01383	27
PF17223	25
PF28213	27
PF07823	21
PF09367	23.3
PF06206	21
PF29417	29.5
PF22222	27
PF28789	27
PF28758	27
PF15481	34.7
PF29746	27
PF27272	28.8
PF12269	26.3
PF08144	22.3
PF21671	27.4
PF18695	26.8
PF00166	21.1
PF00118	34.3
PF11833	28.4
PF25860	27.9
PF14507	23.5
PF14506	25
PF28583	27
PF25596	27
PF02786	19.8
PF02787	26.6
PF00988	27
PF19567	27
PF13299	24.1
PF20692	26.2
PF11718	24.5
PF03178	27
PF07931	22
PF07254	27.3
PF16484	27
PF17515	27
PF22213	27
PF22209	27
PF22212	27
PF09717	23
PF16527	23.5
PF14353	25.4
PF19769	27.2
PF29350	27
PF12694	26.2
PF04174	23.1
PF14403	32
PF22325	27
PF10147	29.5
PF06589	26.6
PF00650	22.6
PF13716	23
PF03765	23
PF27753	27
PF07016	19.8
PF22487	27
PF25650	27
PF23898	26.5
PF25725	27
PF25712	27
PF25731	27
PF25729	27
PF25709	27
PF24228	27
PF25702	27
PF25710	27
PF25724	27
PF25711	27
PF07046	21.4
PF22395	26
PF22520	26
PF02537	32.9
PF08624	25
PF28933	27
PF05981	25
PF01321	22
PF16189	29.7
PF02633	31.3
PF09030	26.6
PF20274	27
PF06123	23
PF13883	27
PF11520	27
PF16566	29.3
PF10472	25
PF25217	27
PF00473	22.1
PF23541	25
PF05428	25
PF10380	25
PF06781	24.8
PF10534	22.5
PF16978	27.2
PF19442	27.2
PF07416	25
PF20147	24.6
PF10235	25.5
PF08562	27
PF27788	27
PF27787	27
PF27799	27
PF27795	27
PF08798	25
PF09827	23.8
PF10040	25
PF19308	23.9
PF18061	27
PF09481	24.7
PF09485	24.6
PF07417	27
PF21605	27.3
PF21604	27.3
PF27985	27
PF27984	27
PF08767	23.2
PF18777	29.5
PF18784	30
PF18787	25
PF07190	20.5
PF09048	27.6
PF17691	25
PF00325	21
PF05745	23.6
PF08762	22
PF30626	27
PF28703	27
PF11347	25
PF08847	25
PF12095	25
PF30503	27
PF01985	27
PF08627	26.9
PF08728	23.6
PF27123	27
PF31201	27
PF18927	27.3
PF01147	25
PF03858	23
PF27881	39.3
PF30919	31.7
PF17997	25
PF21463	27.5
PF07029	25
PF12546	22.8
PF25640	23
PF00030	25
PF00525	23.2
PF09076	25
PF08964	27.3
PF17945	30
PF22812	34.1
PF04969	10
PF29942	27
PF06023	27
PF22662	27
PF21681	30.3
PF29672	27
PF22512	27
PF05532	40
PF18320	25.5
PF00313	27
PF17876	26.2
PF18059	27
PF19425	27
PF22401	27.9
PF23456	27
PF23163	24.3
PF08506	22
PF29787	27
PF05337	25
PF27781	27
PF25038	26
PF21678	98
PF27782	27
PF16965	28
PF17334	25
PF10627	25
PF10614	25.8
PF03783	20.8
PF21112	27
PF18651	24
PF19076	27
PF08943	27
PF30428	27
PF10972	27.4
PF21551	27.6
PF24429	10
PF12539	22.6
PF18211	26.4
PF18504	26.3
PF16834	27
PF03750	24.8
PF17953	25.9
PF22205	27.6
PF27499	27.8
PF30253	27
PF30249	27
PF21151	26.8
PF21215	27
PF18420	26.4
PF18323	27
PF18392	26
PF22061	21.8
PF10075	23.7
PF27961	32
PF27545	27
PF12288	22
PF08936	26.1
PF20686	21.5
PF20687	27.5
PF03860	20.4
PF18425	25
PF24578	27
PF29154	27
PF02599	27
PF16019	27
PF12792	23
PF16831	23.6
PF20982	27.3
PF06002	25
PF02554	27
PF16699	26.6
PF14327	27
PF14304	24.3
PF27900	27
PF21069	27
PF22230	28.2
PF09455	28.8
PF27077	28
PF27268	27
PF23602	27
PF24683	27
PF22087	27
PF24481	27
PF15623	27
PF30958	27.8
PF31227	27
PF04442	25
PF28158	27
PF15489	27
PF30822	27
PF30826	27
PF30827	27.8
PF30830	27.8
PF30831	27.8
PF30832	27.8
PF30833	27.8
PF15491	31
PF12815	24.8
PF20276	27
PF20275	28.1
PF20277	27.7
PF20279	28.2
PF20278	25
PF20395	28
PF20280	27
PF20281	25
PF20282	26.4
PF20283	27.6
PF20284	27.6
PF20285	27.9
PF13959	27
PF23119	27
PF30065	27
PF30064	27
PF30282	27
PF30283	27
PF22463	26
PF22462	26
PF28685	27
PF28691	27
PF20946	26.4
PF09696	22
PF00859	27
PF14262	25.8
PF25815	27
PF28770	30
PF06934	25
PF10482	27
PF12243	23.7
PF12350	25
PF10607	26
PF23138	27
PF27829	27
PF07863	27
PF08347	22.4
PF08216	27
PF01982	25
PF22694	27
PF06418	26.1
PF01148	24
PF02348	22.6
PF01467	21
PF04145	25.3
PF05848	23.1
PF15729	24.4
PF17727	23.8
PF18244	25
PF23681	27
PF10288	27.9
PF30690	27
PF06922	25
PF04808	22
PF07184	25
PF06706	25
PF27743	27
PF27742	27
PF16710	27
PF07459	26.2
PF28261	27
PF17435	25
PF02626	25
PF02682	22.1
PF17563	27
PF11617	3
PF00394	21
PF07731	20.4
PF07732	21
PF02578	22.9
PF01082	30
PF03712	23
PF00431	21.4
PF31265	27
PF31270	27
PF31269	27
PF02408	23
PF21765	27
PF26080	27
PF23667	27
PF23668	27
PF25142	28
PF23060	27
PF23061	30
PF23062	32
PF23063	30
PF23064	28
PF23059	28
PF23068	28
PF18631	27
PF03263	27
PF00760	22.6
PF02845	21.1
PF18499	27.4
PF29637	27
PF27983	27
PF21172	27
PF31072	27
PF11515	25
PF23168	27
PF31199	27
PF00888	14.3
PF26557	33.2
PF03556	27.9
PF10557	36.9
PF11819	22.4
PF00190	22
PF07883	27.2
PF05899	23.5
PF06172	25
PF12852	26.7
PF12973	27
PF13621	27.4
PF24419	27
PF13473	27
PF22621	27
PF07012	20.7
PF07325	25
PF07436	25
PF11604	27
PF21085	24.1
PF23999	27.4
PF02376	24.4
PF11500	24.5
PF08559	26.2
PF03091	22.4
PF03932	23.3
PF08140	27
PF08184	25
PF11018	27.1
PF15955	27
PF01083	25.9
PF16557	25
PF25301	30
PF25057	27
PF25398	27
PF01179	27
PF07833	24.2
PF02727	21
PF02728	22.6
PF18252	27
PF02298	20.8
PF28674	27.1
PF21191	27
PF21543	27
PF08881	24.5
PF21617	27
PF30328	27
PF12542	31.4
PF08315	26.1
PF08312	23.2
PF04677	21.9
PF04676	28.8
PF04889	30.4
PF21465	27
PF22093	27
PF22135	27
PF10814	27.8
PF08230	25
PF04122	22.3
PF01705	25
PF16860	26.4
PF18802	26.9
PF18803	27
PF18804	26.6
PF18717	26.9
PF18718	26.9
PF18721	27.5
PF18866	27.9
PF20902	27
PF15211	27
PF12109	26
PF03128	13.5
PF28678	27.5
PF27959	27
PF03692	23
PF05907	22.9
PF21187	22
PF02560	25
PF18921	27
PF20712	24.3
PF27863	28
PF15169	27
PF05328	27
PF10438	22.2
PF09087	25
PF04199	23.1
PF04673	24.4
PF08613	21
PF02984	22
PF16899	27
PF12014	22
PF00134	23
PF16500	24
PF04126	27
PF18050	22.7
PF03784	25
PF21797	27
PF28236	27
PF22282	25
PF09600	25.2
PF28124	27
PF28091	28
PF16607	27.9
PF15241	27
PF16941	27
PF21291	27.1
PF21329	27
PF06646	27
PF23018	34
PF05865	25
PF07159	23.1
PF18638	38.1
PF26203	27
PF17850	29.7
PF10414	23
PF24562	27
PF23493	23
PF00031	22.2
PF12734	25.2
PF17869	29
PF00007	24
PF17486	27
PF30496	27
PF01053	27
PF14206	24.5
PF14375	24
PF00839	22
PF14205	25.5
PF28035	27
PF14194	27
PF00173	23.7
PF27734	35
PF07271	40
PF01928	23.2
PF02224	26
PF13189	28
PF15153	27
PF09786	27.3
PF10643	27.1
PF00033	27.2
PF13435	14.9
PF14522	24.8
PF11783	22.1
PF13442	22
PF16694	27
PF05038	25
PF00283	30
PF00284	25
PF03188	23
PF07361	30
PF00032	18.9
PF13631	27
PF00034	21.3
PF02167	22.8
PF14537	25
PF14495	27
PF02335	24.1
PF02085	22.9
PF01322	26.5
PF01578	30.2
PF22678	27
PF02239	25.5
PF03264	24.1
PF02276	22.4
PF09265	23
PF10407	22.6
PF01801	25
PF06084	20.2
PF05984	27
PF06284	25
PF05963	25.8
PF09000	22
PF01265	23.8
PF10890	24.3
PF01654	26.2
PF02322	35.6
PF12270	26.9
PF29945	27
PF10873	31
PF13682	29.4
PF25975	27.5
PF25971	52
PF16986	30
PF28244	29
PF09719	27
PF16821	30
PF17538	25
PF02363	20
PF07286	25
PF14031	22
PF29638	27
PF29639	27
PF29642	27
PF07065	24
PF13225	27
PF08706	22.4
PF23283	28
PF22903	22
PF12315	25
PF18752	25
PF25204	27.5
PF23281	27
PF15773	27
PF12004	24.3
PF21792	27
PF10070	25
PF07876	25
PF02457	27
PF31017	27
PF21749	27
PF21752	27
PF21750	27
PF21753	27
PF21751	27
PF21754	28.3
PF19294	24
PF21755	27.4
PF21756	27
PF02109	27
PF31135	27
PF05454	27
PF03982	22
PF00609	27
PF00781	20.8
PF01219	22.3
PF31009	28
PF14513	23
PF19443	38
PF18152	27
PF00793	25.5
PF01474	27
PF30068	27
PF02733	31.4
PF02734	27
PF07478	24
PF01820	34.6
PF05746	22.3
PF09190	22
PF26758	24.6
PF05869	28.1
PF22555	27
PF22556	27
PF31277	27
PF03045	22
PF01266	27.9
PF15199	27
PF16901	31.4
PF15228	27
PF07213	22.9
PF10236	23.1
PF05173	27
PF01113	20.8
PF16654	30
PF18089	22.7
PF08503	27
PF15268	27
PF07930	25
PF19328	23.3
PF01678	34.7
PF18789	27
PF18788	27
PF17074	27
PF22080	25
PF04751	26.3
PF05395	24.6
PF14487	22.5
PF08655	20.7
PF08649	31
PF08654	26.9
PF08656	23.1
PF08650	29.8
PF08653	26.6
PF08651	25.4
PF08227	24
PF08287	26.3
PF08657	26.7
PF04447	23
PF03344	27.6
PF20920	27
PF18872	10
PF11029	25
PF01682	25
PF14545	22.2
PF14443	27.2
PF18430	25
PF10683	20.5
PF03108	25
PF22437	27
PF13892	31
PF02277	22.6
PF20496	25
PF22672	27
PF12361	27
PF08147	27
PF03880	25.6
PF16610	30.7
PF05011	26
PF20890	27
PF18526	25
PF15349	27
PF02743	45
PF22588	27
PF08269	26.5
PF14827	25.7
PF14939	21.8
PF15802	27
PF27601	27
PF27600	27
PF27670	27
PF19577	27
PF16213	25.6
PF09724	22.9
PF04134	27.8
PF22769	27
PF22569	22
PF06559	21.4
PF05258	24
PF30548	27
PF00383	25
PF08211	25
PF06058	22.5
PF05026	28
PF05652	25
PF11969	24
PF14047	27
PF22389	27
PF08786	27.2
PF27100	27
PF26039	27
PF29566	27
PF29569	27
PF29539	27
PF29568	27
PF06808	23.8
PF21711	40
PF03480	23.4
PF04290	28.3
PF03605	27
PF03606	23.1
PF03607	22
PF24478	27.8
PF07782	25
PF28632	27
PF28666	27
PF30987	27
PF10172	24
PF27279	27
PF19420	23
PF30294	27
PF30267	27
PF28132	27
PF28663	27
PF29011	27
PF29155	27
PF28615	27
PF28996	27
PF30293	27
PF29486	27
PF29484	27
PF30292	27
PF29736	27
PF29730	27
PF29751	24
PF29740	27
PF30330	27
PF29008	36.5
PF31203	27
PF10161	27
PF03455	26.8
PF03184	22
PF02914	23
PF13358	28.6
PF13546	27
PF01609	23
PF13586	29.2
PF13612	27
PF13701	34.7
PF13737	28.1
PF13751	25.1
PF13843	22.4
PF13808	32.3
PF04693	20.2
PF13359	24.8
PF03400	24.1
PF12762	27
PF13610	27
PF03050	23.1
PF13817	30
PF07592	26.9
PF01610	23
PF01526	24
PF02862	28.3
PF24669	32.8
PF22406	27
PF08841	24.6
PF21114	27
PF12747	25
PF18763	27.6
PF26517	27
PF09756	27.8
PF31238	27
PF18427	26.5
PF02791	22
PF25430	27
PF26142	22.3
PF30825	27
PF12121	20.9
PF00270	24.1
PF06733	21
PF08494	23.5
PF12343	23.3
PF25399	23
PF24241	27
PF00531	22.6
PF14786	25
PF21733	27
PF24979	27
PF24978	28
PF23629	27
PF24094	27
PF23630	27
PF04624	22
PF04626	25
PF04625	29.2
PF15859	27
PF25296	45
PF02352	24.6
PF01335	35.9
PF21762	27
PF01548	29
PF31121	27
PF29042	27
PF29833	27
PF30206	27
PF30061	27
PF30075	27
PF29716	27
PF17333	30.7
PF17546	27
PF24552	27
PF29352	27
PF00323	21.4
PF01097	20.4
PF08131	18
PF07936	20.6
PF18251	25
PF00711	21
PF13841	22.2
PF14862	25
PF29103	27
PF17858	25
PF10868	25.1
PF00879	23.6
PF17860	23.4
PF30538	27
PF30326	27
PF30038	27.4
PF30541	27
PF29525	27
PF28001	27
PF08181	22
PF30250	27
PF05384	27.6
PF01041	19.8
PF02645	27
PF13486	24.3
PF10778	28.9
PF09098	25.2
PF13816	25
PF02286	25
PF02288	27
PF02287	25
PF00257	30.6
PF08766	24.8
PF12041	23.8
PF16020	27
PF05599	25
PF05372	25
PF15498	27
PF02141	23.4
PF09804	27
PF31030	27
PF21023	25.3
PF02336	31.2
PF01791	23.8
PF00455	31.8
PF00610	32.7
PF19418	27
PF15343	27
PF04511	26.6
PF25738	27
PF14704	28.3
PF15291	28.5
PF23540	24.8
PF06771	27
PF05497	26.2
PF01880	22.2
PF06397	23
PF09737	25
PF01905	18.8
PF27281	27
PF27372	27
PF10539	27.8
PF28987	27
PF15198	27
PF24557	27
PF23703	30.1
PF27261	27
PF22527	27
PF29719	27
PF30860	27
PF29047	27
PF29582	27
PF29584	31.7
PF29590	27
PF09033	25
PF09230	25
PF04127	21.6
PF08630	25
PF16543	27.5
PF28397	27
PF28697	27
PF08859	27
PF20975	26.7
PF30448	27
PF07324	29.6
PF11024	27
PF11038	25
PF22274	16
PF11040	27.3
PF22279	28.1
PF22944	27
PF23578	27.9
PF05035	25
PF29277	27
PF30119	27
PF29677	37.4
PF18909	27
PF27927	27
PF00926	26.4
PF09626	22.2
PF08385	28.3
PF08393	31.9
PF25867	27
PF00701	22.1
PF00186	25
PF06442	25
PF01368	28.1
PF02272	25.9
PF02833	27
PF01529	28.7
PF14286	25
PF21763	27
PF04038	25
PF12890	21.2
PF10418	23.9
PF06537	25
PF01180	27
PF01959	24.5
PF26558	22.2
PF24621	27.6
PF01487	22.2
PF01220	23.3
PF01761	24.2
PF06920	26
PF20422	26
PF20421	26
PF20919	26.7
PF28719	27
PF23362	27
PF24340	27
PF25389	31.2
PF25582	30
PF14571	29
PF28838	27
PF30059	27
PF05651	23.6
PF25192	27
PF30424	27
PF05358	27
PF20860	27
PF03368	23.7
PF20932	26
PF17895	25
PF20930	26
PF20931	26.5
PF11492	22.6
PF04706	25
PF10069	23.8
PF09267	22
PF05720	23
PF05462	21
PF00526	10
PF05086	21
PF04562	22.3
PF28056	27
PF04922	27
PF13164	21.3
PF29655	27
PF24820	28.1
PF21481	27
PF21479	27
PF01843	24
PF28799	27
PF08194	20.8
PF02966	27
PF16844	36.7
PF08100	25.6
PF21212	27
PF26038	27
PF05699	21.4
PF02281	26.7
PF09505	25
PF05163	23
PF12867	24.8
PF29372	27
PF06183	24.2
PF28061	27
PF22247	27
PF00775	27.3
PF04444	27
PF14226	27.3
PF17679	27
PF22313	27
PF22089	27
PF22168	27
PF01866	33.2
PF28410	23.2
PF01902	23.2
PF02763	25
PF01324	25
PF02764	27
PF11763	25
PF26134	27
PF03018	29.1
PF06584	27
PF22428	27
PF17877	31.6
PF19226	27
PF10635	25
PF08480	22.6
PF06848	33.9
PF16506	30
PF30493	27
PF28234	27
PF29671	27
PF02377	26.9
PF00200	35.1
PF28204	27
PF06491	25
PF21869	27
PF05141	26.4
PF21766	27
PF21821	24.2
PF16774	27
PF20307	26
PF20286	25.7
PF04977	28.9
PF05103	28
PF00778	22.2
PF01965	26.6
PF26976	25.7
PF09350	27
PF27507	27
PF27158	27
PF30223	27
PF21738	27
PF08068	27
PF13644	25
PF21173	27
PF21157	27
PF28484	27
PF31180	27
PF15760	27
PF01738	21
PF05783	11
PF12413	25
PF18709	25.5
PF29375	64.2
PF28931	27
PF04914	22.7
PF12459	25
PF00751	27
PF06565	23
PF10517	25
PF07841	22
PF27651	27
PF11901	26.2
PF03474	23
PF15055	27
PF28705	27
PF05499	25
PF17024	30.8
PF06464	27
PF17587	27
PF20254	27
PF26354	27
PF22289	27.4
PF22290	33
PF07263	28.4
PF16779	27
PF14300	25
PF07836	27
PF08826	22
PF00885	26.7
PF15791	27
PF12374	22
PF20624	25
PF04976	22.3
PF16867	27
PF24277	27
PF20588	28.1
PF04342	25
PF04657	24
PF22134	28.1
PF30785	27
PF20500	26.1
PF26340	22
PF08696	22.4
PF21123	27
PF11638	24.6
PF23007	27
PF00772	23
PF07261	22
PF10410	20.6
PF03796	27
PF21984	27
PF16730	27
PF21650	27
PF30523	27
PF08278	29.1
PF22410	27
PF08275	26
PF27785	27
PF28639	27
PF07319	24.1
PF00226	27.8
PF11875	27.1
PF14308	29.4
PF22774	27
PF28356	27
PF01556	26.6
PF00684	32.7
PF30527	27
PF27439	21.5
PF30609	27
PF12339	25
PF20502	26.1
PF08163	28.9
PF19704	25
PF09115	21.7
PF22587	27
PF21474	25
PF11590	26
PF18136	26.7
PF08452	27
PF03265	23
PF14040	23.8
PF17948	25
PF20557	27
PF22608	27
PF20964	26.2
PF08713	21
PF01035	27
PF13724	25
PF07157	21
PF03989	6.1
PF00204	27
PF00986	29.8
PF03603	22.2
PF01653	27
PF04679	27.5
PF01068	26.2
PF04675	24.6
PF17879	25
PF11411	22.1
PF14743	28
PF03119	25.8
PF00145	22
PF18284	25
PF01119	26
PF11053	25
PF11123	27.5
PF02499	27
PF02500	28.1
PF00875	26.6
PF07733	23.9
PF28818	27
PF14480	22
PF11490	26.3
PF00712	24.4
PF02767	27
PF02768	27
PF04364	25.4
PF30512	27
PF06144	21
PF13177	27
PF21694	27
PF14840	27.3
PF17657	22
PF12169	24.4
PF22227	26
PF12168	25
PF12170	28.8
PF06440	34.6
PF22619	27
PF00476	34.3
PF12254	26
PF01612	23.6
PF18305	23.5
PF00136	23
PF03175	25.8
PF08408	25.5
PF03104	23
PF10108	24
PF14792	25
PF14791	25
PF04081	25
PF18018	25.6
PF04042	29.1
PF20914	22.5
PF10391	29.8
PF04931	27.6
PF18049	27
PF00336	22.4
PF00242	29.9
PF02916	27.9
PF04104	25
PF26466	25
PF01896	26.8
PF02481	24.6
PF14966	24
PF27807	27
PF00521	31
PF21654	24.9
PF21713	28.4
PF14709	25.7
PF14072	29.1
PF08870	25
PF19330	27
PF01712	27
PF22855	27
PF21448	27.1
PF12047	22
PF21255	27
PF21716	27
PF18192	26.1
PF19975	27
PF19993	27
PF14429	33.6
PF00404	22.9
PF08990	20.9
PF11878	23.5
PF16172	27
PF07311	22.5
PF14144	27
PF29172	27
PF28421	27
PF03351	32.7
PF27662	27
PF30343	27
PF24598	27.3
PF08883	25
PF04118	26.4
PF11466	25
PF14839	25
PF04124	23.3
PF21118	31
PF28757	27
PF08123	23
PF11388	25
PF16816	27
PF23127	27
PF09850	27
PF23131	27
PF23129	27
PF09475	27
PF07680	27
PF04173	22.7
PF07681	23.6
PF13564	26.3
PF13781	25
PF08781	24.7
PF08985	28.6
PF16924	29.2
PF21383	27.1
PF03330	28.8
PF26429	27
PF25395	22
PF25193	27
PF25195	10
PF25194	27
PF25196	15
PF25197	27
PF14913	27
PF23859	27
PF28109	27
PF28110	27
PF14051	27.6
PF07297	27.3
PF08285	25
PF14207	25
PF23117	27
PF06044	26.7
PF04556	23
PF18742	27
PF17726	23
PF12213	24
PF14049	5
PF00930	22
PF18811	29
PF19520	27
PF21102	22
PF27828	26
PF04244	22.1
PF31123	31
PF05186	22
PF10034	27.2
PF18069	26.4
PF30163	27
PF21586	27
PF18092	26.4
PF07357	25
PF15550	27
PF30720	27
PF11719	28
PF27661	27
PF27107	27
PF24671	28
PF16803	23
PF23724	27
PF23725	27
PF05558	23.2
PF05219	26
PF06345	27.3
PF06346	40
PF06367	27
PF06371	30.1
PF20309	26.6
PF27989	51
PF28648	27
PF21135	27
PF07522	22
PF24957	27.5
PF24955	27
PF31064	32.8
PF28000	27
PF13732	27.4
PF14860	26.2
PF13686	25
PF07085	25.2
PF14236	27
PF29727	27
PF09750	25
PF12393	25
PF01916	27
PF01323	25.6
PF21575	28.8
PF02600	22.1
PF10411	25
PF13386	24.9
PF30370	27
PF11412	25
PF02683	27.1
PF18257	27.9
PF13373	25
PF10302	25.4
PF12355	26.1
PF01984	26
PF16332	28.7
PF29037	145.2
PF08148	22.7
PF12316	22.3
PF01414	24.2
PF11989	30
PF11988	25
PF00782	33.5
PF14671	28.2
PF10781	25
PF17842	25
PF04358	24.9
PF08679	24.2
PF02635	22.7
PF04077	24.4
PF00035	21
PF24995	27
PF26535	27
PF26980	27
PF24385	27.4
PF22901	27
PF22892	27.5
PF25517	26.5
PF26536	27
PF26840	27
PF05160	32.2
PF08828	23.9
PF18102	25
PF00908	27
PF08070	24.9
PF21424	27
PF21425	27
PF21430	28.5
PF14348	27
PF03942	33.7
PF21717	27
PF18357	25.9
PF08588	25
PF24794	25
PF30525	27
PF06207	26
PF06210	27.4
PF06219	27
PF06226	27
PF06231	25
PF06245	25.8
PF17761	32.8
PF06260	27
PF06267	26.2
PF06269	25
PF06270	25
PF06275	25
PF06279	25
PF06282	23
PF06287	28
PF06288	27
PF06299	22.6
PF06304	29.6
PF06335	27
PF06341	22.2
PF06342	21
PF06348	21.1
PF06353	23
PF06356	24.7
PF06364	25
PF06380	25
PF06388	25
PF06435	27
PF06448	25
PF06465	22.8
PF06469	27
PF06476	24.4
PF06477	25
PF06486	26.3
PF06493	25
PF06496	24.6
PF06503	27
PF06510	22.2
PF06513	25.2
PF06518	25
PF06523	27
PF06526	25
PF06531	28.3
PF06533	24.1
PF06547	25
PF06549	22.5
PF06551	21
PF06557	27
PF06563	28.3
PF06569	27
PF06570	29.1
PF06572	21
PF06575	25
PF06576	23.1
PF06587	25
PF06592	34.8
PF06599	25
PF06600	28.5
PF06611	21
PF06612	25
PF06618	25
PF06619	25
PF06620	25
PF06625	25
PF06626	27
PF06627	23.5
PF06633	25
PF06634	24
PF06636	22.7
PF06643	27
PF01976	22.9
PF06649	25
PF06651	21
PF06658	22.1
PF06666	25
PF06671	10.1
PF06674	34.8
PF06675	25
PF06676	31.6
PF06678	25
PF06679	27.7
PF06680	25
PF06681	25
PF06683	25
PF06685	22
PF06688	20.7
PF06691	28
PF06693	22
PF06697	25.8
PF06698	25.5
PF06707	27
PF06708	25
PF06711	25
PF06712	25
PF06717	27
PF06718	27
PF06721	21.1
PF06724	26.2
PF06727	22
PF06742	15
PF06746	21
PF06748	22.9
PF06749	25.3
PF06760	25
PF06764	30.7
PF06797	25
PF01986	25
PF06802	25
PF06803	23
PF06806	27.5
PF06822	25
PF06823	32.4
PF06836	28.3
PF06842	25
PF06844	27
PF06849	25
PF06851	27
PF06852	22
PF06853	25
PF06863	22.2
PF06866	27
PF06868	25
PF06869	33.1
PF06880	27
PF06882	27
PF06884	25
PF06887	29
PF06889	27
PF06897	26.9
PF06900	27
PF06906	25.3
PF06912	25.4
PF06918	25
PF06924	27.3
PF18406	22.8
PF06932	25
PF06935	25
PF21028	29.3
PF06938	29.3
PF06939	25
PF06940	25
PF06945	27
PF06947	24.4
PF06949	24
PF06950	27
PF06961	25
PF06966	20.4
PF06973	23.8
PF06975	25
PF06980	23.2
PF06993	26.9
PF06998	28.3
PF07000	26.9
PF01998	28.7
PF07006	30.1
PF07013	25
PF07023	25
PF07026	22.3
PF07027	27
PF07028	28.1
PF07032	25
PF07040	25
PF07041	27
PF07043	27
PF07044	23.1
PF07045	23
PF07048	25
PF07056	25
PF02001	27
PF07067	28
PF07076	23.1
PF07079	26.6
PF07080	22.1
PF07081	32.4
PF07082	27
PF07083	27.8
PF07087	22.5
PF07094	22
PF07096	23.4
PF07097	25
PF07098	21
PF07099	25
PF07101	24.2
PF07103	25
PF07104	23
PF07105	25
PF07112	25
PF07116	25
PF07117	28.9
PF07118	21
PF07119	20.3
PF07120	30.1
PF07125	27
PF07128	26
PF07129	27.2
PF07131	27
PF07136	22.1
PF07142	25.9
PF07146	29.6
PF07150	27.9
PF07151	27
PF07154	25
PF07165	25.7
PF07166	22
PF07176	23.4
PF07182	27
PF07183	31.8
PF07185	29.4
PF07187	25
PF07193	27
PF07197	27.5
PF07198	17.2
PF07199	22.3
PF07203	27
PF07205	25
PF07208	25
PF07209	26
PF07210	22.1
PF07214	22
PF07215	23
PF07220	22
PF29472	28.3
PF07223	22.8
PF07226	23.2
PF07232	23
PF07233	28.3
PF07235	27.1
PF07237	27
PF07242	28.2
PF07248	22
PF07252	30.8
PF07256	27
PF07270	25
PF07273	25.9
PF07274	34.7
PF07278	27.8
PF07279	27
PF07285	23.8
PF07293	30.1
PF07295	26.1
PF07301	33
PF07305	25.6
PF07306	25
PF07308	27
PF07312	23
PF07315	25
PF07316	25
PF07318	23.5
PF07323	25
PF07330	29.4
PF07341	25
PF07343	22.3
PF07346	27
PF07349	25
PF07351	28.1
PF07356	25
PF07358	25
PF07363	28.3
PF07364	22.8
PF07368	23
PF07369	22
PF07370	25
PF07371	28.4
PF07372	25
PF07374	21.5
PF07377	21
PF07379	24.3
PF07383	20.2
PF07384	27
PF07386	22.6
PF07394	27
PF07397	19
PF07403	25.4
PF07405	25
PF07408	25
PF07411	22
PF07420	27
PF07423	23.1
PF07431	27
PF23542	27
PF07433	27
PF07438	27
PF07439	22.2
PF07457	30.5
PF07466	23.3
PF07469	25
PF07481	23.6
PF07482	27.7
PF07509	23
PF07511	24.1
PF07485	25
PF07556	22.6
PF07560	23.8
PF07561	8.8
PF07563	25
PF07564	24.3
PF07566	22.9
PF07577	25
PF07579	22.7
PF02582	27
PF07588	27.5
PF07598	27
PF07599	21
PF07600	25
PF07602	20.3
PF07606	21
PF07607	22
PF07608	27
PF07609	23
PF07610	26.1
PF07611	29.1
PF07613	25
PF07614	27
PF07617	25.2
PF07618	24.4
PF07619	28.2
PF07621	25
PF07622	27.3
PF20407	22.9
PF07628	21
PF07643	25
PF07659	25
PF01519	40
PF07667	25
PF07671	4
PF07713	25
PF07753	25
PF07755	25
PF17396	22.6
PF07756	30.1
PF07758	23.9
PF07759	25
PF07760	31.6
PF07761	22
PF07762	24
PF25752	22
PF07784	24
PF07785	27
PF07789	28.1
PF07793	33.7
PF26671	27
PF26672	27
PF26670	33.7
PF07794	26.4
PF07843	27.5
PF07795	27.2
PF07845	31.6
PF07796	27
PF07797	22.2
PF07852	27.8
PF07799	22.5
PF07800	25
PF07816	25
PF07854	21.4
PF07801	25.7
PF07853	28.7
PF07864	22
PF07865	27.5
PF07866	23.5
PF07867	27.5
PF07868	20.1
PF07869	25.8
PF07870	27.7
PF07872	24.1
PF02593	27
PF07874	28.3
PF07877	25
PF07909	25
PF07889	34.6
PF07891	25
PF07892	27
PF07893	23
PF07900	25
PF07901	27.3
PF07895	30.4
PF07896	23.5
PF07898	24.3
PF07911	25
PF07913	25
PF07914	24
PF07933	29.2
PF07920	25
PF07939	21
PF07937	25
PF07955	27
PF07958	25
PF07954	25
PF02596	27
PF07956	29.7
PF07997	25
PF08002	24.4
PF08004	27.5
PF28505	27
PF08012	25
PF08020	24.2
PF08044	27.6
PF05414	27
PF08224	25
PF08226	21.4
PF08349	22.5
PF08338	27
PF08410	24
PF08490	27
PF08508	22.3
PF08538	24
PF08551	27
PF08560	21
PF05585	22
PF03564	25.4
PF08570	31
PF08576	27
PF08578	25
PF08590	28.7
PF08611	23.5
PF07987	25
PF08643	25
PF08682	27
PF08735	25
PF02622	27
PF08795	23
PF08796	27
PF08807	25
PF08809	26
PF08811	26.1
PF08818	27.2
PF08819	25
PF08820	27.7
PF08822	29
PF08827	29.5
PF08830	27
PF08837	25
PF08838	27
PF08844	25
PF08846	27
PF08848	25
PF08850	27
PF08852	25
PF08853	25
PF08854	25
PF08855	25
PF08856	22
PF08860	23.4
PF08861	22
PF08862	22.2
PF08865	25
PF08866	25
PF08875	21
PF08874	21.1
PF08876	27
PF08894	25
PF08893	22.5
PF30709	27
PF08895	25
PF08897	24
PF08896	23
PF08898	23.3
PF08899	27
PF08903	27
PF20921	27
PF08901	25
PF08902	30.5
PF08905	27
PF08907	25
PF08909	26.8
PF08984	32.2
PF08950	28
PF08952	23
PF08956	21.3
PF08958	22
PF08974	22
PF08963	23
PF02639	24.3
PF08966	27
PF08980	26
PF08968	25
PF08986	27.7
PF09001	27
PF08987	27
PF08979	29
PF08989	25
PF08953	20.7
PF01579	23.2
PF02641	23.4
PF08972	22
PF08921	24.1
PF08922	24
PF08925	25
PF08926	27.5
PF08930	27
PF08940	24
PF08942	25
PF02643	27
PF09082	30
PF09083	25
PF09086	22.5
PF09122	27
PF09123	21.8
PF09130	25
PF09148	22.5
PF09149	27
PF09151	25
PF09152	23
PF09155	25
PF09167	22.4
PF09183	22.5
PF09185	25
PF09186	23.7
PF09188	24.4
PF09196	25
PF09205	26.4
PF09211	28
PF09224	25
PF09234	23
PF09248	23
PF09269	27
PF09291	22.1
PF09301	25
PF09314	25
PF09320	23.4
PF09321	25.4
PF09322	27
PF09323	25.9
PF21537	25.9
PF09331	35.1
PF09347	27
PF09348	23
PF09351	23.4
PF09353	26
PF09362	27
PF09366	27
PF09390	27.7
PF09391	25
PF09393	27
PF09400	23
PF09406	27
PF09413	25.7
PF09418	25
PF09428	29.4
PF09427	27
PF09435	27
PF09436	24.3
PF09438	25
PF09442	30.2
PF09450	23.3
PF02656	23.4
PF09449	25
PF09633	27
PF09630	27
PF09634	27
PF09641	27
PF09640	25
PF09667	25
PF09592	27
PF10217	27
PF09740	25
PF09741	25
PF09755	24.7
PF09767	27.3
PF09829	24.2
PF09831	25
PF09832	23.6
PF09834	23.1
PF09835	27.4
PF09837	25.8
PF09838	24.3
PF09839	23
PF09840	24.9
PF09842	23.3
PF09843	30
PF09844	27
PF09849	38
PF09852	28.2
PF09853	21.5
PF09858	25
PF09860	22.4
PF09862	33.4
PF09863	27
PF09865	21.2
PF09866	25
PF09868	27
PF23100	26
PF09870	27
PF09871	27
PF09872	25
PF09874	22
PF09875	27
PF09876	22.4
PF02680	22.1
PF09883	23.2
PF24873	23.2
PF24872	28
PF09884	28
PF09885	27
PF09886	27
PF09887	27
PF09888	25
PF09889	26.8
PF09890	25
PF09891	20.5
PF09892	27
PF02681	26.5
PF09893	25.3
PF09895	27
PF09897	27
PF09898	24.2
PF09899	27
PF09900	24.3
PF09902	22
PF09903	26.7
PF09909	22
PF09910	25.9
PF09911	34.3
PF09912	24.4
PF09913	30.1
PF09916	25
PF09917	27
PF09918	25
PF09919	27.1
PF09920	28
PF10222	29.4
PF09921	27
PF09923	27
PF09925	32.4
PF09926	22.3
PF09928	28
PF09929	27
PF09930	34.4
PF09932	27
PF09933	24.9
PF09935	25
PF09937	25
PF09938	27
PF09939	25
PF09940	25
PF09941	26.1
PF09943	25.1
PF09945	26.9
PF09946	32
PF10035	22.8
PF02698	27.6
PF09947	22.2
PF09953	24.7
PF09954	22
PF09955	26.2
PF09958	21
PF09959	27
PF09960	30.4
PF09961	25
PF09962	25
PF09963	22.2
PF09964	25.7
PF09965	25.7
PF01629	27.6
PF02713	29.4
PF09966	22.8
PF09967	26.4
PF13203	23.2
PF09968	22
PF09969	24
PF09970	20.3
PF10224	26.7
PF09971	35.6
PF09972	24.4
PF20990	33
PF09973	24.3
PF09974	26.8
PF09980	34.1
PF09981	29.1
PF02720	24.4
PF09986	21
PF09987	22
PF09988	25
PF09989	29.4
PF02721	24.6
PF09990	26.4
PF09991	27.8
PF09996	25
PF09997	26.4
PF09998	25
PF09999	22.3
PF10001	25
PF10002	25
PF10003	27
PF10004	27
PF10006	29.5
PF10007	24.4
PF10008	25
PF10009	22.3
PF10011	28.8
PF10012	29.8
PF10013	25
PF10016	25
PF02890	25
PF10020	29.8
PF20938	27
PF10025	29.8
PF10026	23.6
PF10027	28
PF10028	25
PF10029	27.3
PF10030	27
PF10031	25.4
PF10038	23.8
PF10039	24.6
PF10041	25
PF10042	25
PF10043	28.6
PF02989	25
PF10045	24
PF10047	26.5
PF10049	23
PF10050	25
PF10051	28.4
PF10052	25
PF02995	25
PF10053	27
PF10054	22.5
PF10055	22
PF10056	25
PF10060	27.8
PF10061	28
PF10062	25
PF10063	25
PF10065	26.6
PF10066	25.5
PF10067	31.6
PF10071	25
PF10077	22
PF10078	26
PF10083	24
PF10084	27
PF10087	33.6
PF10088	28.7
PF10092	24.7
PF10094	25
PF10095	22
PF10096	26
PF10097	25
PF10098	34.6
PF10101	33.6
PF03008	22.5
PF10209	25
PF10102	23.4
PF10105	23.8
PF10106	30.7
PF09823	23.3
PF10184	24.3
PF03057	25
PF10166	25
PF03072	25
PF10177	22.9
PF09574	27
PF09558	27
PF09536	22.2
PF09543	21.1
PF09533	26.3
PF09544	29.2
PF09557	23
PF09537	30.8
PF09539	25
PF09526	25.9
PF09498	25
PF09493	25
PF09523	25
PF09622	22
PF09624	26
PF09654	21
PF09660	28.5
PF09661	26.9
PF09664	23.4
PF03086	25
PF09674	25
PF10295	27
PF10303	25
PF10313	20.5
PF10329	25
PF10332	22.3
PF10336	23
PF10348	23.8
PF10350	27
PF03103	25
PF10353	24.6
PF10360	27
PF10361	25
PF10365	25
PF03112	22
PF10386	27.9
PF10387	23.9
PF10398	25
PF10476	24.5
PF10504	25
PF10445	25
PF10446	30
PF10454	33.1
PF09601	27
PF09343	30.4
PF09365	22.8
PF09495	23
PF09591	22.5
PF10239	30.5
PF10611	25
PF03140	24.8
PF10615	22
PF10616	27
PF10617	26.6
PF10630	27
PF10631	20.6
PF10649	22.3
PF10652	25
PF10654	27
PF10655	25
PF10656	27
PF10658	25
PF10667	27.7
PF10673	25.8
PF10675	27
PF03158	27.4
PF10677	29.8
PF10679	27
PF10678	27
PF10689	25
PF10691	27
PF10692	25
PF10693	22.1
PF10694	33.5
PF10696	21
PF10697	27
PF10698	26.9
PF10702	35
PF10704	22.5
PF10713	25
PF10708	24
PF10710	26.5
PF10711	29.6
PF10721	26
PF10720	24.3
PF10724	30.6
PF10725	25
PF10726	25
PF10728	25
PF10730	25
PF10734	22.1
PF10732	25
PF10733	28.7
PF10735	28.5
PF10736	27
PF10800	22
PF10740	22.3
PF10745	25.5
PF10811	25
PF10752	25
PF10749	22.4
PF10751	25
PF10750	27
PF10801	23.2
PF10804	27
PF10802	25
PF10807	28
PF10808	25
PF10820	27
PF11245	25
PF10810	27.8
PF10739	27
PF10826	23.4
PF10827	27
PF10830	27
PF10829	27
PF10742	25
PF10831	27
PF10834	27
PF10812	27.8
PF10817	28
PF10819	26.3
PF10821	30
PF10823	24.2
PF10754	26.5
PF03192	25
PF10828	34
PF10833	28.1
PF10835	22.8
PF10836	27.5
PF10845	27.4
PF10844	22
PF10771	24.2
PF10762	27
PF10763	25
PF10755	25
PF10758	26.4
PF29510	24
PF11655	23
PF10761	28.7
PF10769	24
PF10783	25
PF10776	25
PF10788	31
PF10790	25
PF10792	25
PF10794	25.4
PF10795	24
PF11019	22.6
PF03196	26.1
PF11020	27.9
PF11021	22.1
PF11023	21
PF11027	23.4
PF11077	27
PF10936	27
PF10942	27
PF10941	25
PF11084	27.7
PF11115	27
PF11116	24.7
PF10946	27
PF11117	25
PF11118	22.4
PF10947	23
PF10944	27
PF10939	25
PF10943	25
PF11119	25
PF10948	26.6
PF10935	22.8
PF11121	27
PF10842	22.7
PF10841	28
PF10840	27
PF10839	22.3
PF10854	25
PF10853	22.9
PF10852	28.1
PF10851	22.1
PF10850	22.7
PF10849	25
PF10847	27
PF10858	27.7
PF10859	25
PF10860	23
PF10864	25.2
PF10867	22
PF10869	23
PF03268	25
PF10875	25
PF10877	23.2
PF10878	27
PF10880	20
PF10879	27
PF10838	27
PF10856	27.8
PF03269	25
PF10925	25
PF10883	28
PF10909	33.3
PF10884	27
PF10886	27
PF10887	25
PF10892	25
PF10894	25
PF03270	25
PF10901	23
PF10903	27.8
PF10904	25
PF10905	25
PF10857	25
PF10865	23.6
PF10866	22
PF10920	27.6
PF10913	25
PF10915	23
PF10921	27
PF10924	27.9
PF10916	28.6
PF10897	27
PF10896	23.9
PF10895	27.9
PF10898	24
PF10918	25
PF10891	26
PF03312	24.7
PF11026	28.3
PF10846	27.7
PF10881	24.7
PF10870	27
PF26704	21.1
PF03314	30
PF10805	37
PF10809	27
PF10931	25
PF10930	25
PF10927	23
PF10872	27
PF10888	27.6
PF10874	23
PF10871	25
PF10907	28.2
PF11042	27
PF10825	27
PF10952	28
PF10953	27
PF10954	25
PF10956	21
PF10958	22
PF03434	25
PF10816	25
PF10959	25
PF10962	24.1
PF10964	27
PF10965	27
PF10966	23
PF10967	28.3
PF10968	27
PF10969	23.8
PF10971	25
PF11242	27.8
PF10951	27
PF10949	25
PF11074	23.3
PF11075	27.5
PF11191	26.8
PF10932	25
PF10861	29.7
PF10978	25
PF10979	23.9
PF10980	27
PF10981	25
PF10982	27
PF10976	27
PF10983	27
PF10984	27
PF11387	25
PF10977	25
PF11391	27
PF10973	25
PF10926	21
PF10975	33.5
PF10974	26.9
PF10985	22.5
PF10987	24.5
PF10988	24.2
PF10989	25.3
PF10990	29.3
PF03436	25
PF10928	25
PF10929	26.6
PF11193	27.8
PF11398	21
PF10994	23
PF10993	25
PF03380	21.8
PF11039	25
PF11442	21
PF10933	25
PF11443	29
PF11196	22.9
PF11197	25
PF10998	25.2
PF10999	22
PF11000	25
PF11003	25
PF11005	22.4
PF11006	21
PF11008	34.3
PF11010	23.4
PF11011	22.5
PF03382	10
PF11012	28.9
PF11013	25
PF11014	22.5
PF11015	25
PF11016	25
PF11017	30.9
PF11198	36.8
PF11072	25
PF11059	22.9
PF11060	27
PF11062	25
PF11064	22.4
PF11065	25
PF11066	27
PF11067	26.8
PF03384	21
PF11070	27.4
PF11086	27
PF11082	25
PF11097	25
PF11101	30.6
PF11103	24.1
PF11135	27
PF11136	25
PF11199	25
PF11445	25
PF11444	22.6
PF11446	25.2
PF01724	22.5
PF11146	22.2
PF11137	31.4
PF11138	27
PF11140	23
PF11141	23.6
PF11142	25.5
PF11143	27.2
PF11144	24.7
PF11145	27.5
PF25333	27
PF11148	25.5
PF11149	31.2
PF11150	26.2
PF11151	23.8
PF11153	22.2
PF11666	21
PF11154	22
PF11155	24.4
PF11157	25.3
PF11158	31.4
PF11159	24.8
PF03445	21
PF11161	32.2
PF11162	23.7
PF11163	25
PF11164	25
PF11165	24.2
PF10335	22.5
PF11453	20.2
PF11166	26.7
PF11167	22
PF11168	25.5
PF11169	25
PF11170	27
PF11171	21
PF11172	26.8
PF11173	27
PF11178	22.6
PF11177	27.6
PF11179	25.3
PF11180	27
PF11184	25
PF11174	27
PF11185	22
PF11186	22.2
PF11189	22.2
PF11188	27
PF11190	28.2
PF11192	21
PF11200	27.2
PF11201	25
PF11204	22
PF11661	21.4
PF11205	25
PF11207	23.8
PF11693	21.1
PF11208	23.8
PF11210	27
PF11211	24.1
PF11212	27.8
PF11452	25
PF11448	27
PF11213	32.3
PF11460	25
PF11450	24
PF11215	25
PF11218	25
PF11216	25
PF11217	25
PF11219	25
PF11220	25
PF11454	25
PF11222	25
PF11456	25
PF03625	23
PF11223	25
PF11457	24.7
PF11226	28
PF11224	22
PF11225	24.9
PF11227	25
PF11228	25
PF11231	25
PF11233	23.2
PF11236	22.6
PF11237	25
PF11238	22.7
PF11239	24.7
PF11240	25
PF11241	25
PF11243	27
PF11248	25
PF11249	27
PF11258	25
PF17479	25
PF03713	27
PF11252	27
PF11253	22.7
PF11254	23.9
PF11255	25
PF11259	23.1
PF11267	25
PF11269	31.6
PF11268	26.9
PF11272	27.5
PF11273	25
PF11274	27.5
PF11275	21
PF11276	25
PF11278	27
PF03729	15
PF11279	26.5
PF11280	25
PF11282	25
PF11281	27
PF11283	25
PF30500	27
PF11284	25
PF11285	24
PF11286	23.4
PF11287	26.4
PF11288	23.4
PF03745	27
PF11290	27
PF11291	25
PF11292	23
PF11293	27.1
PF11294	22.2
PF11295	23.3
PF11296	27
PF22845	28
PF11297	25
PF11298	23.2
PF11299	27
PF11300	24.4
PF11301	25
PF11302	27
PF11303	25
PF11304	24.3
PF11305	27
PF11306	26
PF21347	27
PF11360	20.2
PF11309	23.3
PF11310	27
PF11311	25
PF11313	25.9
PF11314	25
PF11317	25
PF11318	29
PF11320	25
PF11321	27
PF11322	27
PF11324	25
PF11325	27
PF11328	25
PF11329	20.3
PF11332	25
PF11333	22.7
PF11334	27
PF11335	26.1
PF11336	27.3
PF11337	27.3
PF11338	25
PF11339	29.7
PF11340	30
PF11341	25
PF11342	25
PF11343	25
PF11344	22
PF11345	23.6
PF11346	23.2
PF11348	27
PF11349	28.4
PF11350	25.1
PF11353	21.4
PF11352	22.1
PF11354	28
PF11355	27.5
PF11358	27
PF11361	34.2
PF03761	21.2
PF11369	25
PF11362	25
PF11363	23.7
PF11364	27
PF11368	31.6
PF11371	25
PF11372	25
PF11373	27
PF11374	27
PF11375	25
PF11376	27
PF11377	28.4
PF11378	23.2
PF11379	26
PF11381	25.3
PF11383	24
PF11384	27.6
PF11385	23.2
PF11399	26.9
PF11419	21.5
PF11424	25
PF20997	25
PF11428	28.2
PF11432	27
PF11433	28.7
PF11436	25
PF11447	25
PF11462	25.4
PF11472	23.7
PF11482	27
PF11483	29.7
PF03778	10
PF11486	27
PF11491	27
PF11505	25
PF11506	26.4
PF11508	25
PF11514	25
PF11516	25
PF11518	26.4
PF11519	25
PF11523	21
PF11528	25
PF11536	27
PF11539	25
PF11553	29.6
PF11554	27.4
PF11572	23.7
PF11578	24
PF11579	21.1
PF11580	25
PF11582	21
PF11586	25
PF11588	27
PF11589	25
PF11595	26.4
PF11596	27.8
PF11607	27.7
PF11609	27
PF03804	28
PF11622	23
PF11625	22.1
PF11631	25
PF11644	25
PF11646	25
PF11659	22.3
PF11660	27
PF11662	22.3
PF11667	27.1
PF11672	28.4
PF11673	28.1
PF03885	25.8
PF11674	27
PF11675	22.5
PF11676	28.1
PF11677	25
PF11679	25
PF11680	23.1
PF11683	26.6
PF11684	30.1
PF11685	24.1
PF11686	25.8
PF11687	23.7
PF11688	25
PF11690	27
PF11691	25
PF11692	25
PF11694	31.3
PF11695	23.5
PF11696	25.7
PF11697	25
PF07957	20.6
PF11702	25.8
PF11730	27
PF11738	24.1
PF11736	22
PF11737	25
PF11743	25
PF11742	32
PF11746	21.2
PF11745	22
PF11749	25
PF11748	25
PF11750	23
PF11752	22.3
PF11753	24
PF11755	30
PF11769	26.1
PF11771	25
PF11777	27
PF11780	25.9
PF11782	25
PF11784	25
PF11795	22
PF11796	26.6
PF11804	26.8
PF11805	25
PF03891	25
PF11809	25
PF11811	25
PF11810	25
PF11812	26.5
PF11813	25.2
PF11814	25
PF11815	25
PF11820	25
PF03904	30
PF11818	28.6
PF11824	27.2
PF11827	25.5
PF11828	25
PF11829	28.3
PF11830	25
PF11832	26.8
PF11840	26.2
PF11842	27.6
PF11843	28.4
PF11844	27.4
PF11848	27.3
PF11849	27.2
PF11850	25
PF11851	25.1
PF11853	26.1
PF11855	28.6
PF11856	25
PF11857	26.5
PF11858	27
PF11859	33.2
PF11861	25
PF11862	28.9
PF11864	28.1
PF11866	25
PF11868	25
PF11869	38.8
PF11871	27.8
PF11872	31.3
PF11874	28.2
PF11877	25.9
PF11879	25
PF11880	25
PF11882	25
PF11883	28.9
PF11884	27
PF11885	25
PF11888	29.9
PF11890	31.4
PF11893	27.1
PF11897	25
PF11898	25
PF11899	28.2
PF11900	24.9
PF11902	25
PF11905	27.1
PF11906	26
PF11907	27.7
PF11911	39.1
PF11913	25
PF11914	26.7
PF11915	27
PF11917	25.8
PF11920	25
PF11922	25
PF11925	25
PF11926	26.1
PF11928	25
PF11929	26.9
PF11932	32.6
PF11934	26.3
PF11937	25
PF11938	21.1
PF11940	28.6
PF17432	24
PF11941	22
PF03984	22
PF11943	25
PF11944	27.4
PF11946	31.3
PF11947	25
PF11948	25
PF11949	25.1
PF11950	25
PF03988	28.2
PF11953	22.7
PF11954	29.3
PF11959	29.6
PF11960	27.8
PF11961	29.7
PF11965	27.4
PF03990	11
PF11980	28.5
PF11981	29.2
PF11982	31.5
PF11990	27.8
PF11994	29.5
PF03993	23.9
PF11995	25
PF11997	23.3
PF11998	27.1
PF12001	23.3
PF12005	25
PF01784	23.4
PF03994	26
PF12006	27.2
PF12007	25
PF12010	24.4
PF12012	29.7
PF12021	25
PF12023	25
PF12024	23.4
PF12027	25
PF12028	27.6
PF12029	25
PF12030	25
PF12033	27.5
PF12036	29.3
PF12039	25
PF12040	25
PF12043	25.9
PF12045	29.5
PF12048	29.8
PF12049	25
PF12051	27.6
PF12054	26.2
PF12055	25
PF12056	25
PF04007	22
PF12059	27.9
PF12060	28.2
PF12064	27
PF12065	25
PF12069	27
PF12071	26.5
PF12073	20.3
PF12077	28.5
PF12078	26.2
PF12079	34.1
PF04009	32.7
PF12083	27.2
PF12084	25
PF12085	26.3
PF12086	26.9
PF12087	25
PF12088	25
PF12089	22.2
PF12091	25
PF12092	23.2
PF04010	29.4
PF12094	25
PF12096	25
PF12097	26.6
PF12098	25
PF12099	21.1
PF12100	25
PF12101	25
PF12112	25
PF12119	25
PF12128	31
PF12131	28.5
PF12132	25
PF04019	25
PF12157	25
PF12158	25.3
PF12159	25
PF12200	29.8
PF12204	22
PF12206	25
PF12207	26.5
PF12208	22.3
PF12223	21
PF12227	23.7
PF12228	20.4
PF12239	23.6
PF12244	24.3
PF12263	27
PF12268	25
PF12266	25
PF12267	25
PF12274	24.8
PF12275	15
PF12276	24.5
PF12277	24.9
PF12279	22.2
PF04015	24
PF12286	22.2
PF12291	27
PF12292	27
PF12294	27
PF12299	10
PF12302	27.8
PF12305	25
PF12307	24
PF12311	23
PF12321	25
PF12337	25
PF12340	31
PF04016	23
PF12342	25
PF12345	24.9
PF12182	22.7
PF12358	27.6
PF12359	25
PF12362	30.2
PF12364	20.6
PF12365	21.2
PF04033	25.9
PF12375	22.4
PF12376	25
PF12392	22.1
PF12394	27
PF12395	23.3
PF12396	24.8
PF04017	29.9
PF12398	25
PF12404	25
PF12406	23
PF12408	25
PF12412	27
PF12416	26
PF12417	22
PF12419	27.6
PF12420	34
PF12425	22.3
PF12426	22
PF12428	24.3
PF12429	25
PF12435	23
PF12438	27
PF12442	24.3
PF12446	25
PF12447	27
PF12449	27
PF12452	25
PF12458	25
PF12461	23.5
PF12463	27
PF12472	21
PF12473	27
PF12494	27
PF12476	22
PF12479	25
PF12481	27
PF12482	26.9
PF12487	22.3
PF12488	21.9
PF12499	24
PF12501	24.1
PF12493	22
PF04027	25
PF12502	25
PF12505	24.1
PF12506	27.2
PF12509	28.5
PF12511	22
PF12512	25
PF12514	22.5
PF12516	23
PF12517	25
PF12518	27
PF12520	25
PF29418	25
PF12521	22
PF12523	22.8
PF12525	22.1
PF12527	23.8
PF12526	25
PF04123	28.3
PF12530	30.3
PF12531	25
PF12536	22
PF12540	22.6
PF12541	23.9
PF12543	22
PF12545	27
PF04028	26.8
PF12548	25
PF12552	24
PF12553	27.2
PF12558	22.5
PF12565	25
PF12566	27
PF12570	25
PF12572	23.7
PF12576	27
PF12579	25
PF12581	25
PF12582	28.5
PF12585	25
PF12586	26.6
PF12587	29
PF12591	27
PF12594	24
PF12599	25
PF12600	20.5
PF12607	25
PF12609	27.3
PF12616	27
PF12620	22.1
PF04070	25
PF12635	27
PF12636	27
PF12644	24.4
PF12646	27
PF12650	28.1
PF12653	27.9
PF12654	27
PF12663	25
PF12664	22
PF12668	25
PF12670	31.3
PF12672	25.1
PF12675	22.6
PF12677	25.1
PF12683	24.6
PF12684	26
PF12686	21
PF12687	24.1
PF12290	26
PF12707	22.5
PF12712	27
PF12713	21
PF12720	25
PF12723	28.7
PF12725	28
PF11656	27
PF12758	25
PF12823	27
PF12825	25
PF12842	27
PF04037	26.7
PF12863	23
PF12864	24.9
PF12866	27
PF18003	27
PF12868	7.9
PF12873	27
PF12875	25
PF12883	14
PF12889	26.8
PF22219	27
PF04063	33.2
PF12903	26
PF12915	25
PF12916	22
PF12927	7.9
PF12930	25
PF12939	27
PF12943	22
PF04064	24.6
PF12952	27
PF12953	28.5
PF12954	25
PF12956	25
PF12957	27.5
PF12958	39
PF12959	30
PF12960	25
PF12961	22.9
PF12962	27
PF12963	25
PF12964	22.1
PF12965	23
PF12967	27
PF12968	27
PF12969	24.6
PF12970	27.8
PF12975	24
PF04074	26.5
PF12976	27
PF21441	27.6
PF12977	27
PF12978	25
PF12979	27
PF12980	27
PF12981	30.9
PF12982	25
PF12983	43.3
PF12984	27
PF12985	24.5
PF12986	22
PF12987	27
PF12989	27
PF12990	28.3
PF12991	27
PF12992	27.2
PF12993	27.9
PF12994	27
PF12995	27
PF12997	27
PF07066	22.1
PF13024	21.7
PF13021	23
PF13025	25
PF13026	31.8
PF13027	21.8
PF13028	25
PF04087	23.9
PF13029	22.8
PF13030	24
PF13031	22.3
PF13033	25
PF13034	25
PF13035	25
PF13038	23.4
PF13039	27
PF13042	25
PF13043	26.4
PF13045	27
PF13046	25
PF13047	27
PF13048	22.8
PF13077	25
PF13049	37.8
PF13050	25
PF13051	23.1
PF13052	25
PF13053	25
PF13054	26.9
PF13079	28.3
PF13055	25.1
PF13056	27.7
PF13057	28.7
PF13058	27.3
PF13060	25
PF13059	25
PF13061	27
PF13062	21
PF13063	25
PF13080	26.4
PF13064	27
PF13065	30.3
PF13066	25
PF13067	25
PF13082	25
PF13068	25
PF13069	25
PF13070	25
PF13071	27
PF13073	22.5
PF13074	25
PF13075	25
PF13081	27
PF13078	25
PF13084	27
PF13099	27.7
PF13101	15
PF13135	25
PF13134	25
PF13133	27
PF13132	28.2
PF13131	28.1
PF13130	25
PF13129	22
PF13128	23.7
PF13127	22
PF13104	22.3
PF13125	26.3
PF13105	25
PF13142	22.9
PF13106	25
PF13124	25
PF13107	27
PF13112	22.1
PF13110	25
PF13152	27.6
PF13108	27.5
PF04149	24
PF13113	21.1
PF13118	26.2
PF13119	25
PF13120	25
PF13126	25
PF13121	25
PF13122	27
PF13123	25
PF13141	25
PF13140	25
PF13139	25
PF13137	25
PF13136	22.1
PF13153	25
PF13143	27
PF13148	27
PF13151	32.2
PF13154	24.5
PF13158	28.3
PF13159	25
PF13160	34.3
PF13161	22
PF13162	27.9
PF13163	30
PF13170	28.1
PF13171	27
PF13178	22.1
PF13179	27
PF13182	27
PF04165	24
PF13194	30
PF13195	22.2
PF13196	28
PF13197	26.9
PF13198	23.2
PF13200	27
PF13209	21.6
PF13210	25
PF13211	26.5
PF04167	23
PF13212	22.7
PF13213	25
PF13214	25
PF13215	25
PF13216	25
PF13217	25
PF22789	28.4
PF13218	27
PF13219	25
PF13220	25
PF13221	25
PF13222	25.2
PF13223	25.6
PF13224	23.8
PF13226	21.3
PF13228	22.1
PF13251	27
PF13253	21.8
PF13254	24
PF13255	22.8
PF13256	22.1
PF13257	25
PF13258	25
PF13261	25
PF13264	25
PF13265	23.6
PF13266	23
PF13267	25
PF13268	27
PF04175	25
PF13269	28.1
PF13271	27
PF13273	32.1
PF13282	22
PF13284	24.6
PF13285	28.8
PF13293	22.3
PF13294	25
PF13295	25
PF13300	25
PF13301	31.4
PF13311	22.9
PF13312	25.3
PF13313	28.4
PF13314	25.4
PF13321	22.4
PF13315	24.1
PF13316	25
PF13317	27
PF13319	22.7
PF13322	22.2
PF13331	25
PF13334	23.8
PF13340	34.3
PF13349	22.9
PF13351	22
PF13352	27.9
PF13388	27
PF13389	27
PF13390	27
PF04214	27
PF13422	27
PF13430	23.3
PF13438	24
PF13448	27
PF13475	24.9
PF13493	28.4
PF13494	27
PF04217	23.6
PF13496	27
PF13497	27
PF13498	27
PF13503	25.8
PF13511	22
PF13526	25
PF13548	27.5
PF13552	27
PF13559	24.8
PF04219	25
PF13566	27
PF13567	31.6
PF13569	27
PF13571	25.2
PF13572	26.5
PF13575	29
PF13590	32.8
PF13595	31.1
PF13598	31.8
PF13600	27
PF13605	30
PF13628	27
PF13635	28.1
PF13642	27
PF13643	26.2
PF13660	23
PF13663	27
PF13664	24.6
PF13680	27
PF13687	27
PF13689	24.9
PF13698	28.9
PF13700	27.4
PF13709	25.9
PF04222	23.7
PF13711	23
PF13747	27.2
PF13752	25
PF13761	23
PF13763	25
PF13767	25.8
PF13770	25
PF04224	27
PF13773	25
PF13775	27
PF13776	25
PF13778	27
PF13779	27.3
PF13780	25
PF13783	25
PF13785	25
PF13786	30.1
PF04235	23.6
PF13788	25
PF13789	25.4
PF13803	25
PF13810	39.5
PF13811	25
PF13821	29
PF13827	25
PF13828	35
PF13829	30
PF13830	27.8
PF13834	25
PF13836	27
PF13846	25
PF13852	24.9
PF10670	34
PF13858	32.3
PF04238	30.5
PF13863	29.7
PF13875	35.1
PF04239	23.6
PF13915	21.2
PF13926	27
PF13937	30
PF13938	23.5
PF13946	23.2
PF13948	21.5
PF13952	30.6
PF13960	27
PF13961	27
PF13968	27
PF13970	23.4
PF13973	28.2
PF13978	27
PF13986	22
PF13988	25.9
PF10774	23.5
PF14004	27
PF14012	27
PF04241	25
PF14014	27
PF14015	24.7
PF14016	27
PF14017	27
PF14018	25.3
PF14019	27
PF14020	27
PF14022	27
PF04242	25
PF14024	27
PF14025	27
PF14029	27
PF14030	30.1
PF14033	26.7
PF21666	27.4
PF14042	27
PF14053	27
PF14054	28.5
PF14056	27
PF14059	27
PF14060	23.9
PF14062	27
PF14063	27
PF14066	27
PF14074	27.8
PF14076	25
PF14078	22.8
PF14079	27
PF14080	27
PF14081	28
PF14084	27
PF14085	27
PF14086	27
PF14087	27.8
PF14088	27
PF14091	28.9
PF14093	29.7
PF14094	27
PF14096	27
PF14101	27
PF14103	30.2
PF14104	25.4
PF14105	25.3
PF14106	25
PF14107	26.3
PF14110	27
PF14111	27.2
PF14112	27
PF14114	25.8
PF14117	27
PF14119	27
PF04250	23
PF14123	27
PF14124	27
PF14125	23
PF14126	27
PF14127	27
PF14128	27
PF14129	27
PF14131	27
PF14132	27
PF14133	27
PF14134	27
PF14135	27
PF14136	23
PF14137	23.2
PF14146	27
PF14154	27
PF14155	27
PF14172	25
PF14187	27
PF14188	27
PF14189	27
PF14190	27
PF14192	27
PF14193	27
PF14195	25
PF14199	27
PF14201	27
PF04254	28.1
PF14208	25
PF14209	27
PF14210	27
PF14213	23
PF14216	25
PF14217	27
PF14219	27.2
PF14220	28.6
PF04255	23.6
PF14221	27.6
PF14224	27
PF14229	23.2
PF14230	27
PF14232	25
PF14233	27
PF14234	28.5
PF14235	27
PF04256	27
PF14238	25
PF14242	25
PF14247	29.6
PF14248	26.5
PF14252	24.6
PF14254	27.2
PF14257	27.7
PF14258	30.4
PF29026	27
PF14261	25
PF11611	25.9
PF14263	25.5
PF14265	25.4
PF14267	27
PF14270	25
PF14271	27
PF04260	25
PF14273	27
PF14275	25
PF14276	27.5
PF14277	26.9
PF14280	24.3
PF14285	22.1
PF14287	25
PF14289	25
PF14291	22.3
PF14294	25
PF14301	25
PF14302	25
PF14309	25.7
PF14311	24.5
PF04282	25
PF14315	29.4
PF14316	27.2
PF14321	25
PF14325	27
PF14326	27
PF14328	27
PF14329	27.6
PF14330	27
PF14333	25
PF14334	27
PF14335	29.9
PF14339	29.6
PF14340	24.5
PF14342	27
PF14344	30.6
PF14346	27.9
PF14347	28
PF04269	27
PF14351	30.4
PF14352	25.2
PF14356	28.3
PF14357	27
PF14358	26.7
PF14359	22
PF14362	31.3
PF14364	22
PF04284	26.5
PF14366	26
PF14367	23.5
PF14371	21.6
PF14385	27
PF14386	28.9
PF14387	27
PF14388	25
PF14390	27
PF14391	32.1
PF14393	25
PF14394	30
PF14415	19
PF14467	25
PF14468	22.7
PF14471	27.8
PF14472	15
PF04276	26.2
PF14478	23.8
PF14485	27.8
PF14486	32.5
PF14488	30
PF14491	27
PF14494	21
PF14499	24
PF14505	24.9
PF20999	27
PF14530	28.8
PF04285	27
PF14534	25.2
PF14536	24
PF14539	25
PF14544	28.8
PF14563	31.6
PF14584	27.4
PF14590	27.2
PF04286	33.8
PF14614	27
PF14618	27
PF14627	28.2
PF14628	25
PF14643	30.4
PF14644	27.5
PF14652	26.7
PF14660	22.4
PF14673	27
PF04287	25
PF14687	25.5
PF14688	24
PF14692	25
PF14713	27
PF14717	25
PF14725	27
PF14729	25
PF14730	22.6
PF14734	24.4
PF14737	25
PF14740	25
PF14739	26.6
PF14747	25.9
PF14751	23
PF14771	22.5
PF14793	25
PF14794	25
PF20766	24.8
PF04289	24
PF14800	25
PF14831	25.6
PF14846	24
PF14868	25
PF14869	27.8
PF14879	27
PF14898	27
PF14899	27
PF14900	27
PF14902	27
PF14906	25
PF14937	27
PF14946	29.6
PF14950	27
PF14951	27
PF14953	25
PF14956	27.3
PF14969	27
PF14975	27
PF14986	27
PF14988	24.5
PF14990	27
PF15006	27
PF15008	27
PF29669	27
PF15012	27
PF15022	27
PF15023	27
PF15030	29
PF15031	27
PF15032	27
PF15039	28.1
PF15046	27
PF15047	28.6
PF15049	29.2
PF15054	28.3
PF15057	27
PF04304	35.1
PF15076	27
PF15078	27
PF15080	27
PF15081	27
PF15082	27
PF04305	34.3
PF15084	27
PF15087	27
PF15090	27
PF15091	27
PF15094	27
PF15112	27
PF04306	29.4
PF15118	27
PF15123	27
PF15130	27
PF15131	27
PF15132	27
PF15143	27
PF15144	27
PF15145	27
PF15147	27
PF15167	27
PF15232	27
PF15248	27
PF15252	27
PF04311	27.2
PF15257	27
PF15262	27
PF15266	27
PF15283	34.2
PF15366	26.5
PF15371	34
PF04312	28
PF15372	27
PF15376	27
PF15377	28
PF15378	27
PF15379	27
PF15380	22
PF15382	27
PF15387	32.1
PF15389	27
PF15391	25
PF15393	27
PF15394	27
PF15397	34.9
PF15398	31.7
PF15399	27
PF15414	27
PF15416	28.9
PF15417	25
PF15418	27
PF15425	24.9
PF15429	26
PF15442	27
PF04317	25
PF15443	25
PF15451	28
PF15464	27
PF15465	27
PF15466	27
PF15468	27
PF15470	27
PF15472	27
PF15479	27
PF15480	26
PF15483	27
PF15484	27
PF15485	27
PF15486	27
PF15488	27
PF15496	23.4
PF15504	27
PF15507	27.9
PF04325	25
PF15509	27
PF15513	27.4
PF15525	23.3
PF15546	27
PF15548	27
PF15551	27
PF15552	27
PF15555	27
PF15558	27
PF15559	27
PF15576	27
PF15578	27
PF15668	25
PF15679	27
PF15697	24
PF15700	27
PF15701	27
PF15709	27
PF15716	28
PF15720	27
PF15726	27
PF15727	27
PF15728	27
PF04318	25
PF15730	27
PF15732	27
PF15733	27
PF15735	27
PF15736	27.2
PF15737	27
PF15742	31.3
PF15747	27
PF15752	27
PF15755	27
PF15756	30.7
PF15762	27
PF15763	27
PF15764	27
PF15765	27
PF15766	27
PF15769	28.6
PF15770	27
PF15774	27
PF15775	27
PF15787	22.9
PF15788	6.8
PF15797	27
PF15813	27
PF15821	27
PF15829	27
PF15830	27
PF15833	27
PF15835	27
PF15842	27
PF15843	27
PF15846	27
PF15849	27
PF15851	27
PF15852	27
PF15855	27
PF15856	27.9
PF15860	26.7
PF15866	26
PF04322	27
PF15873	27
PF15875	27
PF15876	27
PF15881	25
PF15882	31.2
PF15883	27
PF15889	23.9
PF15893	27
PF15897	27
PF15916	25
PF15918	28.5
PF15923	34.8
PF15928	27
PF15931	23.8
PF15932	27
PF15936	28.7
PF04332	27
PF15938	27
PF15942	25
PF15944	27
PF15946	27
PF15947	27
PF15948	25
PF15949	27
PF15950	27
PF15956	25
PF15958	27
PF15959	27
PF15960	30.1
PF15961	25
PF15962	27
PF15973	21
PF15983	27
PF15989	27
PF15992	23.9
PF15994	27
PF15995	27
PF15997	27
PF15998	27
PF15999	25
PF16001	27.6
PF16003	27
PF16007	34.4
PF16008	27
PF16009	27
PF04334	25
PF16012	24.5
PF16013	27.9
PF16022	24.1
PF16023	25
PF20264	24.2
PF16024	24.2
PF20942	30
PF20943	24.5
PF16027	27
PF16029	27
PF16032	27
PF16033	27
PF16037	31.5
PF16039	27
PF16042	25
PF16043	34.8
PF16044	28
PF22795	27
PF16051	27
PF16055	27
PF16056	27
PF04337	25
PF16057	28.8
PF16060	27
PF16061	27
PF16063	27.9
PF16064	25
PF16065	27
PF16066	27
PF16067	27
PF04338	21.1
PF16068	34.7
PF16069	27
PF16071	25
PF16072	27.6
PF16075	30
PF16086	29.4
PF16087	22.6
PF16089	25.6
PF16091	27
PF16103	25
PF16105	25.9
PF16106	27
PF16107	22.7
PF16108	22
PF16109	29.4
PF16110	23.3
PF16111	25.5
PF04467	25
PF16112	23.5
PF16115	27
PF16116	29.2
PF16117	23.1
PF16118	27.8
PF16119	25
PF16120	27
PF16125	25
PF16126	26.6
PF16127	27
PF04340	24.2
PF16128	28.5
PF16129	25
PF16130	22
PF16132	34.5
PF16133	28.3
PF16137	27
PF16138	37
PF16139	27.7
PF16140	22.8
PF04341	28
PF16142	27.9
PF16143	25
PF16144	22.8
PF16145	34.8
PF16146	28.1
PF16147	27
PF16148	22.3
PF16149	25
PF16150	28.5
PF16151	22.6
PF16152	25
PF16153	22.3
PF16154	25
PF16156	27.1
PF16157	26.7
PF16160	27
PF16161	28.7
PF16163	28.9
PF16167	28.1
PF16169	28
PF16170	25
PF16173	30.1
PF16175	25
PF16215	27.9
PF12870	24.1
PF16219	28.5
PF04343	22.2
PF22751	27
PF22752	27
PF16220	25
PF16222	27
PF16223	32
PF16224	27
PF16225	24.4
PF16226	27
PF16227	26.7
PF16228	30.2
PF16229	25
PF16230	29.7
PF04356	26
PF16231	28.4
PF16232	32
PF16234	28.8
PF16233	36.2
PF16235	28
PF16236	25
PF16237	25
PF16238	28.6
PF16239	25
PF16240	25
PF16241	28.6
PF16244	27
PF16245	27.6
PF16246	27
PF16247	27.7
PF16248	29.6
PF16249	27
PF16250	25
PF16252	27.9
PF16253	25
PF16254	26.6
PF16256	29.3
PF16258	29.4
PF16259	25
PF16260	25.7
PF16261	35
PF16262	27
PF16263	28
PF16266	29
PF16267	25
PF16268	28.5
PF16269	23.6
PF16270	22.8
PF16271	30.3
PF16272	28.5
PF16277	29.1
PF16279	29.8
PF16280	25
PF16283	28.3
PF04359	24
PF16284	25
PF20956	28.6
PF16285	24.1
PF16286	28.7
PF16287	26
PF16288	70
PF16290	28.8
PF16291	28.3
PF16292	32
PF04361	22.6
PF16298	28.8
PF16299	28.8
PF13708	25
PF16301	27
PF16302	23
PF16303	28.4
PF16304	25
PF16305	25
PF16306	28.3
PF16307	31.1
PF16308	25
PF16309	27.3
PF16310	25
PF16313	23.5
PF16314	26.2
PF16315	25
PF16316	30.6
PF16318	30.8
PF16323	32.9
PF04363	23.2
PF16328	27.1
PF16334	30.7
PF16339	31.4
PF16341	31.3
PF16342	27.6
PF16343	27
PF16349	29.3
PF16351	28.4
PF04430	33
PF16352	28.9
PF16355	23.9
PF16356	24.7
PF16372	25
PF16373	39.3
PF16375	29.5
PF16377	28.7
PF16378	30
PF16379	22.8
PF04465	27
PF16383	29
PF16386	28.4
PF16387	33.7
PF16389	29.1
PF16390	25
PF30797	25
PF30798	23
PF30799	29
PF30800	25
PF30801	25
PF16391	25
PF16392	27.7
PF16394	25
PF16395	21.6
PF16396	27.8
PF16397	34.1
PF16398	25
PF16400	25.4
PF16401	25
PF04417	23.8
PF16402	27
PF16405	28.5
PF16406	30.2
PF16408	31.2
PF16409	28.8
PF16410	38.2
PF22243	28.1
PF04367	23.8
PF16412	36.7
PF16424	25
PF16425	25
PF16426	25
PF16427	25
PF16428	26.8
PF16429	25
PF16430	25
PF16431	27.9
PF16432	25
PF04456	22.4
PF16433	25
PF16434	25
PF16435	25
PF16436	25
PF16437	25
PF16438	25
PF16439	25
PF16440	25
PF16441	25
PF16442	25
PF16443	25
PF16444	28.2
PF16445	25
PF16446	25
PF16447	25
PF16464	29.9
PF16465	25
PF16466	25
PF16467	32.3
PF16468	28.7
PF04458	27
PF16475	29.4
PF16476	27.8
PF16477	37.6
PF16478	25
PF16479	28.3
PF16480	27.9
PF16481	28.2
PF16502	27
PF16586	27.2
PF16691	27
PF16702	27
PF16703	28.4
PF16723	26.8
PF16728	27
PF16729	27
PF16781	28.1
PF16798	27
PF04368	24.7
PF16802	25
PF16804	27
PF16817	30.1
PF16819	27.2
PF16825	22.6
PF16826	25
PF16871	24.6
PF16877	27
PF16882	27
PF04370	28.4
PF16883	27
PF16887	27
PF16890	27
PF16894	27
PF16895	30
PF16985	27
PF17006	27
PF17008	29.4
PF17002	36.1
PF17009	27
PF17012	27
PF17010	27
PF17011	27
PF17015	33.2
PF17016	27
PF17019	27
PF17020	29.7
PF17023	27
PF17025	27
PF17029	27
PF17031	27
PF17117	28.4
PF17118	30
PF17127	28
PF17128	24.4
PF17133	27.4
PF17137	27
PF17138	28
PF17139	29.4
PF17140	27.1
PF17141	26.7
PF17148	27
PF17162	27
PF17145	27
PF04459	25
PF17165	23
PF17164	13.9
PF17161	35.1
PF17160	27
PF17163	27
PF17166	27
PF17168	28
PF17170	22.9
PF17173	27.3
PF17174	27
PF07505	28.9
PF17195	25
PF17196	25
PF17197	29
PF17220	25
PF04415	29
PF04379	27
PF04409	27
PF17224	27
PF17225	23.1
PF17227	25
PF17230	26.8
PF17231	29
PF17233	30.8
PF04407	102.4
PF17239	27
PF17240	27.4
PF17242	27
PF17247	28.7
PF17248	25
PF17249	31
PF17252	27
PF17253	27
PF17254	27
PF17257	25
PF17258	27
PF17259	25
PF17260	27
PF17261	27
PF17263	27
PF04391	29.6
PF17264	27.5
PF17265	27
PF17266	27
PF17267	27
PF17268	25
PF17269	27
PF17272	27
PF17273	25.9
PF17274	27.7
PF17275	27
PF17276	28.7
PF17277	25.9
PF17278	27
PF17279	27
PF17280	27
PF17281	27
PF17282	25
PF17295	22.8
PF17298	25
PF04393	27
PF17299	27
PF17302	27
PF17303	27.7
PF17305	26.7
PF17306	33.9
PF17309	28.8
PF17310	25
PF17311	25
PF17313	25
PF04394	20.7
PF17314	25
PF17318	26.8
PF17319	25
PF17320	27.7
PF17322	25
PF17326	26.3
PF17328	25
PF17329	25
PF17336	25
PF17340	27
PF17341	25
PF17342	28.1
PF17343	27
PF17344	27.8
PF17345	27
PF17346	25
PF17347	27
PF17349	25.7
PF04398	25
PF17351	27
PF17353	27.6
PF17354	25
PF20839	25
PF20840	27
PF17358	25
PF17359	25
PF17360	27.3
PF17361	27
PF17363	28.4
PF17364	25
PF17365	25
PF17369	28.9
PF17370	27
PF17371	25
PF17372	25
PF17373	25
PF17374	25.9
PF17375	27.7
PF17376	28
PF17377	25.5
PF17379	25
PF17380	25
PF17393	25
PF17395	29.2
PF17399	21.6
PF17400	27
PF17401	25.3
PF17402	25
PF17421	25
PF17422	27
PF17424	30
PF17428	25
PF17434	31
PF17436	25
PF17437	25
PF17438	28.1
PF17439	25
PF17441	31.8
PF17457	26
PF17458	25
PF17459	25
PF17461	25
PF17462	25
PF17472	25
PF17473	26.7
PF10310	25.1
PF17493	27
PF17494	27
PF04418	24.1
PF17496	27
PF17497	27
PF17498	27
PF17502	27
PF17503	27
PF17504	27
PF17505	27
PF17506	27
PF17507	27
PF17509	27
PF17513	27
PF17514	27
PF17518	25
PF17519	25
PF17520	25
PF17522	26.2
PF17525	27
PF17526	25
PF17529	25
PF17532	25
PF17533	27
PF17534	25
PF17535	25
PF17537	25
PF17540	25.2
PF17544	25
PF17545	25
PF17547	25
PF17551	30
PF17552	25
PF17553	25
PF17554	25
PF04784	27
PF17564	27
PF17565	28.2
PF17566	25
PF17567	31.1
PF17568	25
PF17569	25
PF17571	25
PF17572	27
PF17575	27
PF17576	25
PF17578	27
PF17579	27
PF17581	27
PF17583	27
PF17586	27
PF17588	27
PF17589	27
PF17590	25
PF17592	27
PF17593	27
PF17595	27
PF17596	27
PF17597	27
PF17598	27
PF17599	27
PF17600	27
PF17601	27
PF17602	27
PF17603	27
PF17604	27
PF17605	40
PF17606	27
PF17607	30
PF17610	27
PF17611	27
PF17621	27
PF17625	25
PF04448	22
PF17629	27
PF17630	27
PF17631	27
PF17632	27
PF17633	27
PF17637	27
PF17639	27
PF17647	27
PF17658	32.9
PF17653	25
PF17661	27.8
PF17662	35.6
PF17663	26.8
PF17665	28.5
PF17666	28.9
PF17669	25
PF04473	20.5
PF17670	25
PF17671	25
PF17673	26.4
PF17686	26.3
PF17687	27.7
PF17688	25
PF17690	28.4
PF17692	27
PF17693	25
PF04474	25.1
PF17694	25
PF17695	25
PF17697	25
PF17698	25
PF17699	25
PF17700	29.4
PF17701	27
PF17702	25
PF04475	25
PF17704	25
PF17705	25
PF17706	25
PF17707	25
PF17709	25
PF17710	25
PF17711	29
PF17712	25
PF17713	25
PF17714	25
PF17715	25
PF17717	29.5
PF17718	25
PF17719	30.6
PF17724	32.4
PF17729	37
PF17731	26.2
PF17732	25
PF17738	24
PF20784	24.5
PF20783	24.1
PF17739	25
PF17740	35
PF17741	25.7
PF17743	23.9
PF20743	24.1
PF20742	24
PF17744	25
PF20996	25
PF17821	27
PF17823	25.6
PF17824	26.6
PF17826	30
PF04480	20.6
PF17884	26
PF17332	27
PF18057	29.3
PF18077	29
PF18120	23
PF18150	26.6
PF18151	23
PF18300	25
PF18310	25
PF18347	25
PF18355	25
PF18356	25
PF18429	25
PF04481	21.6
PF18433	26.4
PF18446	25
PF18462	28.1
PF18467	33.3
PF18474	25
PF18480	23.8
PF18481	27.6
PF18493	26.3
PF18498	33
PF18505	27
PF04763	25
PF18522	25
PF18532	25
PF18533	25
PF18536	28.1
PF18538	25
PF18539	28.2
PF18540	26.7
PF18620	31.3
PF18629	26.6
PF18632	27
PF18645	27
PF18646	28
PF18656	23.6
PF18681	27
PF18685	25
PF18686	25
PF18687	31.3
PF18688	39.8
PF18690	25
PF18692	28.5
PF18701	23.1
PF18702	26.2
PF18705	34
PF18712	28.4
PF18713	26.8
PF18881	27
PF18882	27
PF18885	18
PF18886	15
PF04483	27
PF18888	10
PF18892	27
PF18893	26
PF18898	23.8
PF18899	24
PF18900	27.9
PF18901	25
PF18902	29
PF18903	23.6
PF18904	24
PF18905	27
PF18907	27
PF18908	28.6
PF18910	27
PF18914	15
PF18915	27
PF18918	25.9
PF18919	23.5
PF18920	28.4
PF18922	24.4
PF18923	27.9
PF18924	27.8
PF18925	26.7
PF18926	27.6
PF18928	27.1
PF18929	23.2
PF18930	27
PF04526	25
PF18931	25
PF18932	27.5
PF18934	26
PF18935	26.7
PF18936	27.4
PF18937	26.7
PF18939	27.6
PF31095	27
PF18940	33
PF18941	34.5
PF18942	28.6
PF04601	23
PF18943	25
PF18944	27
PF18948	27
PF18949	29
PF18950	27.5
PF18951	25.2
PF18952	25.6
PF18954	27
PF18955	27.5
PF18956	29
PF04489	25
PF18958	25
PF18959	27.4
PF18960	26
PF18963	33.2
PF18961	26.7
PF18964	25
PF18968	26.8
PF18969	26.9
PF18970	27.5
PF18974	26.5
PF18975	26.3
PF18976	25
PF18977	27.3
PF18978	26.2
PF18979	26.8
PF18980	34.7
PF18983	25
PF18984	25
PF18985	25
PF18986	26.2
PF18987	27.8
PF18988	25
PF18989	30.5
PF18990	26.8
PF18991	25
PF18992	26.7
PF18996	25
PF18997	27.4
PF18999	25
PF19000	27.4
PF19001	25
PF19002	27
PF19003	27.8
PF19004	27
PF19005	28.2
PF19006	25
PF19007	27
PF19008	27
PF19009	25
PF19010	25
PF19011	23.7
PF19012	27
PF19013	27.7
PF19014	27
PF19015	25
PF19016	27
PF19017	23.6
PF19022	25
PF19023	28.2
PF04746	25
PF19024	27
PF19025	27
PF19027	23
PF19054	23.4
PF19058	27.6
PF19059	25
PF19061	27
PF19062	28.1
PF19063	27.7
PF04507	27
PF19064	30
PF19067	27
PF19068	27
PF19069	25
PF19070	28.1
PF19071	26.9
PF19072	27.2
PF19073	26.1
PF04510	27.2
PF19074	25
PF19075	26.2
PF19080	26.9
PF19082	25
PF19083	25
PF19084	28
PF19087	27
PF19089	23.1
PF19090	26.9
PF19091	29.5
PF19092	28.4
PF19093	25
PF19095	32
PF19096	36.3
PF19098	23.5
PF19099	26.9
PF19100	25
PF19101	25
PF19102	21.7
PF19103	26.8
PF19104	27.4
PF19105	26.8
PF19106	25
PF19107	25
PF19108	27
PF19109	36.9
PF19110	25
PF19111	27
PF19113	26.2
PF01882	23.4
PF19115	26.8
PF19116	27
PF19118	28.9
PF19119	25
PF19120	26.5
PF19121	28.5
PF19122	33.5
PF19123	26.5
PF19124	26.3
PF19125	31.6
PF19126	26.9
PF19128	25
PF19129	25
PF19130	25
PF19131	25
PF19132	25
PF19133	26.9
PF19134	31
PF22798	29
PF19135	27
PF19136	27.1
PF19137	33.7
PF19139	25
PF19140	25
PF19141	25
PF19142	25
PF19144	32.4
PF19145	26.8
PF19146	27
PF19147	33.8
PF19148	26.8
PF19149	25
PF19150	27
PF19152	28.6
PF19153	27
PF19154	25
PF19155	25
PF19156	28.8
PF19157	23.7
PF19158	25
PF19159	25
PF19161	25
PF19162	25
PF19163	28.5
PF19164	27.7
PF19165	27
PF19166	26.9
PF19167	27
PF19168	25
PF19169	25
PF19170	25
PF19171	26.8
PF19172	27
PF19173	28
PF19174	34.6
PF19175	25
PF19176	27
PF19177	25
PF19178	27.6
PF19180	33.3
PF19181	25
PF19182	25
PF19183	26.1
PF19184	25
PF19185	25
PF19186	33.1
PF19194	25
PF04532	25
PF19195	25
PF19196	26.9
PF19197	27.5
PF19201	32.6
PF19202	28.3
PF19203	26.5
PF19204	25
PF19205	38.3
PF19206	27.1
PF19207	27
PF19208	28
PF19228	25
PF19229	25
PF19230	25
PF19231	27.5
PF19232	33.2
PF19233	36.5
PF19234	32.7
PF19235	33.5
PF19237	27.1
PF19240	27
PF19241	27
PF19243	26.4
PF19245	25
PF19246	25
PF19247	25
PF19248	25
PF19249	26
PF19250	28.9
PF19251	25
PF19253	27.2
PF19254	26.4
PF19255	29
PF19260	25
PF19261	25.7
PF19262	25
PF19263	27.6
PF19264	10
PF19265	27.7
PF04569	27
PF19287	23.2
PF19299	27
PF19302	27
PF19313	22.6
PF19314	27
PF19318	27
PF19319	23.5
PF04574	24.5
PF19334	27
PF19336	27
PF19346	27
PF19347	27
PF19348	27
PF19349	27
PF19350	27
PF19351	27
PF19353	27
PF19354	27
PF19355	23.7
PF19356	27
PF19358	23.6
PF19359	27
PF19361	27.1
PF19362	27
PF19363	22.5
PF04578	21
PF19364	27
PF19365	27
PF19366	23.8
PF19367	27
PF19369	25
PF19370	24.2
PF19371	28
PF19372	25
PF19373	23.7
PF19374	22.7
PF19376	25
PF19377	25
PF19378	27
PF19379	22.8
PF19380	27.1
PF19381	24
PF19382	27.9
PF19383	23.6
PF19384	26.5
PF04591	27
PF19385	24.1
PF19386	25
PF19387	25
PF19388	23
PF19389	25
PF19390	25
PF19391	25
PF19392	25
PF19393	25
PF19394	25
PF19395	25
PF19397	27.2
PF19399	38.5
PF19400	25
PF19401	25
PF19404	11
PF19405	15
PF19407	20
PF19410	28.2
PF12225	23
PF19412	27
PF19419	27
PF25638	27
PF19446	27.8
PF19447	27.3
PF19448	27
PF19449	27
PF19450	27
PF19451	27
PF04654	27
PF19452	23.2
PF19453	28.2
PF19454	23.8
PF19455	27
PF19457	26.3
PF19458	27
PF19459	25
PF19460	27
PF19461	25
PF19462	27.5
PF19463	25
PF19464	25
PF19465	25
PF19466	27
PF19467	25
PF19468	25
PF30710	27
PF19469	26.3
PF19470	26.7
PF19471	27
PF19472	28.6
PF04642	24.1
PF19473	27.3
PF19474	26.6
PF19475	25
PF19476	27
PF19477	25
PF19479	27
PF19480	27
PF19481	27
PF19482	25
PF19483	28
PF19484	28.3
PF19485	29
PF19486	25
PF19487	28
PF19488	25
PF19490	25
PF19491	26.6
PF19492	25
PF19494	27
PF04645	22.6
PF19495	26.7
PF19496	25
PF19497	27
PF19498	25
PF19499	27
PF19500	22.6
PF19502	23.6
PF19503	28.7
PF19504	25
PF19505	25
PF04646	25
PF19506	23.4
PF19507	27
PF19508	26.8
PF19509	27.4
PF19510	27
PF19512	27.4
PF19513	27
PF19515	27
PF19516	30.1
PF19517	27
PF19519	27
PF19522	25
PF19523	26.5
PF19524	27
PF19527	27
PF19529	29.8
PF19531	25
PF19534	27.3
PF19535	26.5
PF19537	23.7
PF19538	27
PF19539	27
PF19540	27
PF19541	26.6
PF19542	26.8
PF19544	25
PF19545	27.2
PF19546	27
PF19547	27
PF19549	27
PF19550	25
PF19551	27.2
PF19552	23.8
PF19553	23.5
PF19554	27
PF19555	27
PF26383	23
PF26384	28
PF26385	27
PF26387	27
PF26388	27
PF19558	27
PF19559	25.9
PF19560	26.7
PF19561	27.1
PF19562	25
PF19563	27.1
PF19564	31.9
PF19565	27.1
PF19570	25
PF19573	23.2
PF19578	23.5
PF19585	27
PF19586	27.9
PF19587	22.8
PF19589	23.8
PF19591	27
PF19592	27.5
PF19593	27.2
PF19594	25
PF01886	27
PF19595	27
PF19596	27
PF19598	24.2
PF19599	27
PF19600	27
PF19601	27
PF19602	27
PF19603	23.9
PF19604	25
PF19605	26
PF19606	24.1
PF19607	25
PF19608	27
PF19609	27.9
PF19610	41
PF19611	27
PF19612	27
PF19613	27
PF19614	27
PF04747	22.6
PF19615	27
PF19616	27.8
PF19617	27
PF19618	27
PF19619	27
PF19620	27
PF19621	25
PF19622	27
PF19623	27
PF19624	23.6
PF04764	25
PF19625	23.7
PF19626	25
PF19628	23.2
PF19629	27
PF19630	27.9
PF19632	28
PF19634	25
PF19635	25
PF19636	27
PF19637	28.3
PF19638	27
PF19639	27
PF19640	27
PF19641	27.8
PF19642	27
PF19643	27
PF19644	24
PF19645	28.4
PF19646	27
PF19648	27
PF19649	27
PF19650	27.7
PF19651	27
PF19652	27
PF19653	27.9
PF19654	27
PF19655	26.8
PF19656	27
PF19657	27
PF19658	27.8
PF19659	27
PF19660	27
PF19661	27
PF19662	27
PF19663	27
PF19664	27
PF19665	27
PF19666	27
PF04759	22.6
PF19667	27
PF19668	27
PF19669	27
PF19670	27
PF19671	23.8
PF19672	25
PF19673	27
PF19674	26
PF30002	27
PF19676	27
PF19677	25
PF19678	26.9
PF19679	25
PF19680	27
PF19681	27
PF19682	25
PF19683	25
PF19684	25
PF19685	25
PF19686	27.1
PF19688	25
PF19689	27
PF19690	27.4
PF19691	27
PF19692	26.9
PF19694	27.1
PF19695	25
PF19696	27
PF19698	24.6
PF19700	27
PF19701	27.7
PF04788	22.5
PF19702	26.9
PF19703	27.4
PF19706	26.7
PF19707	27.5
PF19708	27.3
PF19709	30.4
PF19711	25
PF19713	27
PF19714	27.5
PF04789	21.3
PF19715	29.8
PF19716	25
PF19717	26.4
PF19719	27.7
PF19720	26.6
PF19721	27.1
PF19723	27.3
PF19724	25
PF19726	26.8
PF19727	27.8
PF19728	29.8
PF19730	27.6
PF19731	26.9
PF19733	27.4
PF19734	26.4
PF19735	28
PF19736	26.8
PF19738	25
PF19739	28
PF19740	27
PF19741	27.5
PF19742	35
PF19744	27.4
PF19746	27.6
PF19747	27.5
PF19748	25
PF19749	26.2
PF19750	25
PF19751	29.1
PF19752	27.1
PF04854	24.2
PF19753	26.6
PF19754	27
PF19755	27
PF25852	27
PF19756	25
PF19757	31.6
PF19758	25
PF19759	27
PF19760	26.9
PF19761	27
PF19762	33
PF19763	26.9
PF19764	28
PF19765	25
PF19766	25
PF19767	27
PF19768	25
PF19770	25
PF19771	26.2
PF19772	25
PF19773	28.7
PF19774	26.6
PF19775	27
PF19776	29
PF19777	26.7
PF19779	31
PF19780	23.8
PF19781	23.4
PF19782	27
PF19783	22.8
PF19784	25
PF04781	27.6
PF19786	27.5
PF19787	25
PF19788	26.6
PF19789	23.5
PF19790	25
PF19791	22.6
PF19792	27
PF19793	32.8
PF19794	26.4
PF19795	27.7
PF19796	27
PF19797	28.1
PF19799	26.8
PF19800	28.2
PF19801	27.4
PF19802	28.1
PF19803	35
PF19804	26.3
PF19805	26.3
PF19806	27.3
PF04780	23.1
PF19807	27
PF19808	27.2
PF19809	27.1
PF19811	27
PF19812	25
PF19813	27.2
PF19814	29.8
PF19815	28.1
PF19816	26.8
PF04783	27
PF19817	27.8
PF19818	27.2
PF19819	27
PF19820	25
PF19822	35.8
PF19823	25
PF19825	23.7
PF19826	25
PF19827	27.3
PF19828	25
PF19829	27
PF19830	27
PF25853	27
PF19831	27
PF19832	25.8
PF19834	23.1
PF19836	29.7
PF19837	28.5
PF19840	27
PF19843	23.8
PF19844	23.9
PF04782	25
PF19845	29.9
PF19846	28.5
PF19847	27
PF19848	30.6
PF19849	27
PF19850	23.4
PF19851	24
PF19852	24.1
PF19853	26.3
PF19854	26.8
PF19855	28.3
PF19856	25
PF19857	25
PF19859	27
PF19860	27
PF19861	25
PF19862	25
PF19863	25
PF19865	26.5
PF19866	27
PF19867	26.4
PF19868	26.4
PF19869	25
PF19870	27.2
PF19871	35.6
PF19872	26.9
PF19873	28
PF19874	25
PF19875	27.7
PF19876	25
PF19878	22.4
PF19879	25
PF19880	25
PF19881	25
PF19882	26.6
PF19883	24.4
PF19884	27
PF19885	28.4
PF19886	23.2
PF19887	23.8
PF19888	25
PF19889	31
PF19890	26.4
PF19891	27.3
PF19892	27
PF19893	27.2
PF19894	25
PF19895	29
PF19896	28.4
PF04830	26.6
PF19897	25
PF19898	27.7
PF19899	27.4
PF19900	25
PF19901	25
PF19902	27.5
PF19903	27.3
PF19905	27.1
PF19907	27
PF19908	26.6
PF19909	26.7
PF19910	23.7
PF19911	25
PF19912	26.8
PF19923	25.9
PF19924	28
PF19925	30.5
PF19926	27
PF04842	37.1
PF19927	25
PF19928	33
PF19930	26.9
PF19931	30.8
PF19932	25
PF19933	28.2
PF19934	25
PF19935	27.2
PF19936	27
PF19938	27.1
PF19939	29.2
PF19940	26.4
PF19941	27.8
PF19942	27.6
PF19943	25
PF19944	28.5
PF19945	25
PF19946	25
PF19947	27.2
PF04859	27.6
PF19948	25
PF19949	27
PF19950	26.9
PF19951	29.1
PF19952	25
PF19979	27.5
PF19980	27.1
PF19981	27
PF19982	25
PF19983	27
PF04862	20
PF19984	25
PF19985	25
PF19986	25
PF19987	29.7
PF19988	27
PF19989	25
PF19990	25
PF19992	25
PF20001	28.7
PF20008	31.6
PF04867	25
PF20020	26.6
PF20024	29.6
PF20025	38.9
PF20026	26.8
PF20027	26.9
PF20029	27.3
PF20031	27
PF20033	30
PF20035	27
PF20037	26.5
PF20039	27
PF20040	25
PF20041	27.8
PF20042	27
PF20043	24
PF20044	26.7
PF20045	27
PF20046	27
PF20047	23.5
PF04875	27
PF20048	29.7
PF20049	28
PF20050	27.1
PF20051	27.8
PF20055	22.3
PF20056	23.7
PF20057	26.3
PF20058	27
PF20059	27
PF20060	27
PF20061	26.7
PF20062	23.2
PF20063	27.1
PF20064	26
PF20065	25
PF20069	26
PF20070	25
PF20072	26.9
PF20073	27
PF20074	28.9
PF20075	26.8
PF20076	27
PF20078	27
PF20079	27
PF20081	28.5
PF20082	24
PF20083	25
PF20086	27
PF20087	25.4
PF04890	29.7
PF20088	25
PF20089	24.6
PF20090	23.5
PF20092	24.1
PF20093	27.6
PF20095	24
PF20096	22.7
PF20097	24
PF20098	27
PF20099	23.6
PF20100	23.7
PF20101	27.5
PF20102	22.9
PF20103	25
PF20104	24
PF20105	25.2
PF20106	24
PF20107	24.3
PF20108	23.7
PF20110	23.7
PF20111	23.8
PF20112	27
PF20113	22.9
PF20114	24.2
PF20115	23.9
PF20116	27
PF20117	25
PF20118	23.6
PF20119	23.9
PF20120	26.4
PF20121	28
PF20122	26
PF20123	23.9
PF20124	23.9
PF20125	24.9
PF20127	23.9
PF20128	25
PF20129	22.4
PF20130	25.4
PF20132	25
PF20134	27
PF20135	23.5
PF20136	23.7
PF20138	23.5
PF20139	23.3
PF20140	23.7
PF20148	24.1
PF20149	24
PF20151	24.1
PF20152	28.2
PF20153	23.9
PF20163	23.7
PF20169	27
PF20172	27
PF20174	27
PF20176	29
PF20177	27
PF20181	25
PF20182	24.4
PF20183	23.5
PF20184	27.8
PF20185	27.3
PF20186	27.4
PF04919	22.2
PF20187	27
PF20188	26.8
PF20189	27
PF20190	27
PF20191	27.5
PF20192	27
PF20193	27
PF20194	27.8
PF20195	27.9
PF20753	24.4
PF20196	27
PF20197	27.8
PF20198	27
PF20200	27.8
PF20201	27.8
PF20202	25
PF20203	28.5
PF20204	27.8
PF20205	27
PF20209	24.3
PF20211	27
PF20212	27
PF20213	27
PF20214	27.1
PF20215	26.6
PF20216	27.3
PF20217	27.8
PF20218	27.8
PF20219	27.2
PF04936	24.4
PF20221	27
PF20222	27
PF20223	27.3
PF20224	27
PF20225	27
PF20226	27.7
PF20227	27
PF20228	27
PF20230	27
PF20231	27
PF04937	34.7
PF20233	27
PF20234	27.1
PF20236	27
PF20237	30
PF20239	27
PF20240	27
PF20241	27
PF20244	27
PF20245	27
PF20246	27
PF20247	27
PF20248	27
PF20253	27
PF20255	27
PF20311	27
PF20312	27
PF20313	24
PF20314	29.3
PF20315	27
PF20316	23.7
PF20318	24.3
PF20319	25
PF20320	28.1
PF20321	27
PF20322	27
PF20323	27
PF20324	27
PF20325	27.5
PF20326	27
PF20327	27
PF20328	27
PF20329	27
PF20330	27
PF20331	28.2
PF20332	27
PF20333	27
PF20334	27
PF20335	27
PF20336	28.2
PF20337	27
PF20338	27
PF20339	27
PF20340	27
PF20341	27
PF20342	27.8
PF20343	27
PF20344	27
PF20345	27
PF20346	27
PF20347	27
PF20348	27
PF20349	27
PF20350	27
PF20351	27
PF20352	27.8
PF20353	27.7
PF20354	27
PF20355	27.9
PF20356	27
PF20357	27
PF20358	27
PF20360	27
PF20361	27
PF20362	27.7
PF20363	27
PF20364	27
PF20365	27
PF20366	27
PF20367	27.5
PF20368	28
PF20369	28.3
PF20370	27
PF20371	27
PF20372	27
PF20373	27
PF20374	27
PF20375	27
PF20376	23.8
PF20377	24.3
PF20378	28.2
PF20379	28.5
PF20380	27
PF20382	24.3
PF20383	24.5
PF20384	23.9
PF05003	24
PF20385	23.2
PF20386	24.1
PF20388	23.6
PF20389	24
PF20390	27
PF20391	23.9
PF20392	27
PF20394	26
PF23543	29.9
PF20396	27
PF05037	21
PF20397	27
PF20398	27
PF20402	28.2
PF20403	31
PF20404	24.3
PF20405	25
PF20411	24.2
PF20414	23.7
PF20415	24.1
PF20419	27
PF28243	27
PF28247	27
PF28238	27
PF20420	24
PF20444	23.8
PF20447	27
PF20448	24.4
PF20449	28.2
PF20453	27
PF20455	27
PF20456	27
PF20457	27
PF20458	27
PF20459	10
PF20460	27
PF20461	27
PF20462	30.6
PF20471	27
PF20475	27
PF20476	27.7
PF20477	27
PF20480	27.6
PF20482	27.8
PF20484	27
PF20485	27
PF20486	27
PF20487	27
PF20495	20.9
PF20498	27
PF20499	27
PF20503	28.8
PF20505	27
PF20506	27
PF20507	27
PF20508	27
PF20509	27
PF20521	27
PF20522	27
PF20523	28.5
PF20524	27
PF05056	24.4
PF20525	27
PF20526	27
PF20527	27
PF20528	27
PF20529	27.4
PF20530	27
PF20531	27
PF20532	28.5
PF20533	27
PF20535	27
PF20536	27.9
PF20537	27
PF20538	27
PF20539	27
PF20540	27
PF20541	27.8
PF20542	27
PF20544	27
PF20545	27.8
PF05057	21
PF20546	27
PF20547	27
PF20548	27
PF20549	27
PF20550	27
PF20551	26.6
PF20554	27
PF20555	27
PF20556	27
PF20558	28.1
PF05055	29.1
PF20559	27
PF20561	23.7
PF20562	27
PF20563	27
PF20564	25
PF20565	27
PF20567	27
PF20568	27
PF20569	27.4
PF20570	28.1
PF05077	27.9
PF20571	27.4
PF20572	27
PF20573	27
PF20574	22.8
PF20581	25
PF20583	27
PF20584	27.5
PF20586	25.4
PF20587	27.1
PF05078	25
PF20589	27.1
PF20590	25
PF20591	25
PF20593	27
PF20594	27.1
PF20598	27.4
PF20599	26.9
PF20601	24.9
PF20604	26.9
PF20606	26.8
PF05079	28.6
PF20607	25
PF20611	26
PF20615	27
PF20617	27
PF20619	27
PF20620	27
PF20621	27
PF14100	27
PF20647	28.3
PF20648	27
PF05080	25
PF20650	25
PF20657	35.8
PF20660	27.1
PF20664	25
PF20668	28
PF20670	26.8
PF20680	25.2
PF20681	27
PF20683	23.5
PF20699	27
PF20705	27
PF20708	30
PF20709	28.3
PF20710	27
PF20711	27
PF20713	26.6
PF20715	26.9
PF20717	27
PF20722	24.3
PF20724	25
PF20725	26
PF20749	26
PF20755	27
PF20759	27
PF20762	24.2
PF20764	22
PF20767	24.4
PF05075	25
PF20786	26.8
PF20795	27.8
PF20862	27
PF20891	27.9
PF20893	27
PF20897	27
PF20935	27
PF20941	28.4
PF20986	27
PF05085	25
PF21012	27
PF21167	27
PF21186	27
PF21593	27
PF21614	27
PF21619	27
PF21637	24
PF21651	27
PF21656	27.1
PF21661	27
PF21724	28
PF21726	24.1
PF21727	27
PF21732	27
PF21737	23.2
PF21740	28.3
PF21739	27.7
PF21741	27
PF21742	27
PF21746	30
PF05095	25
PF21757	24.4
PF21778	27
PF21779	27
PF21780	24.5
PF21781	27
PF21793	27
PF21798	24.3
PF21806	23.9
PF05097	20.3
PF21810	27.3
PF21812	27
PF21813	23.9
PF21814	27
PF21818	30
PF21819	27.6
PF21820	27
PF21826	24.2
PF21828	27
PF21829	27.3
PF21830	23.6
PF21831	27
PF21832	24.6
PF21833	24.6
PF21834	24.1
PF21836	23.8
PF21837	27
PF21838	23.9
PF21839	27
PF21840	27
PF21841	24.1
PF21842	27
PF21843	27
PF21844	24.2
PF21845	27
PF21846	27
PF21847	28
PF21848	26
PF21849	27
PF21850	27
PF21851	27
PF21852	24
PF21853	27
PF21857	27
PF21858	27
PF21866	27
PF21880	27
PF21891	27
PF21893	27
PF21897	27
PF21900	27
PF21914	26
PF21956	27
PF21959	27
PF21962	24.4
PF21973	27
PF21977	29.5
PF21992	27
PF21997	27
PF22000	27
PF05113	25
PF22007	27
PF22011	27
PF22014	27
PF22016	27
PF22028	27
PF22043	27.9
PF22052	27
PF22053	27
PF22075	27
PF22086	27
PF22091	27
PF22098	27
PF22105	27
PF22116	32
PF22182	28
PF22187	27
PF22239	27
PF22253	27
PF22258	28.7
PF05117	23.1
PF22262	27
PF22263	27
PF22264	27
PF22266	27
PF22268	27
PF22271	27
PF22273	27
PF22275	27.3
PF22278	27
PF22281	27
PF22283	28
PF22284	27
PF22285	27
PF22288	27
PF22291	24.5
PF22292	25
PF22294	27
PF22295	27
PF22302	27
PF22308	27
PF05128	27.7
PF22311	27
PF22318	27
PF22319	27
PF22322	27
PF22388	34.7
PF22391	27
PF22396	27
PF22398	29.6
PF22399	27
PF22400	27
PF22403	27.7
PF22478	24.5
PF22480	24.6
PF22481	24.5
PF22484	27
PF22485	26
PF22491	27
PF22497	27
PF22499	29.8
PF22501	29
PF22503	27
PF22504	25
PF22507	27
PF22515	27
PF22518	27
PF22522	27
PF22523	27
PF22526	28.1
PF22529	27
PF22531	27
PF22535	27
PF22539	27
PF22541	27
PF22652	27
PF22653	27
PF22654	42
PF22668	27
PF22765	27
PF22791	27
PF22792	27.6
PF22793	27
PF22839	35.2
PF22858	27
PF22860	27.5
PF22872	27.8
PF22880	22
PF05142	20.6
PF22885	25
PF22886	27
PF22887	27
PF22894	27
PF22895	24.4
PF22942	27
PF22950	28
PF22954	27
PF22970	27
PF22974	27
PF22989	27
PF23005	27
PF23019	27
PF23033	27
PF23034	27
PF23041	27
PF23045	27
PF23047	27
PF23049	28.4
PF23051	27
PF23055	28
PF23069	27
PF23070	27
PF23071	27
PF23073	27
PF23080	27
PF23088	27
PF23126	27
PF23132	27
PF05152	20.4
PF23133	27
PF23136	27
PF23155	27
PF23156	27
PF23157	27.6
PF23158	27
PF23167	27
PF23186	27
PF23199	27
PF23200	27
PF23201	27
PF23205	27
PF23212	40.6
PF23217	27
PF23229	27
PF23238	27.3
PF23239	27
PF05212	24.1
PF23255	27
PF23257	27
PF23258	27
PF23264	27
PF23269	27
PF23272	23
PF23273	27
PF23274	27
PF23285	23
PF23296	27
PF23299	27
PF23305	27
PF23309	27
PF23311	27
PF23318	27
PF23324	27
PF23346	27
PF23357	27.8
PF23363	27
PF23365	27
PF23367	27
PF23368	24.5
PF23373	27
PF23375	27
PF23378	27
PF23379	27
PF23382	27
PF23384	27
PF23388	30
PF23391	27.3
PF23392	27
PF23394	27
PF23396	27
PF23397	10.1
PF23416	24.6
PF23418	27
PF23420	27
PF23421	27
PF05167	25
PF23422	27
PF23423	27
PF23424	27
PF23425	27
PF23426	27
PF23428	27
PF23429	27
PF23430	28
PF23432	27
PF23433	30
PF23434	27.9
PF23435	45
PF23437	28.4
PF23438	27.8
PF23439	27
PF23442	27.5
PF23443	28.7
PF23444	28.1
PF23447	25.7
PF23455	30
PF05218	24.5
PF23458	28
PF23465	24.1
PF23476	27
PF23500	27
PF23539	27
PF23581	27
PF23584	27
PF23585	27
PF23596	27
PF23614	27
PF23631	27
PF23636	27
PF23638	28.2
PF23639	27
PF23648	27
PF23650	27
PF23653	27
PF23657	27.2
PF23662	27
PF23672	27
PF23673	27
PF23710	27
PF23711	27
PF23715	27
PF23716	27
PF23717	27.7
PF04819	25
PF23718	27
PF23720	27
PF23721	28.2
PF23734	27
PF23741	27
PF23749	26.7
PF23768	28.5
PF23771	25.5
PF23773	27
PF05338	27
PF23776	27
PF23785	27
PF23787	27
PF23791	28.1
PF23796	27
PF23799	27
PF23800	27
PF23801	27
PF23802	27
PF23804	27
PF23805	27
PF23808	27
PF23810	27
PF23811	27
PF23814	27
PF23815	27
PF23816	27
PF23817	27
PF23819	27
PF05334	22.4
PF23820	27
PF23821	27
PF23822	27
PF23823	27
PF23824	27
PF23825	27
PF23826	27
PF23827	27
PF23828	27
PF23829	27
PF01904	25.3
PF05302	25
PF23830	27
PF23831	27
PF23832	27
PF23833	27
PF23834	27
PF23835	24.4
PF23836	25.6
PF23837	27
PF23838	27
PF23839	27
PF23843	25.6
PF23847	27
PF23848	27
PF23850	27
PF23851	27
PF23852	27
PF23853	27
PF23854	30
PF23855	27
PF23856	27
PF05263	28
PF23858	28
PF23864	28.6
PF23865	27
PF23866	27
PF23870	27
PF23871	27
PF23872	27
PF23873	27
PF23875	27
PF05265	28
PF23876	27
PF23877	28.2
PF23879	27
PF23880	24.4
PF23881	24.4
PF23882	30
PF23883	27
PF23884	27
PF23885	27
PF23886	24.6
PF05266	38.4
PF23888	27
PF23889	27
PF23890	27
PF23891	27
PF23896	27
PF23897	27
PF23904	27
PF23905	27
PF23906	27
PF23907	27
PF05267	22
PF23908	27
PF23909	27
PF23910	27
PF23911	25.1
PF23912	27
PF23913	27
PF23917	27
PF23918	27
PF23919	27
PF23920	28.2
PF05277	22.6
PF23921	27
PF23922	27
PF23923	27
PF23924	27
PF23927	24.6
PF23928	27.6
PF23929	27
PF23930	27
PF23933	29.1
PF23934	27
PF23935	27
PF23937	27
PF23938	31
PF23939	24.5
PF23940	27
PF23941	27
PF23942	27
PF23944	27
PF23945	24.5
PF05304	29.3
PF23946	27
PF23947	27
PF23951	27
PF23954	27
PF23955	27
PF23956	28.8
PF23957	27
PF23958	27
PF23959	27
PF23960	27
PF23962	27
PF23963	29
PF23964	27
PF23965	27
PF23966	27
PF23967	27
PF23969	27
PF23970	27
PF23972	27
PF23973	27
PF05325	32
PF23974	27
PF23975	27
PF23976	24.9
PF23978	27
PF23979	27
PF23981	27
PF23984	27
PF23985	28.4
PF23988	27
PF23991	40
PF23993	27
PF23994	27
PF23995	27
PF23996	27
PF23997	30.2
PF24000	27
PF24001	27.4
PF24002	27
PF24003	27
PF05305	22.4
PF24005	27
PF24007	27
PF24008	27
PF24009	27
PF24010	27
PF24011	27
PF24012	27
PF24013	27
PF24014	27
PF24015	27
PF05306	25
PF24016	27
PF24018	27
PF24019	27
PF24020	27
PF24022	27
PF24023	27
PF24024	25
PF24026	30
PF24027	27
PF24028	27
PF24029	27.4
PF24030	27
PF24033	31.6
PF24034	27.6
PF24035	27.8
PF24036	27.5
PF24037	28
PF24038	27.6
PF24039	27
PF24040	28
PF05246	23.4
PF24041	27
PF24042	31.2
PF24043	27
PF24044	27
PF24051	27
PF24053	27
PF24054	27
PF24057	27
PF24058	27.5
PF05284	22.1
PF24059	27
PF24060	44.9
PF24062	27.6
PF24063	28.4
PF24069	27
PF24073	27
PF24074	27
PF24075	27
PF24076	27
PF24084	27
PF24085	27
PF24086	27
PF24087	27
PF24088	27
PF24092	27
PF24089	27
PF24090	27
PF24091	27
PF24093	27
PF24095	27
PF24096	33
PF24098	27
PF24100	27
PF24107	27.4
PF24108	27.9
PF24109	27
PF24110	28
PF24111	28.2
PF24113	27.9
PF24114	28.2
PF24115	27.8
PF05339	27
PF24116	28.4
PF24117	27
PF24118	27
PF24119	27
PF24126	27
PF24127	27
PF24129	27
PF24130	27
PF24131	27
PF24132	27
PF05340	21.2
PF24133	27
PF24134	27
PF24135	27
PF24136	27
PF24152	27.1
PF24155	28
PF24156	28.3
PF24157	27
PF24158	27.7
PF24166	27.5
PF24167	28.7
PF24183	27
PF24185	27
PF24186	27
PF24187	27
PF24188	27
PF24192	27.6
PF24193	27
PF24194	27
PF05331	27
PF24195	27
PF24196	27
PF24197	27
PF24198	27
PF24199	27
PF24200	27
PF24201	27
PF24202	27
PF24204	27
PF24206	27
PF24207	27
PF24209	27
PF24211	27
PF24212	24.2
PF24213	27
PF24216	27
PF24217	34.2
PF24218	27
PF24219	27.5
PF24220	27
PF24224	25
PF24225	27
PF24226	23.8
PF24227	27
PF24231	27.5
PF24232	27
PF24233	24.1
PF24239	24.1
PF24240	27
PF24242	27
PF05335	33.3
PF24247	27
PF24248	27
PF24249	28.2
PF24251	26.2
PF24253	27
PF24254	27
PF24255	27
PF24256	27
PF24257	27
PF24258	27
PF05344	26.9
PF24259	27
PF24260	27
PF24261	27
PF24262	27
PF24263	27
PF24264	27
PF24265	27
PF24269	15
PF24272	27
PF24276	27
PF05346	25
PF24282	28
PF24283	27
PF24284	27
PF24285	40
PF24286	28.2
PF24287	31.3
PF24288	27
PF24289	27
PF24290	27
PF24292	27
PF05359	50
PF24295	28
PF24297	26.1
PF24298	27.5
PF24299	27
PF24302	27
PF24303	27
PF24307	27
PF24308	27
PF24314	27
PF24315	27.9
PF05370	25
PF24318	27
PF24319	30
PF24320	27
PF24321	27
PF24323	27
PF24325	27
PF24326	27
PF24327	27.8
PF24328	28.1
PF24330	27
PF24332	27
PF24333	27
PF24334	27
PF24335	27
PF24336	27
PF24337	27
PF24338	27
PF24348	26
PF24349	27
PF05421	27
PF24350	27
PF24351	27
PF24352	27
PF24353	27
PF24355	27
PF24359	27
PF24360	27
PF24361	27
PF24362	27
PF24363	27
PF24364	27
PF24365	27
PF24366	27
PF24367	27
PF24368	27
PF24369	27
PF24370	27
PF24371	27
PF24372	28.1
PF24373	27
PF05444	24.7
PF24374	27
PF24375	30.5
PF24376	27
PF24377	27
PF24378	28.4
PF24379	27
PF24380	27
PF24381	31.7
PF24382	27
PF24383	27
PF24386	27
PF24396	28
PF24398	28.2
PF24399	27
PF24400	27
PF24411	27
PF24412	27
PF24414	27
PF24416	27
PF24417	27
PF05501	29.1
PF24418	27
PF24420	52.6
PF24422	27
PF24430	27
PF24431	25
PF24432	28
PF24433	27
PF24434	25
PF24439	28
PF24440	28
PF24441	27
PF24442	27
PF24443	27
PF24444	27
PF24445	32.2
PF24446	27.1
PF24450	27
PF24451	27
PF24452	27
PF24453	27
PF24454	27
PF24455	27
PF24457	27
PF24458	30.2
PF24459	27
PF24460	28.5
PF24461	27
PF24463	28
PF24466	27
PF24474	27
PF24476	27
PF24483	27
PF24486	27
PF24488	27
PF24490	27.4
PF24491	27
PF24494	27
PF24496	27
PF24500	27
PF05537	27
PF24503	27
PF24511	27
PF24512	27
PF24513	27
PF24523	27
PF24524	27
PF24530	27
PF24535	27
PF24538	27
PF05542	20.2
PF24539	27
PF24547	27
PF24549	27.7
PF24554	27
PF24558	25
PF24564	27
PF24580	27
PF24581	27
PF24582	27
PF05553	22
PF24583	27
PF24586	27
PF24587	27
PF24588	27
PF24589	27
PF24590	27
PF24592	27
PF24593	27.4
PF24594	27
PF24595	27
PF05555	25
PF24596	27
PF24599	27
PF24602	28.2
PF24610	27
PF24616	27
PF24620	27
PF24625	27
PF24628	27
PF24631	27
PF24632	27
PF05559	35.5
PF24633	27
PF24634	27
PF24635	27
PF24636	27
PF24639	27
PF24640	27
PF24642	27
PF24643	27
PF24644	27
PF24645	27
PF05561	25
PF24646	28.1
PF24648	27
PF24649	27
PF24651	27
PF24655	27
PF24657	27
PF24658	27
PF24659	27
PF24661	27
PF05570	25
PF24662	27
PF24663	27
PF24665	27
PF24670	27
PF24672	27
PF24676	27
PF24677	26
PF24678	27
PF24692	27
PF24693	27
PF24697	27
PF24698	26
PF24699	27
PF24701	27
PF24703	27
PF24704	27
PF24705	27
PF24706	23
PF24709	28.5
PF24710	27
PF24717	27
PF24720	27
PF24722	27
PF24723	27
PF24724	27
PF24725	26
PF24726	27
PF24727	27
PF05589	27.8
PF24728	24
PF24730	27
PF24731	27
PF24733	28.9
PF24734	27
PF24735	24
PF24736	26
PF24737	27
PF24738	22.6
PF05590	21
PF24739	25
PF24740	27
PF24743	26
PF24745	27
PF24746	27
PF24749	27.4
PF24751	27
PF24752	27
PF24753	29.1
PF24766	27
PF24777	25
PF24792	27
PF24800	27
PF24802	27
PF24803	27
PF24804	29.2
PF24806	27.9
PF24808	23
PF24809	25
PF24813	33.3
PF05595	22.9
PF24819	27
PF24821	27.9
PF24822	27
PF24828	24.1
PF24830	27
PF24831	27
PF24832	26
PF24835	28
PF24839	25
PF24841	25
PF05598	23.1
PF24843	27
PF24845	27
PF24847	26
PF24848	27
PF24849	28
PF24851	25
PF24852	26
PF24853	27
PF24854	27
PF24855	25
PF24864	27
PF24865	27
PF24866	27
PF24867	27
PF24869	27
PF24870	27
PF24875	25
PF24879	27
PF24880	24.6
PF24881	27
PF24886	28
PF24888	27
PF24891	27
PF24893	27
PF24897	27
PF24924	26
PF24925	27
PF24927	25
PF24928	25
PF24930	27
PF24933	27
PF24934	29
PF24936	27
PF24937	27
PF24938	27
PF24939	27
PF24941	27
PF24944	27
PF24945	27
PF05604	25
PF24949	27
PF24952	27
PF24953	28.2
PF24954	27
PF24958	27
PF24962	27
PF24963	26
PF24964	27
PF05606	25
PF24968	24
PF24974	27
PF24977	25
PF24982	26
PF24983	26
PF24985	25
PF24989	27
PF24992	27
PF24998	25
PF25000	27
PF25002	26
PF25003	25
PF25004	27
PF25006	27
PF25008	27
PF25009	27
PF25012	27
PF25042	25
PF25043	27.1
PF25044	25
PF05610	25
PF25046	23
PF25053	28.1
PF25055	27
PF25056	26
PF25070	32
PF25071	27
PF25072	27
PF25073	27
PF25074	27
PF25075	27
PF05611	25
PF25077	27
PF25078	33.2
PF25085	27.4
PF25086	27
PF25089	27
PF25090	27
PF25091	27
PF25093	27
PF25096	27
PF25100	27
PF25102	27
PF25103	27
PF25104	27
PF25105	27
PF25120	27
PF25122	25
PF25124	27
PF25125	27
PF25126	27
PF25127	27
PF25130	27
PF25134	23
PF25135	27
PF25136	27
PF25148	27.5
PF25149	27.4
PF25159	27
PF25162	27
PF25165	25.7
PF25167	28.6
PF25169	27.5
PF25176	27
PF25191	27
PF25200	28.1
PF25202	27
PF25205	27
PF25206	26.7
PF25207	27.8
PF25208	28.5
PF25211	27
PF25222	27
PF25223	28.2
PF25224	28.2
PF25225	25
PF25226	27
PF25227	27
PF25230	28.2
PF25231	28.7
PF25232	24.5
PF25233	27
PF25235	27
PF25236	27
PF25250	22
PF25251	27
PF25252	32
PF25253	27
PF26293	27
PF25254	27.6
PF25256	27
PF25257	27.7
PF25258	27
PF25259	29
PF25260	27
PF25262	27
PF25263	25
PF25264	27
PF25266	27
PF25268	27
PF25269	27
PF25271	25
PF25273	26
PF05619	25
PF25276	27
PF25277	29.5
PF25278	26
PF25283	27
PF25284	30
PF25285	27
PF25286	27
PF25289	27
PF25297	25
PF25303	26
PF29467	24
PF25306	27.5
PF25363	27
PF25365	27
PF25355	27
PF25367	27
PF25371	27
PF25377	27
PF25397	24
PF25411	27
PF25417	27
PF05623	25.5
PF25418	26
PF25421	27
PF25422	27
PF25423	27
PF25428	27
PF25433	27
PF25438	25
PF25448	27
PF25453	27
PF25463	70
PF05626	28.8
PF25464	27
PF25470	24
PF25472	26
PF25475	26.5
PF25480	30
PF25482	22
PF25483	27
PF25484	27
PF25485	27
PF25486	27
PF25490	35
PF25492	26
PF25498	25
PF25500	27
PF25501	27
PF25502	27
PF25509	27
PF25528	27
PF25534	27
PF25535	27
PF05632	25
PF25536	27
PF25537	27
PF25538	25
PF25540	24.5
PF25545	27
PF25546	26.5
PF25548	28
PF25549	31
PF25550	27
PF25551	27
PF25558	27
PF25559	27
PF25560	27
PF25564	26.5
PF25588	30
PF25589	27
PF25590	27
PF25592	31
PF25604	27
PF25607	27
PF25612	27
PF25613	27
PF25637	26.7
PF25639	27
PF25642	27
PF25656	27
PF25678	27
PF25679	27
PF25778	27
PF25820	27
PF25821	31.3
PF25824	27
PF25826	33.4
PF25829	27
PF25843	27
PF25844	27
PF25845	27
PF25857	26
PF25858	27
PF25899	24.3
PF25901	27
PF25903	25.3
PF25902	49
PF25907	23
PF25908	27
PF25912	24.9
PF25913	30
PF25920	27
PF25921	27
PF25922	27
PF25923	27
PF25925	27
PF25926	28.7
PF25927	27
PF25928	27
PF25929	27
PF25930	27
PF25931	27.7
PF25932	27
PF25933	27
PF25934	29
PF25937	27
PF25938	27
PF25939	23.7
PF25943	27
PF25945	27
PF25946	27
PF25948	24.1
PF25949	27
PF25950	27
PF25951	27
PF25952	27
PF25953	27
PF25955	27
PF25956	27
PF25957	27
PF25958	25.2
PF25959	27
PF25978	27
PF25979	27
PF26006	27
PF26007	27
PF26008	27
PF26009	27
PF26010	29.8
PF26013	27
PF26027	27
PF26028	27
PF26029	27
PF26032	27
PF26033	27
PF26035	27
PF26041	27
PF26042	27
PF26043	27
PF26046	27
PF26047	24.7
PF26056	27
PF26057	27
PF26058	27
PF05650	22.6
PF26059	27
PF26061	22
PF26067	27
PF26068	27
PF26069	27
PF26070	27
PF26071	27
PF26072	27
PF26073	27
PF26081	27
PF26087	27
PF26096	24.6
PF26099	27
PF26118	27
PF26119	27
PF26123	30
PF26124	27
PF26133	27
PF26138	31.1
PF26145	26
PF26154	27
PF26159	24.5
PF26161	27
PF26193	27
PF26219	27
PF26220	27
PF26222	29
PF26223	27
PF05656	25.7
PF26224	27
PF26225	27
PF26226	27
PF26227	27
PF26237	27
PF26238	27
PF26236	27
PF26240	27
PF26243	27
PF26244	27
PF26247	27
PF26248	27
PF05657	25
PF26256	29
PF26257	27
PF26258	27
PF26259	25
PF26260	27.1
PF26261	27
PF26262	24.4
PF26263	27
PF26265	27
PF26266	27
PF05660	25
PF26267	27
PF26268	25
PF26269	27
PF26270	27
PF26271	27
PF26272	27
PF26275	27
PF26276	27
PF26277	27
PF26284	24.2
PF26287	27
PF26290	27
PF05661	28.4
PF26296	27
PF26297	28.7
PF26309	27
PF26312	27
PF26329	27
PF26330	27
PF26331	27
PF26332	27
PF26338	24.2
PF26339	27
PF05663	25
PF26350	24
PF26351	27
PF26357	31.1
PF26362	27
PF26366	27
PF26367	27
PF26372	28
PF26397	27
PF26400	27
PF26401	27
PF26402	27
PF26403	27
PF26404	27
PF26405	27
PF26406	27
PF26407	27
PF26408	27.1
PF26409	27
PF26413	27
PF26440	28
PF26438	27.5
PF26414	27
PF26415	27
PF26416	27
PF26417	27
PF26418	27
PF26419	27
PF26424	27
PF26426	27
PF26431	27
PF26435	27.7
PF26436	27
PF26439	31.3
PF26441	23.9
PF26443	25
PF26444	27
PF26445	27
PF26446	27
PF26447	28.7
PF26448	23.8
PF26449	27
PF26450	27
PF26451	27
PF26452	27
PF26453	27
PF26454	27
PF26455	27
PF26456	27
PF26457	32
PF26458	27
PF26459	27
PF26460	25
PF26463	27
PF26464	27
PF26465	27
PF26467	27
PF26469	27
PF26470	27
PF26471	27
PF26472	27
PF26473	27
PF26475	27
PF26474	27
PF26476	27
PF05673	23.8
PF26477	28
PF26478	27
PF26479	27
PF26480	27
PF26481	27
PF26482	27
PF26483	27
PF26485	27
PF26486	27
PF26487	27
PF26488	27
PF26490	27
PF05674	24.6
PF26492	27
PF26493	27
PF26495	27
PF26494	27
PF26496	27
PF26498	27
PF26489	27
PF26500	27
PF26501	27
PF26502	27
PF26503	27
PF26504	27
PF26505	27
PF26507	27
PF05675	25.9
PF26508	27
PF26509	27
PF26511	27
PF26514	30
PF26525	28.9
PF26526	27
PF26527	27
PF26538	28.9
PF26546	30
PF26548	27
PF05677	20
PF26551	27
PF26552	27
PF26554	27
PF26556	27
PF26559	27
PF26572	27
PF26589	28.2
PF26591	28.3
PF26590	27
PF26598	27
PF26603	27
PF05684	27
PF26608	27
PF26609	25
PF26612	27
PF26613	27
PF26614	23
PF26615	24
PF26618	27
PF26620	24
PF26621	27
PF26622	23
PF26624	24
PF26626	27
PF26628	25
PF26630	27
PF26631	27
PF26632	22
PF26633	24
PF26634	25.5
PF26635	27.4
PF26636	27
PF26637	27
PF26638	27
PF26640	22
PF26641	24
PF26646	27
PF26650	27
PF26651	27
PF26654	27
PF26655	27
PF26656	27
PF26665	23
PF26666	27
PF26667	27
PF26668	60
PF26675	25
PF26676	21
PF26677	27
PF26678	27
PF26679	27
PF26682	27
PF26685	28
PF26684	27
PF26687	27
PF26692	27
PF26694	27
PF26695	27.3
PF26699	23
PF26703	27
PF26707	23
PF26709	25
PF26711	28.2
PF26712	27
PF26721	27
PF26727	28.2
PF26731	23
PF26736	27
PF26739	27
PF26740	27
PF26742	27
PF26746	23
PF26754	27
PF26757	23
PF26770	26
PF26780	26
PF26781	27
PF26782	24
PF26783	26.1
PF26784	25
PF26785	25
PF26786	24.3
PF26787	27
PF05696	29.2
PF26788	23
PF26789	26
PF26790	27
PF26792	27
PF26793	29
PF26795	22
PF26796	30
PF26797	27
PF26799	27
PF26800	25
PF26802	24
PF26836	25
PF26839	27
PF26842	21
PF26910	29.2
PF26916	27
PF26921	33.4
PF26922	27
PF26923	27
PF26928	27.2
PF26929	24
PF26930	30.4
PF26931	22.5
PF26932	25
PF26933	31.3
PF26934	27
PF26935	27
PF26936	34.4
PF26937	25.3
PF26938	27
PF05705	25
PF26939	25
PF26940	22.3
PF26941	32
PF26942	27
PF26943	24
PF26945	25
PF26948	27
PF26949	27
PF26950	27
PF26951	27
PF26952	27
PF26953	27
PF26962	32.7
PF26963	26
PF26966	24
PF26969	27
PF26972	25.5
PF26974	22
PF26975	24
PF26977	24
PF26979	24
PF26982	25
PF26983	26
PF26985	26
PF26988	27
PF26989	25
PF26990	27
PF26991	27
PF26992	28
PF26993	26
PF05734	27
PF26994	27
PF26995	25
PF26997	25
PF26998	27
PF27003	27
PF27004	25.5
PF27005	27
PF27006	25
PF27007	26
PF27009	24
PF27010	26.5
PF27011	27
PF27012	27
PF27013	27
PF27014	27
PF27019	27
PF27025	22
PF27026	25
PF27029	25
PF27031	23
PF05754	23
PF27033	27
PF27032	27
PF27037	27
PF27040	27
PF27042	27
PF27043	24
PF27071	27
PF27094	27
PF27110	24
PF27504	27
PF27509	32
PF05763	33.1
PF27615	27
PF27616	27
PF27617	26
PF27619	27
PF27620	27
PF27621	28.4
PF27622	27
PF27623	27
PF27625	26
PF27633	27
PF27647	27
PF27674	24
PF27819	24
PF27939	28
PF27965	27
PF28038	24
PF28039	27
PF28040	27
PF28041	23
PF28122	27
PF28123	27
PF28130	24
PF28131	27
PF28154	27
PF28160	27
PF28210	26
PF28252	27
PF28254	27.7
PF28257	27
PF28292	40
PF28313	240
PF28323	27
PF28346	27
PF28357	27
PF28361	27
PF28363	27
PF28378	27
PF28382	27
PF28383	26
PF28390	22
PF28405	27
PF28429	27
PF28431	27
PF28432	27
PF28433	27.1
PF28435	27
PF28436	25
PF28437	27
PF28439	27
PF28440	24
PF28442	30
PF28443	27
PF28444	26
PF28445	25
PF28446	24
PF28464	25
PF28465	27
PF28466	28
PF28467	24
PF28468	27
PF28469	27
PF28471	27
PF28474	27
PF28475	27
PF28477	29
PF28478	27
PF28497	27
PF28506	27
PF28509	31.3
PF28510	25
PF05811	25.1
PF28511	24
PF28513	26
PF28514	40
PF28524	27
PF28525	27
PF28527	24
PF28530	25.7
PF28531	24
PF28532	27
PF28533	32.1
PF28534	27.4
PF28535	27
PF28536	27
PF28541	27
PF28542	27
PF28543	35.3
PF28550	27
PF28554	27
PF28556	27
PF28557	27
PF28586	27
PF28587	27
PF28605	27
PF28608	27
PF28706	27
PF28715	27
PF28717	27
PF28718	27.3
PF28721	27
PF28723	27
PF28725	27
PF28727	27
PF28730	27
PF28748	27
PF28751	27
PF28755	30
PF28772	28.6
PF28774	27
PF28775	27
PF28776	27
PF05832	22.6
PF28780	25
PF28792	27
PF28795	27
PF28800	27
PF28801	27
PF28803	27
PF28811	27
PF28812	27
PF28814	27
PF28815	27
PF28862	27.7
PF28863	27.9
PF28875	27
PF28882	27.6
PF28888	27
PF28889	27
PF28890	27
PF28891	28.2
PF28899	27
PF28901	27
PF05852	25.3
PF28920	27
PF28924	27
PF28935	27
PF28947	27
PF28959	27
PF28960	27
PF28961	27
PF28964	27
PF28967	27
PF28977	27
PF28979	27
PF28981	27
PF29025	27
PF29027	27
PF29035	27
PF29043	27
PF29051	27
PF29055	27
PF29061	27
PF29065	27.9
PF29068	27
PF29071	27
PF29077	27
PF29088	27
PF29105	28.6
PF29139	27
PF29168	27
PF29170	27
PF29190	27
PF29207	27
PF05867	26.3
PF29208	27
PF29209	27
PF29210	27
PF29211	27
PF29217	27
PF29220	27
PF29222	27
PF29231	27
PF29233	27
PF29234	27
PF29235	27
PF29236	27
PF29237	27
PF29240	27
PF29241	27
PF29242	27
PF29286	27
PF29289	27
PF29291	27
PF29292	23
PF29293	27
PF29301	24
PF29354	27
PF29380	27
PF29381	27
PF29382	27
PF29384	27
PF29387	27
PF29389	27
PF29390	27
PF29391	27
PF29392	27
PF29393	27
PF29394	27
PF29419	27
PF29421	27
PF29423	27
PF29424	27
PF29425	27
PF29427	27
PF29428	27
PF29429	27
PF29432	27.9
PF26805	27
PF29442	28.8
PF29446	27
PF29451	27
PF29511	27
PF29520	27
PF29526	27
PF29528	28
PF29531	27
PF29556	27
PF29557	27
PF25905	28.7
PF26274	27
PF29561	31
PF29562	35
PF27034	22
PF27038	27
PF29593	27
PF29596	28
PF26239	27
PF25324	27
PF26506	27
PF26686	27
PF29636	27
PF29640	27
PF29641	27
PF29648	25
PF29711	27
PF29725	27
PF29738	27
PF29742	27
PF29767	27
PF29794	27
PF29804	27
PF29805	27
PF29808	27
PF29828	27
PF05895	28.8
PF29850	27
PF29852	27
PF29857	27
PF29877	27
PF29880	23
PF29881	27
PF29882	31.5
PF29883	27
PF29884	27
PF29885	27
PF29886	27
PF29890	23
PF29900	27
PF29981	27.2
PF29985	27
PF29988	27
PF30087	27
PF30167	27
PF30171	27
PF30173	27
PF30174	27
PF30175	27
PF30184	27
PF30219	27
PF30221	27
PF30236	27
PF30400	27
PF30462	27
PF30488	27
PF30501	27
PF30508	27
PF30531	27
PF30544	27
PF30546	27
PF30555	27
PF30556	27
PF30557	27
PF30558	45
PF30559	27
PF30561	27
PF05904	25
PF30563	27
PF30564	27
PF30565	27
PF30566	27
PF30567	27
PF30568	27
PF30569	27
PF30570	27
PF30571	27
PF30572	27
PF30573	27
PF30574	27
PF30575	27
PF30576	27
PF30577	27
PF30578	27
PF30580	27
PF30581	27
PF30582	27
PF30583	27
PF05906	27
PF30585	27
PF30587	27
PF30588	27
PF30589	27
PF30590	27
PF30591	27
PF30592	27
PF30593	27
PF30594	27
PF30595	27
PF30596	27
PF30599	27
PF30600	27
PF30601	27
PF30602	27
PF30603	27
PF30605	27
PF30606	27
PF30607	27
PF30608	27
PF30614	27
PF30617	27
PF30618	27
PF30619	27
PF30620	27
PF30621	27
PF30622	27
PF30623	27
PF30628	27
PF30629	27
PF05910	27
PF30630	27
PF30631	27
PF30633	27
PF30634	27
PF30639	27
PF30640	27
PF30641	24.4
PF30642	23
PF30650	27
PF30653	27
PF30654	27
PF30655	27
PF30663	27
PF30702	36
PF30703	30
PF30704	27
PF30705	27
PF30707	27
PF30708	27
PF30713	27
PF01935	23.2
PF05912	27.1
PF30714	27
PF30715	27
PF30719	31.9
PF30721	27
PF30722	27
PF30723	24
PF30724	27
PF30725	24
PF30726	26.5
PF30727	27
PF30728	27
PF30729	27.2
PF30730	23
PF30732	27
PF30735	28.1
PF30738	24
PF30739	27
PF30740	27
PF30741	27
PF30742	27
PF30745	27
PF30748	27
PF30749	27
PF30750	27.1
PF30764	27
PF30766	27
PF30767	27
PF30768	27
PF30772	27
PF30773	27
PF30774	27
PF30777	27
PF30779	27
PF30780	27
PF30781	27
PF30782	27
PF30783	27
PF30786	27
PF30787	27
PF30788	27
PF05917	21.9
PF30789	27
PF30790	27
PF30791	27
PF30793	27
PF30795	29
PF30796	27
PF30808	32
PF30815	27
PF30834	27
PF30847	27
PF30850	27
PF30851	27
PF30883	27
PF30884	27
PF30885	27
PF30886	27
PF30887	27
PF30888	27
PF30889	27
PF30922	27
PF30923	27
PF30927	35.5
PF30929	27
PF30930	27
PF30931	27
PF30967	27
PF30968	27
PF30969	27
PF30970	27
PF30971	27
PF30972	27
PF30973	27
PF30974	27
PF30975	27
PF30976	27
PF31019	27
PF31035	27.2
PF31037	27
PF31038	33.1
PF31039	27
PF31040	27
PF31041	27
PF31042	27
PF31043	27
PF31044	27
PF31045	27
PF31046	27
PF31047	27
PF31048	27
PF31050	27
PF31051	27
PF31052	27
PF31053	27
PF31054	27
PF31055	27
PF31056	27
PF31062	53.2
PF31063	41.9
PF31065	27
PF31066	27
PF31068	27
PF31070	27
PF31071	27
PF31073	30.4
PF31079	27
PF31080	27
PF31083	27
PF31094	27
PF31103	27
PF31105	27
PF05949	25
PF31106	27
PF31107	27
PF31111	27
PF31113	27
PF31114	27
PF31117	27
PF31119	27
PF31120	27
PF31125	27
PF31126	27
PF31129	27
PF31136	27
PF31137	27
PF31138	27
PF31152	21
PF31154	27
PF31160	27
PF31162	27
PF31163	27
PF31166	27
PF05957	25.4
PF31169	27
PF31171	27
PF31173	27
PF31175	27
PF31185	27
PF31187	27
PF31188	27
PF31189	27
PF31198	23
PF31205	27
PF19029	27
PF05959	27
PF31210	27
PF31225	27
PF31237	27
PF31246	27
PF31248	27
PF31253	30.2
PF31256	27
PF31259	27
PF31268	27
PF31276	27
PF05960	32.4
PF05974	23.7
PF05979	24.2
PF05987	28
PF05988	27
PF05990	20.5
PF06004	27
PF06006	22.3
PF06012	34.7
PF06025	24.7
PF06028	22
PF06033	27
PF06034	21
PF01940	27.5
PF06037	27
PF06041	27
PF06048	22.6
PF06051	26
PF06053	24.6
PF06059	25
PF06067	23
PF06073	25
PF06078	10
PF06080	27
PF06092	25
PF06097	26.8
PF06103	37.2
PF06107	25
PF06108	23.7
PF06115	26.9
PF06121	25
PF06124	25
PF06125	25
PF06131	21
PF06147	27.8
PF06149	32
PF06157	26.4
PF06161	34.8
PF06163	22.1
PF06166	26
PF06168	29
PF06169	22.2
PF06170	22.6
PF06173	23.6
PF06174	29.5
PF06186	22.7
PF06187	24
PF06191	20
PF06195	31.3
PF06196	26.3
PF06197	30
PF06198	25
PF12377	25
PF05424	25.5
PF21164	27
PF22557	27
PF10204	23.3
PF00674	23
PF19398	26.6
PF19375	23.9
PF01207	20.4
PF06337	29.3
PF00692	22
PF08761	22.9
PF08137	19.6
PF19060	25
PF28216	27
PF28080	27
PF28260	27
PF08783	26
PF22030	27
PF01666	28.1
PF13288	27
PF08436	26
PF02670	21.7
PF13292	21.2
PF31006	27
PF31005	27
PF28986	27
PF28985	27
PF25007	27
PF09742	28.6
PF21499	27
PF12455	25.6
PF07426	25.2
PF05502	25.3
PF21808	28.3
PF01031	28.5
PF00350	27
PF04912	31.8
PF21264	27
PF17852	23.1
PF15867	27
PF18199	25.7
PF03028	30.5
PF11540	25
PF01221	29.1
PF22597	27
PF21105	27.5
PF20628	20
PF04261	20.4
PF04440	25
PF14432	24
PF20965	24.3
PF07528	27.1
PF13815	27.9
PF25977	27
PF30182	28.2
PF12773	27.3
PF18912	27
PF17492	27
PF29839	27
PF29838	27
PF29837	27
PF00122	22.9
PF14463	27
PF16191	25
PF02221	22.7
PF00676	22
PF16190	29.5
PF09358	25
PF08199	25
PF26395	27
PF20272	27
PF20273	27
PF20298	27.5
PF13262	23.9
PF22755	27
PF22756	27
PF29514	24
PF29548	26
PF11863	27
PF22764	27
PF22759	27
PF16421	33.9
PF11570	21.4
PF08825	33.2
PF02817	23.7
PF11547	25
PF13764	23
PF18091	23
PF19423	25.1
PF09743	23.2
PF00518	27
PF30986	27
PF00527	27
PF17467	27
PF28138	27
PF12180	25
PF19953	23.6
PF19955	24.2
PF19954	24.1
PF19964	26
PF19956	23.8
PF19959	27
PF19957	27
PF19958	27
PF19960	28
PF19961	27
PF19962	25
PF13935	27
PF09816	26
PF27833	27
PF07904	22
PF16713	27
PF29678	27
PF00563	31.3
PF00892	28.2
PF20566	28
PF04157	26.8
PF10238	25
PF07897	28.9
PF07381	22
PF10093	25
PF22354	27
PF15981	27
PF01309	25
PF01683	24.3
PF03271	27
PF05937	25
PF11556	27
PF25698	35
PF25697	27
PF28008	27
PF22307	27
PF05505	25
PF05241	25.7
PF21204	26
PF05890	28.8
PF09007	25
PF17255	25.9
PF02905	25
PF05009	24.4
PF09459	33.3
PF18740	28.6
PF19053	30
PF11203	23.7
PF18432	25
PF26358	27
PF07155	26.7
PF27471	20.8
PF12822	30.7
PF00378	27
PF16113	27.2
PF13699	22
PF02958	22
PF12855	28.3
PF04736	25
PF05782	25
PF21203	23
PF15463	27.1
PF27894	27
PF29316	27
PF13001	22.3
PF28793	27
PF12454	23.2
PF29174	27
PF29177	27
PF29173	27
PF07669	25.3
PF08463	24
PF31092	27
PF12008	23.1
PF02963	30.1
PF09019	25
PF09217	25
PF13651	26.4
PF03974	22.2
PF18649	28.1
PF30442	27
PF27328	27
PF29737	27
PF29735	27
PF15137	27
PF27348	27
PF14382	27
PF22625	27
PF29686	27
PF05975	30.7
PF12787	30.4
PF15820	27
PF14784	29.6
PF06239	25.9
PF21243	27
PF21242	27.6
PF06457	25
PF08917	25
PF06339	27
PF30208	27
PF30332	27
PF29304	27
PF30296	27
PF16598	30
PF30873	27
PF21289	27
PF29374	54.8
PF14381	27
PF07059	24.7
PF22910	27
PF23788	26.8
PF18117	23.1
PF21131	27
PF15863	27
PF22447	26
PF10587	25.7
PF07299	27.1
PF22042	27
PF00036	25.4
PF14788	27
PF08976	21.7
PF17901	27
PF17958	22.6
PF17959	23.7
PF23617	27
PF09068	27
PF09069	21.7
PF13202	11.5
PF13405	22.9
PF13499	30
PF13833	13.8
PF14658	37
PF30398	27
PF25325	27
PF23564	28.1
PF09279	21
PF25578	32.2
PF25530	27
PF21116	27
PF25025	33.2
PF28180	27
PF00647	23.3
PF00736	20.8
PF12199	27
PF28620	27
PF27574	27
PF28481	27
PF14884	25
PF04518	23.8
PF10153	25
PF00679	27.9
PF14492	27
PF03764	24
PF08726	27
PF25118	30.9
PF28952	27
PF01132	27
PF08207	23
PF21072	27
PF21052	27.6
PF11957	27
PF16004	32.2
PF22647	27
PF08355	29.1
PF08356	23.7
PF24548	32.5
PF23329	23.9
PF23583	27
PF20850	27
PF30624	41
PF00889	27
PF27858	30.5
PF29036	27
PF00008	21.5
PF25027	27
PF22955	27.3
PF07974	22.1
PF12947	28.5
PF23427	27
PF04863	25
PF27506	27
PF25415	27
PF21195	27
PF07645	16.3
PF26673	10
PF21700	27
PF29256	50
PF21364	26.7
PF24613	27
PF23105	27
PF00053	13.4
PF24973	27
PF24468	30
PF12946	27
PF25478	27
PF23301	27.7
PF25016	27
PF28895	32.4
PF20626	24
PF24887	27
PF25024	65
PF18720	15
PF23106	24.3
PF30999	37
PF09064	22
PF01303	27
PF11327	25
PF11430	21.2
PF29914	27
PF29916	27
PF27677	27
PF12763	22
PF26645	27
PF09882	27
PF09881	29.6
PF09880	27.5
PF09879	27
PF09878	32
PF09877	23.8
PF09218	32
PF10622	27
PF16880	21.5
PF21533	27.5
PF06441	22.8
PF22418	27
PF09528	9
PF15611	27.5
PF07264	32
PF00971	21
PF11129	25
PF27924	39
PF27778	27
PF01176	30.2
PF05470	24.2
PF05091	25.2
PF06273	28
PF01287	24.2
PF01873	27
PF01912	25
PF08662	20.5
PF31025	27
PF09173	22
PF22591	27
PF26569	27
PF21357	26.8
PF12353	24.4
PF19445	28.6
PF24805	200
PF18005	25.6
PF09440	26.8
PF12807	22
PF08597	28.9
PF10477	28.5
PF21140	27
PF07541	22.8
PF05456	24
PF12152	27
PF03608	25
PF03609	26.3
PF03610	21.4
PF07663	25
PF03612	22.8
PF03611	24.2
PF03613	25
PF04873	27
PF27048	27
PF06577	30.8
PF08904	25
PF12757	25
PF17986	27.8
PF16832	25
PF16833	25
PF10371	27
PF22102	27
PF22103	27
PF23089	27
PF30086	27
PF30085	27
PF03317	25
PF12310	22.9
PF27565	27
PF07011	27
PF00208	23.4
PF02812	25.3
PF30012	27
PF30013	27
PF28135	24.1
PF28136	27
PF02323	20
PF00964	25
PF03789	21.3
PF10390	22.9
PF28522	27
PF25309	27
PF01448	21.7
PF11841	27
PF04727	23.3
PF26964	27
PF01151	27
PF15870	27
PF09285	25
PF06881	29.8
PF10483	22.5
PF23613	27
PF09807	31.6
PF28301	27
PF13934	28.8
PF16687	25.8
PF02488	25
PF16505	25
PF30158	27
PF13910	22.3
PF07774	27
PF01956	27.1
PF06417	25
PF07019	23.3
PF19094	26.7
PF09430	26.6
PF21292	27.4
PF28218	27
PF20242	27
PF03587	28.2
PF07546	25
PF27980	27
PF01105	25.9
PF02990	27
PF17237	25
PF13536	25
PF28025	30
PF15362	27
PF13157	22
PF10991	26
PF27666	27
PF22277	27
PF08967	31.4
PF12761	25.2
PF22490	27
PF10576	19.6
PF28501	27
PF31186	28.3
PF31067	32.5
PF07010	26.6
PF09195	26
PF09194	25
PF09124	22
PF09233	27
PF09226	23.7
PF27227	27
PF09208	25.6
PF09225	28
PF04231	25
PF04493	23.4
PF02945	23.6
PF01223	23
PF13930	27
PF14562	25
PF10107	27
PF09062	24.4
PF16800	29.9
PF06482	29.4
PF04667	29.8
PF22382	26
PF20746	27
PF00322	20.5
PF03944	21
PF18449	30.7
PF00555	25
PF09131	22
PF03945	21.3
PF14436	25.3
PF01949	32.7
PF12195	35
PF12217	24
PF12218	26.3
PF12219	25
PF10525	22.5
PF13864	23.6
PF07055	25
PF12242	23.4
PF08247	20.4
PF03386	25
PF00113	21.5
PF18374	25
PF03952	35
PF23267	28
PF12241	22.1
PF29632	27
PF29631	27
PF03735	28.5
PF08951	24.5
PF08085	23.3
PF11806	27.1
PF01375	21
PF01376	25
PF08090	25
PF02048	21.1
PF01417	24
PF29363	31.5
PF27697	27
PF09590	27
PF10163	26
PF12326	23
PF15790	27
PF21283	25.9
PF18635	27.5
PF00811	32.3
PF25544	27
PF17181	27
PF30504	28.3
PF27745	27
PF14575	28.9
PF00812	25
PF25599	21.9
PF01404	27
PF07699	23.1
PF28398	27
PF14654	27
PF05647	14
PF01370	20.9
PF02350	30.6
PF10992	30
PF28423	27
PF10513	25.4
PF20430	24
PF04315	23.8
PF15223	25
PF09067	27.3
PF00758	25
PF07268	29.1
PF22975	27
PF14897	30.1
PF11984	26.1
PF08998	28.1
PF00275	22.8
PF28372	27
PF28089	27
PF08019	22.3
PF03736	21
PF11772	27
PF08135	25
PF06502	21
PF01133	25
PF11838	38.2
PF12497	25
PF16203	27
PF02732	24
PF28129	27
PF04404	25
PF03463	23.8
PF03464	27.1
PF03465	25.8
PF10256	29.3
PF03694	22.2
PF29076	27
PF31150	27
PF04622	21
PF01222	27
PF13850	27
PF28319	27
PF15002	27
PF29888	27
PF06308	25
PF20491	26.9
PF22249	27.4
PF22248	27.2
PF00769	23.4
PF20492	40
PF04137	27
PF07749	24.3
PF07912	20.7
PF06780	24.3
PF04148	22.2
PF06722	31.7
PF21036	27
PF09277	27.5
PF06795	27
PF05139	26.4
PF16915	27
PF08051	30
PF08057	25
PF00810	25.6
PF29714	27
PF09751	27
PF27280	27
PF03238	27
PF28026	27
PF05871	27
PF18209	24.1
PF27577	27
PF15952	27
PF16590	22.7
PF03433	23.4
PF18879	27
PF18625	28.2
PF21856	27.7
PF04806	20.2
PF06872	25
PF27215	27
PF13018	25
PF12743	22.3
PF10661	24.1
PF10183	22.8
PF10374	25
PF22695	27
PF10373	22
PF18435	26.7
PF00756	22
PF10503	23
PF19114	5
PF14011	27
PF26323	28.2
PF01684	25
PF15350	27
PF04716	27
PF29303	27
PF20162	27.5
PF01012	26.7
PF26311	24.4
PF21162	27.7
PF00766	27
PF07110	22
PF21313	27
PF17577	27
PF06670	27
PF30484	30.1
PF30481	27
PF25487	30.6
PF09716	29.1
PF00178	26.9
PF19525	27
PF04621	30
PF03318	22
PF21208	27
PF05842	25
PF06937	24.7
PF06277	27
PF06751	25
PF05985	25.8
PF04346	25
PF16365	27.5
PF03319	25
PF06249	21
PF30419	27
PF19429	27
PF12297	25
PF28141	27
PF28139	27
PF01878	23
PF18270	25
PF22972	28.4
PF05399	25
PF27913	30
PF27580	27
PF04777	27.6
PF30776	27
PF02472	25.4
PF07825	23
PF05901	22
PF27689	27
PF28394	27
PF09810	25
PF03081	24.1
PF20669	23.9
PF16528	32
PF27696	27
PF20651	27.2
PF06055	23.8
PF18026	29.5
PF26016	27
PF08411	27
PF06630	28.8
PF02601	35.9
PF02609	24
PF28781	66.3
PF18559	26.1
PF10447	21.2
PF09721	25.7
PF03016	33.4
PF09101	20.5
PF09009	25.9
PF09102	25
PF20983	27
PF20848	27
PF20600	26.5
PF03372	24.5
PF22669	27
PF14529	27.4
PF19580	27
PF23226	27
PF30011	27
PF01357	24.6
PF29329	27
PF29344	27
PF29515	50
PF22514	27
PF19273	27
PF19282	27
PF03124	25
PF22200	27
PF16806	27
PF20905	27
PF20904	27
PF06904	25.4
PF02095	105
PF04554	20.8
PF22123	27
PF21509	27
PF21358	27
PF18600	27
PF18601	32.9
PF11616	25
PF06160	39.6
PF20431	27.3
PF06752	25
PF06360	25
PF30345	27
PF09645	25
PF01267	24.2
PF00646	15.6
PF12937	24.3
PF13013	21.6
PF15966	32
PF18511	25.5
PF29466	33.9
PF13799	25.1
PF00469	27
PF29385	27
PF29388	27
PF29396	27
PF30122	27
PF30124	27
PF27988	28.6
PF29478	27
PF29479	36.4
PF29119	27
PF29132	27
PF29024	27
PF29023	27
PF10791	24.7
PF28969	27
PF28941	27
PF29666	28.6
PF29659	27
PF29667	31.3
PF25883	27
PF29541	27
PF29543	33.9
PF29861	27
PF04075	22
PF01996	25
PF03807	21.6
PF29663	27
PF28966	27
PF29806	27
PF29956	27
PF24469	27
PF29366	29.7
PF29099	27
PF29930	27
PF28839	27
PF28864	27
PF29836	27
PF00754	28.2
PF22633	28.2
PF08736	30.6
PF28700	27
PF28698	27
PF01557	23.9
PF09298	25
PF18288	25
PF07977	23
PF21607	27
PF22046	27
PF14826	27
PF21688	27
PF02913	13.9
PF12318	24.2
PF09403	28.5
PF07840	23.6
PF22607	27
PF00667	32.3
PF00890	20.4
PF01494	22
PF01565	26.4
PF00941	27
PF00970	21.1
PF03441	27
PF08022	22
PF08021	23
PF12831	27
PF18371	26.5
PF06574	27
PF08714	27
PF08392	27
PF04703	20.7
PF11250	25
PF21021	27
PF29179	27
PF06905	22
PF04385	20.7
PF13684	23
PF21645	24.9
PF24159	27
PF15068	27
PF15434	27
PF14160	27
PF14161	22.2
PF26749	22.8
PF15388	27
PF27242	27
PF15067	23.5
PF15010	27
PF30675	27
PF26116	33
PF15722	19
PF10595	29.9
PF29577	27
PF15069	28.3
PF14981	25
PF11652	25
PF20771	25
PF10577	31.2
PF14851	31.5
PF14774	25
PF15173	27
PF14886	28.9
PF15665	32.7
PF20865	37
PF20870	27
PF20869	45.7
PF10187	20.2
PF27002	27
PF15914	27
PF14977	27
PF14799	25
PF15265	27
PF15051	25
PF15814	27
PF27046	28.8
PF27073	27
PF15206	27
PF06702	26.8
PF06916	26
PF15342	27
PF15107	27
PF15344	27
PF15260	27
PF15487	27
PF14753	25
PF15258	27
PF28229	27
PF27929	27
PF30537	27
PF15193	27
PF27680	29
PF15825	27
PF15832	30.8
PF08555	22
PF14642	27
PF15242	27
PF15396	27
PF14967	27
PF14650	24
PF16046	28.5
PF28217	34.3
PF14904	22.1
PF14648	25
PF14647	25
PF06730	23.6
PF21315	27
PF21169	27
PF21170	24
PF15146	27
PF24783	27.2
PF03511	22
PF24781	28
PF15751	27
PF28318	27
PF28312	27
PF28327	27
PF14631	27
PF15124	27
PF11107	24
PF28330	27
PF14679	25
PF14680	25
PF14675	26.1
PF14674	28
PF14676	37.8
PF14677	25
PF14678	25.3
PF11793	27.3
PF09765	23.8
PF18890	23.7
PF18891	23.7
PF16783	25
PF15865	27
PF02106	25
PF18081	23
PF16350	27
PF07174	27.9
PF12018	33
PF22071	27
PF22072	27
PF03961	31
PF29617	27
PF20250	27
PF27129	27
PF01149	25.5
PF21025	27
PF04750	24.5
PF03101	28.1
PF29549	27
PF29452	27
PF30001	27
PF01581	2.3
PF29922	27
PF08354	25
PF13452	22
PF22235	27
PF02469	22
PF06268	23.1
PF06743	27.4
PF08368	26.9
PF18325	30.6
PF22690	25
PF18314	23.3
PF17951	23.1
PF17828	23.1
PF21149	27.4
PF02259	24.2
PF02260	25.3
PF29163	27
PF19333	27
PF23404	15.5
PF23398	27.5
PF00487	29.7
PF03405	22.7
PF11510	22.2
PF04116	31
PF02504	29.1
PF04300	32.4
PF07734	27
PF07735	22
PF08268	28
PF08387	22
PF21007	45
PF19270	27
PF00316	34.8
PF06874	27
PF01950	25
PF18913	27
PF03320	27
PF22443	27.5
PF17845	25
PF16571	27.2
PF27582	30.6
PF27576	27
PF28485	27
PF07367	25
PF22592	27
PF07729	24.3
PF04900	21.4
PF08698	27
PF00611	27.8
PF10862	27
PF09309	22.7
PF28850	27
PF28277	27
PF28294	27
PF09242	26
PF21706	27
PF12892	18.9
PF15215	46.5
PF09532	26.1
PF02634	27.2
PF24860	27
PF24859	27
PF04216	28.7
PF11390	27
PF05523	23
PF03147	31.1
PF29164	27.7
PF29166	28.5
PF00465	31.3
PF13685	28
PF04384	25
PF01521	26.3
PF07692	25
PF01032	26.5
PF04773	24
PF16344	24.4
PF21926	27
PF09252	24.1
PF02388	24
PF04339	27
PF28874	27
PF28845	27
PF04023	23
PF12669	27
PF07664	26.6
PF17910	23.4
PF02421	27
PF09012	21
PF00111	21
PF01799	30.3
PF13085	27
PF13510	22.8
PF04324	26
PF00037	21.1
PF13237	24.6
PF13247	26.2
PF13353	22
PF13370	24.5
PF13459	22.4
PF13484	30
PF13534	22.2
PF13746	27
PF06902	24
PF12797	24.5
PF14691	25.8
PF14697	35
PF17179	27
PF18009	27
PF18109	23.1
PF12798	12.6
PF12800	10
PF12801	7
PF12837	24
PF12838	27
PF13183	27
PF13187	27
PF05187	24
PF22151	23.8
PF00142	25
PF22117	27
PF04068	23
PF08165	33.9
PF08150	25
PF08151	28
PF16165	29.4
PF09380	23
PF21998	27
PF21477	27.7
PF16511	26.9
PF18379	26.1
PF18377	26
PF00373	23.8
PF09379	22.7
PF18038	23.8
PF16947	25
PF01794	28
PF00210	24.5
PF12902	22.3
PF13668	24.7
PF26021	27
PF13794	25.2
PF00762	27
PF22148	21
PF22349	26
PF04060	23
PF08609	22.3
PF01883	23.5
PF30664	27
PF02941	25
PF02943	22
PF07763	28.1
PF06818	34.4
PF05996	31
PF01325	26
PF02742	27
PF22609	27
PF02906	22.1
PF02256	24
PF01846	22
PF26803	27
PF25432	27
PF23083	27
PF26804	27
PF01839	22.1
PF14312	23
PF13517	26.9
PF28049	27
PF18072	26.6
PF18076	26
PF22689	27
PF05013	28.9
PF03781	23.3
PF00167	24
PF06473	25
PF21165	22
PF02782	27
PF21546	27
PF00370	28.8
PF29044	27
PF28695	31
PF02181	34.8
PF24959	27.4
PF00498	20.7
PF31130	27
PF12401	25
PF17913	23.1
PF20813	27
PF08794	28.1
PF20937	27.6
PF00771	29.1
PF06276	25.2
PF11575	20.5
PF30962	27
PF20820	27
PF21583	27
PF15819	27
PF24532	27
PF05427	21
PF22183	26
PF01269	27
PF10113	25
PF18193	26.2
PF12160	22
PF08017	50
PF00147	22
PF07921	21
PF07294	25
PF27848	27
PF22914	24.6
PF08702	29.9
PF09603	33.9
PF02661	24
PF21247	27
PF13784	26.7
PF26689	27
PF15941	33
PF12351	25.3
PF24347	27
PF13553	25.8
PF06837	27
PF05880	27
PF03516	25
PF00038	40
PF04732	23
PF00630	26.9
PF22881	27
PF01611	25
PF06389	25
PF02097	27
PF08350	27
PF31122	27
PF05594	2.3
PF13332	15.6
PF09222	25
PF21489	27.5
PF22449	27
PF16970	30
PF21514	27
PF22492	27
PF22888	24.8
PF27166	27
PF00419	25.6
PF04449	28.1
PF02432	26.2
PF14481	25
PF15495	27
PF26306	27
PF27397	27
PF30255	27
PF09160	27
PF26379	27
PF27543	30
PF25629	27
PF17672	25
PF25800	27
PF27125	27
PF29489	27
PF27104	27
PF10955	23.7
PF17300	25
PF12602	25
PF05182	22.7
PF14853	25.3
PF14852	25
PF14484	28.1
PF08495	23.2
PF10442	28.5
PF27465	25.6
PF10261	21.4
PF17357	26.1
PF22513	27
PF07554	11.1
PF11614	25.6
PF05751	23
PF02433	29.6
PF14715	24.9
PF05545	29
PF03597	23.1
PF28411	27
PF29263	28.1
PF21211	27
PF21168	27
PF22498	26
PF28537	24
PF23649	40
PF18046	27.8
PF22199	27
PF00254	21.1
PF01346	22
PF18023	27
PF22921	27
PF14288	27
PF23605	27
PF19737	27
PF04620	25
PF05377	35
PF24102	27
PF27198	27
PF30562	27
PF07309	23.6
PF22201	28.4
PF03646	23.8
PF03614	24
PF12611	21.1
PF05149	23.4
PF01917	29.5
PF00700	23
PF08884	24.2
PF07196	22.7
PF00669	26.6
PF01613	27
PF01003	27
PF07652	21
PF21659	27
PF00869	27
PF02832	27
PF01004	25
PF00948	26.5
PF01005	25.1
PF01002	23.5
PF01350	27
PF01349	25
PF00972	25
PF20483	25
PF01570	27.6
PF00258	25
PF02525	27
PF12641	27.5
PF12682	24
PF12724	27
PF07972	27
PF01687	19.6
PF02441	22.7
PF20907	27
PF06289	24.7
PF07378	27
PF29214	27
PF29213	27
PF06490	22
PF00286	27
PF08358	28.1
PF22438	26
PF21610	27
PF03963	27
PF13860	27
PF13861	26.9
PF22367	27
PF07559	22.7
PF21464	27
PF02107	27
PF02119	25.3
PF21158	24.2
PF21159	24.7
PF22638	28.6
PF04316	25
PF05130	30.5
PF17680	22.6
PF16538	27
PF16539	31.2
PF16548	28.8
PF06429	23
PF00460	20.7
PF02120	29.8
PF09479	13.6
PF18998	15
PF05280	27
PF05247	27
PF06366	25
PF29197	27
PF22510	28.4
PF27117	27
PF12445	23.2
PF22370	27
PF21504	27
PF12613	28.2
PF07195	25.4
PF02465	24.8
PF02049	22.4
PF29189	24.4
PF28577	27
PF28622	27
PF01706	23.3
PF14841	25
PF14842	25
PF02108	24.1
PF02050	28.4
PF03748	24.6
PF10306	25
PF02154	27
PF01052	23.8
PF26304	23
PF16973	24
PF04347	22
PF00813	26.9
PF02561	26.7
PF16522	43.2
PF05400	29.5
PF02623	25
PF10768	25
PF29625	27
PF28302	27
PF28322	27
PF22636	27
PF27202	27
PF29946	27
PF12640	27
PF10182	25
PF12127	34
PF00624	21
PF13928	21.9
PF15975	27
PF16982	33.5
PF30100	27
PF30190	27
PF02662	22.3
PF29368	27
PF05202	25
PF04964	32.2
PF03930	25
PF24686	60
PF02947	25
PF17891	27.4
PF04772	25
PF02942	25
PF03506	27
PF03555	25
PF00598	23.4
PF08289	22.3
PF00599	25
PF00506	25
PF00600	25
PF00601	25.9
PF00603	26.6
PF00602	26.4
PF20947	27
PF20948	25
PF20949	27
PF20950	25
PF00604	25
PF20951	25
PF20952	25
PF14282	26.3
PF04500	23.6
PF15423	27
PF16662	4
PF03069	27
PF02663	22.9
PF09766	29.4
PF26728	27
PF04205	22
PF04299	22.4
PF01070	24.9
PF03358	24
PF00743	22
PF17315	28.7
PF30349	27
PF29159	27
PF07091	27
PF24329	27.8
PF00039	27
PF25960	27
PF23003	20
PF25868	27
PF00040	22.2
PF00041	25
PF24171	27.7
PF24170	27.9
PF24169	28.1
PF14310	25
PF16893	27
PF14686	24.4
PF16794	27.1
PF06280	27.6
PF17766	26.4
PF18447	34.3
PF23374	28.9
PF13287	23
PF24942	26
PF24943	27
PF25300	26
PF24946	27
PF24940	23
PF24950	28
PF25059	39
PF22986	27
PF26765	27
PF24031	42
PF24221	27
PF17808	33
PF31255	27
PF23144	24.7
PF26586	27
PF28033	27
PF26232	27
PF25832	27
PF25833	27
PF25834	27
PF25835	27
PF25836	28
PF25814	27
PF23008	30
PF23376	28.2
PF17742	27
PF30893	27
PF28127	27
PF24424	27
PF24801	27
PF05725	21
PF14638	25
PF14637	25
PF14636	25
PF25028	30
PF02986	21.2
PF03274	24
PF03408	27
PF11229	23
PF03623	23.3
PF21182	27
PF15888	28
PF11817	23.3
PF09254	27.6
PF02981	25
PF16902	26
PF02980	25
PF27239	27
PF01770	27
PF03024	29.8
PF02152	31.8
PF11704	23.3
PF16692	27
PF09289	21.1
PF09398	29.4
PF13865	24.6
PF21573	27
PF00250	27
PF08430	22
PF09163	22.1
PF18382	25
PF02911	21.1
PF21553	27
PF00551	26.1
PF01226	34.6
PF28250	27
PF12414	25
PF16676	27.4
PF16675	27.2
PF16159	28.9
PF21218	27.1
PF09758	26.1
PF06963	24.6
PF10621	25.2
PF05911	40
PF16104	27
PF17614	27
PF08445	22.1
PF09725	27
PF24301	27
PF10277	26
PF16376	25
PF05994	23.3
PF14407	48
PF01491	21.3
PF08771	24.7
PF03197	29
PF19309	27
PF15878	28.3
PF08867	25
PF06229	27
PF15315	27
PF04432	23.3
PF04422	22
PF07899	25.7
PF02434	21
PF01534	22.3
PF18032	26.6
PF06901	25
PF09421	26.6
PF06500	22
PF11768	26.2
PF03881	22.4
PF30457	27
PF30456	27
PF19421	25.9
PF28493	27
PF29178	27
PF15375	27
PF03032	27
PF03959	21
PF15554	27
PF15783	27
PF29739	28
PF28036	27
PF21333	27
PF13955	21
PF28161	27
PF13095	30.2
PF13093	24.8
PF02971	24
PF04961	24.5
PF07837	27
PF01827	22
PF01268	27
PF12934	27
PF12933	10
PF07504	21
PF01913	27
PF03239	25.3
PF30769	27
PF30770	27
PF10080	26.3
PF02741	25
PF14450	31.8
PF11983	27.4
PF06480	25.5
PF01728	22.2
PF13491	23.1
PF17854	22.9
PF09397	30.6
PF01580	24
PF12538	27
PF04999	22.9
PF19579	24.6
PF03799	21
PF28809	27
PF01098	26.4
PF02687	25.5
PF18075	23.5
PF12327	27
PF28909	27
PF03867	25
PF09005	20.1
PF02952	29.3
PF07881	28
PF07882	22.3
PF07959	34
PF16757	25.6
PF18025	27.2
PF31143	27
PF10415	32.5
PF02300	24.2
PF02313	25
PF03630	28.5
PF05681	25
PF05683	22.2
PF04930	22.5
PF16797	27
PF07938	25.3
PF18647	26.5
PF12709	27
PF04082	23
PF11951	21
PF31024	27
PF22144	26
PF21685	27
PF10917	24
PF20684	27
PF30996	27
PF05933	26.1
PF01475	23.1
PF00757	26.8
PF15913	28
PF13076	22
PF13040	25
PF04632	30.9
PF12805	22.1
PF13515	25.6
PF15993	25
PF25632	27
PF13044	25
PF00523	29.8
PF01621	20
PF19745	27.6
PF19036	26.1
PF19037	23.8
PF19038	24.3
PF28942	27
PF09259	27.8
PF20011	27
PF20007	27
PF19998	27
PF20000	27
PF19999	28.5
PF20002	27
PF20003	24.2
PF20004	27
PF20005	26.5
PF20006	27
PF25658	27
PF14922	25
PF14670	33.4
PF12235	29.6
PF16098	28
PF16096	28
PF16097	27
PF04186	25.2
PF27839	27
PF10154	25.8
PF09538	23.9
PF05965	21
PF05964	24
PF07078	21
PF27837	27
PF01363	27.8
PF02318	27.2
PF21272	27
PF01392	32.1
PF04799	27
PF23298	27
PF29575	20
PF08919	23.6
PF18060	29
PF01115	26.3
PF01116	25.5
PF06986	23
PF00503	48.8
PF00631	27.1
PF01585	22
PF12656	26
PF15103	27
PF24182	22.6
PF20881	28.2
PF20880	27
PF18442	25.6
PF07474	23.5
PF05155	25
PF27049	27
PF11417	28.1
PF02660	24.1
PF04309	27
PF21443	27
PF07501	23
PF15096	24.3
PF02781	27
PF00479	22.1
PF22245	27
PF21988	27
PF10162	22.9
PF01468	11.4
PF17573	10
PF04114	28.6
PF19976	27.7
PF11620	26
PF02938	23.4
PF08887	25
PF25705	27
PF26128	30.5
PF30453	27
PF30441	27
PF23304	27
PF01590	22.4
PF13185	28.6
PF13492	27
PF30393	27
PF30396	27
PF22922	24.1
PF12282	23.7
PF13975	28.2
PF09237	20.2
PF06217	26.6
PF16828	27
PF05831	29.2
PF20672	30
PF01140	30
PF30021	27
PF02337	23.9
PF01141	25
PF08723	26.1
PF00540	10
PF02228	22
PF00607	24
PF19317	25.9
PF02093	27.4
PF08705	27
PF13976	28.4
PF20673	25
PF03276	25
PF16489	24.2
PF18619	35.7
PF26588	27
PF26574	27
PF06990	27
PF00337	22.1
PF18535	31.8
PF30530	27
PF03902	22
PF22685	29
PF01762	23
PF01296	20.5
PF24748	28
PF22676	27
PF17974	26
PF10509	23.1
PF02052	28.2
PF01087	22.1
PF02744	29.2
PF17337	25
PF13802	27
PF18080	27
PF06064	25
PF28165	27
PF00304	25.1
PF28366	27
PF05908	22
PF20052	27.9
PF20014	24
PF20012	27
PF20013	24
PF29346	27.1
PF17155	27.6
PF17156	27
PF17154	27
PF17157	27
PF10073	22.6
PF26110	27.6
PF11770	21.1
PF04410	29.3
PF12480	22
PF16731	27.4
PF01071	27
PF02843	34.8
PF02844	29.5
PF13851	32.3
PF02187	21.3
PF02704	27
PF04598	25
PF17708	36.3
PF27061	27
PF19994	27
PF00918	22.2
PF00741	25
PF01304	21
PF03127	31
PF00320	26.8
PF05349	20.3
PF00117	22.8
PF07090	27
PF00310	19.9
PF07685	27
PF13230	23
PF13507	27
PF13522	27
PF13537	25
PF08550	20.9
PF02934	23.4
PF02637	27
PF02686	23
PF18195	25.7
PF07670	29.6
PF20977	33.4
PF08013	26.7
PF25557	22
PF22775	24.1
PF04572	22.3
PF06155	22.8
PF25527	26
PF24972	27
PF23031	27.9
PF23032	27.4
PF23560	27
PF23623	27
PF23759	15
PF23093	27
PF22803	28
PF02263	21.1
PF18416	26.6
PF21868	27.7
PF08363	27
PF02841	24.3
PF02425	25
PF02526	25
PF18455	25
PF17580	25
PF21426	26
PF27113	27
PF08481	31.6
PF12786	21
PF04189	27
PF08704	26
PF22244	27
PF07842	28.1
PF02649	25
PF05165	21.3
PF20936	36.2
PF13324	27.5
PF07802	27.2
PF03615	25
PF12074	26.9
PF06320	23.9
PF18229	27
PF15328	27
PF20685	27.4
PF14609	27.8
PF19340	23.3
PF04551	32
PF26540	32
PF04130	25.8
PF17681	29.4
PF02155	29.3
PF12550	23
PF29705	27
PF07750	26.9
PF03074	25
PF04107	21
PF16647	30.4
PF21478	27
PF01597	22.2
PF01571	33.6
PF08669	25.9
PF09694	24
PF01150	24.9
PF02347	26
PF06202	21
PF12439	27
PF14742	22.1
PF27967	27
PF23147	27
PF23152	27
PF21075	23.7
PF21076	22.8
PF21077	22.2
PF21074	26
PF21073	21.2
PF21079	21
PF21078	24.6
PF00996	23
PF02351	22
PF03009	23.6
PF13653	27
PF26216	27
PF26217	32.1
PF16363	27
PF01169	27
PF27655	27
PF14345	27
PF20629	26.8
PF04295	27.3
PF16030	29.6
PF16529	29.5
PF22757	27
PF04504	29.5
PF02212	21.4
PF00626	21
PF28893	27
PF28855	27
PF28851	27
PF28853	27
PF06252	27
PF23777	27
PF06372	23.9
PF20417	33.4
PF11095	25
PF15348	29.7
PF07412	22.2
PF04807	23
PF08464	25
PF00799	24
PF08283	24
PF01440	26.8
PF01407	24.1
PF00845	27
PF01492	29.1
PF00844	33.9
PF01708	25
PF01524	21.2
PF18380	26.7
PF02053	20.1
PF28884	29.4
PF22861	32.2
PF31140	27
PF28564	27
PF17053	28.4
PF29150	27
PF03323	27
PF17898	29.5
PF00196	23.5
PF10646	23
PF10676	27.3
PF10803	30.5
PF10737	22.4
PF10970	26.8
PF29697	27
PF27491	27
PF08690	25.5
PF14963	25.2
PF04190	30
PF16843	25.3
PF17183	22.9
PF12754	29.1
PF05671	22.4
PF20009	24.4
PF28974	27.4
PF28764	27
PF04828	24.3
PF17331	23.4
PF01408	24
PF02894	22.9
PF19051	23.3
PF22725	27
PF01353	25
PF06399	25
PF30761	27
PF14843	29.5
PF06094	22.8
PF18308	25.6
PF00990	23.8
PF17853	24.5
PF24898	30
PF14057	27
PF15685	27
PF30380	27
PF22578	27
PF14410	25
PF21466	27
PF17995	25
PF22612	27
PF14741	20.5
PF17829	24.1
PF04685	26.3
PF31096	22
PF31098	28
PF13320	23.1
PF19543	27
PF31097	29
PF18271	23.1
PF21231	27
PF31219	27
PF31272	27
PF30275	55
PF26113	27
PF28588	27
PF11175	27
PF28589	27
PF16141	28.7
PF03321	23.6
PF16346	31.4
PF23572	23.6
PF23571	23.6
PF25146	34.1
PF16369	23.4
PF17851	22.7
PF26410	28
PF21910	27
PF06165	22
PF14509	25
PF14508	25.3
PF12772	24
PF17834	34.5
PF02638	27.9
PF14883	27
PF14885	27
PF14872	23.7
PF14871	35
PF08544	21
PF00288	22.3
PF11080	21
PF28585	27
PF28584	27
PF26108	27
PF30137	27
PF01134	19.1
PF21680	24.7
PF02527	27
PF12483	23.6
PF13856	27.9
PF07350	27
PF28518	27
PF30921	27
PF30924	27
PF30057	30.2
PF30142	27
PF30143	27
PF30144	27.7
PF08388	23
PF24994	27
PF03227	22.4
PF10764	27
PF28137	27
PF28134	27
PF25865	27
PF25864	27
PF27418	27
PF22090	27
PF24793	27
PF06972	26.4
PF27836	27
PF25083	28.4
PF25082	27
PF30035	27
PF29698	27
PF27827	27
PF12205	25
PF27826	27
PF11710	24.2
PF16559	28.7
PF08518	21.1
PF01541	22.6
PF30054	27
PF20815	22.4
PF26468	27
PF19239	19
PF03359	27
PF20741	27.7
PF22198	27
PF22645	27
PF00594	27
PF10912	22.3
PF21174	27
PF30652	27
PF11397	21
PF18440	26.4
PF07221	23.4
PF17847	27.6
PF25594	27
PF19937	25
PF25593	27
PF14109	27
PF22827	24
PF12081	25
PF21601	24.4
PF21602	25.2
PF12080	24.6
PF19841	23
PF07817	24
PF28696	68
PF10528	26.2
PF03275	26.3
PF24929	27
PF19320	27
PF17994	26.1
PF22019	27
PF21702	27
PF11896	25
PF28476	27
PF08971	32.2
PF18390	25.8
PF13016	22.4
PF22369	27.7
PF22345	27
PF15065	27
PF00120	24
PF18318	22.7
PF03951	33.4
PF16952	35
PF27444	27
PF27446	27
PF08335	21
PF03710	24
PF21695	27
PF15644	24.1
PF21435	27
PF18626	25
PF00042	22
PF28402	27
PF21701	27
PF21207	27
PF10793	25
PF06942	25
PF28211	31
PF05768	26
PF08718	25.6
PF15249	28.2
PF01744	21
PF03616	26
PF27861	27
PF22875	27
PF02364	37.2
PF14336	27.9
PF09136	27
PF09985	22
PF09137	24.1
PF02685	22.1
PF13618	23.4
PF01182	27
PF01832	30.2
PF14264	30
PF07581	18
PF18466	28.2
PF10606	25
PF04960	27
PF00462	22.9
PF04399	32.8
PF03157	50
PF00745	22.9
PF05201	27
PF05096	22.3
PF04262	27
PF16912	34.9
PF01645	20.4
PF04898	22.8
PF21529	28.1
PF30277	27
PF21110	27
PF12764	25
PF31172	37.8
PF13488	25
PF13436	9
PF13441	28.2
PF05242	27
PF28610	30
PF10091	27
PF05693	27
PF14845	27
PF06475	25
PF00274	22.2
PF01102	30.1
PF03409	27
PF00606	43
PF00802	27
PF17416	27
PF17417	48.8
PF00534	26.4
PF00535	23.3
PF00591	27
PF00953	27
PF04413	23.9
PF02885	26
PF20737	23.7
PF20736	24.2
PF18565	32
PF17677	22
PF17652	25.6
PF00232	22.6
PF00331	22.1
PF12899	23.6
PF12905	25
PF17132	29
PF05838	21.2
PF21252	27
PF00457	27
PF03537	26.4
PF15979	27
PF01670	27
PF21258	27
PF22680	27
PF06824	23.4
PF11308	25.6
PF04041	26
PF21087	27
PF01373	27
PF00723	22
PF00722	22
PF00332	28.2
PF00704	29.6
PF00182	25.5
PF00703	23
PF00728	22.3
PF02838	26.1
PF01183	27
PF02156	20.2
PF00295	22.9
PF02836	21
PF02837	28
PF22666	27
PF00933	27
PF02055	23
PF17189	22
PF01055	23.5
PF21365	24.4
PF08244	21.9
PF00251	22.1
PF01301	27
PF16874	27
PF16875	27
PF18438	28.4
PF07748	25
PF01074	25
PF01229	26
PF21200	27
PF01915	31
PF02056	23.2
PF02449	21
PF08533	21
PF08532	25.8
PF04616	32.2
PF22847	30
PF12891	24.7
PF02015	27
PF01374	27
PF01532	22.9
PF02011	25
PF03718	27
PF17433	21.3
PF11975	24.1
PF03512	25
PF07745	24
PF01630	23.2
PF03065	21.2
PF02057	27
PF17387	28
PF21708	27
PF18564	22
PF01341	27
PF03664	22.1
PF03200	22.4
PF16923	23.8
PF16483	27
PF03633	22
PF03632	27
PF03636	26.6
PF13199	23.7
PF07477	27
PF07488	23.5
PF03648	24.3
PF02435	27
PF00840	27
PF02324	24
PF03659	34
PF03198	25.9
PF07335	27
PF03663	25.9
PF02446	25
PF21104	27
PF16862	27
PF03662	23.1
PF01270	24
PF13647	25
PF03639	25.6
PF21809	27
PF03644	22.2
PF07470	26.6
PF00759	27.7
PF07971	24.6
PF17678	34.5
PF17167	27
PF21307	27.6
PF22124	27
PF10566	32.5
PF08307	27
PF08306	27
PF16317	33
PF11790	21
PF12215	30.2
PF14587	27
PF17451	25
PF14498	27.7
PF18088	27
PF10111	27.3
PF13641	27
PF13704	27.5
PF13712	27
PF00852	23.9
PF01531	23.9
PF01793	25
PF04724	26
PF15024	28
PF00982	32.5
PF13506	22
PF03901	23.8
PF18404	25.7
PF01755	24
PF03033	26.2
PF00777	23
PF05637	23
PF13439	28.5
PF13844	25
PF03360	27
PF13896	27
PF08323	22.7
PF07922	26.1
PF07429	25
PF03414	25
PF04577	27
PF09258	21.3
PF02709	23
PF13733	27
PF01501	24.3
PF16849	27
PF08437	23
PF01075	22
PF05686	24
PF01697	23
PF21912	27
PF26168	27
PF13524	25
PF13528	25
PF13692	27
PF13632	27
PF13477	23.4
PF12000	25
PF13579	29.7
PF16994	26.6
PF09318	27.4
PF17039	28.7
PF04101	22
PF14307	25.1
PF03808	27.4
PF18230	28.3
PF12524	21
PF00903	20.6
PF12681	29.6
PF13468	25.1
PF13669	27
PF14696	27
PF18029	23.6
PF19581	23.6
PF20066	23.7
PF07250	37.5
PF04464	22.1
PF01153	26.4
PF28494	27
PF08444	27
PF06021	31.2
PF02595	23.3
PF01228	22.2
PF09338	22.2
PF21722	24.3
PF14272	27.3
PF04488	23
PF03458	23.5
PF26273	27
PF19046	23.5
PF10647	20.5
PF10648	25.7
PF06540	25
PF05199	24.6
PF22500	27
PF00732	23
PF28626	27
PF28628	27
PF28627	27
PF28658	27
PF28657	27
PF28659	27
PF22699	27
PF27888	27
PF30869	30.3
PF25087	35
PF05351	25
PF00958	27
PF07510	23
PF03235	33.2
PF22560	27
PF09535	25
PF01109	27
PF08701	22.3
PF05643	25.9
PF22559	27
PF12746	26
PF13718	24.6
PF18164	22.8
PF18407	26.3
PF22998	27
PF24993	26.3
PF22051	27
PF12369	22.1
PF31278	27
PF00446	18.5
PF08178	27
PF03071	25.4
PF02447	22.5
PF00392	27
PF13807	27.7
PF09118	25
PF13897	28.4
PF25099	34.5
PF15070	29.2
PF09787	31.7
PF30464	27
PF30358	27.8
PF02188	25.1
PF25275	31.6
PF08685	22.6
PF08738	25
PF17109	24.8
PF27017	27
PF06814	25.2
PF04178	24.6
PF05823	29.2
PF26813	27
PF21628	27
PF21703	27
PF21939	27
PF22670	27
PF08677	27
PF25754	27
PF09089	25
PF00516	27
PF20036	26.4
PF21930	27
PF18352	26.1
PF17420	27
PF21870	27.3
PF22671	27
PF22639	27.6
PF28456	27
PF21567	27
PF07068	24.4
PF17388	27.4
PF03076	25
PF18897	23.6
PF08804	26.8
PF21560	27
PF31249	27
PF21446	27
PF09646	27.3
PF12604	22.5
PF20744	21.7
PF05268	28
PF22760	27
PF21721	27
PF16677	29.4
PF03010	22.6
PF11025	21
PF00517	29.6
PF23746	27
PF17510	27.9
PF22255	27
PF21429	27.8
PF21328	27
PF09116	25
PF17470	28.1
PF07409	28.6
PF29858	27
PF05973	23.9
PF22442	28
PF28602	26
PF17468	25
PF21882	24.9
PF25180	27
PF31196	27
PF17594	27
PF07902	34.5
PF06715	20.4
PF06714	25
PF22178	30.9
PF21379	27
PF17471	25
PF21562	27
PF17634	27.9
PF17469	25
PF21515	27
PF31222	27
PF21472	27
PF21387	28.2
PF21871	27.7
PF20911	27
PF17429	28.1
PF23148	27
PF17463	25
PF21427	27
PF21456	29
PF31235	27
PF21428	27
PF23140	27
PF17338	24.4
PF26814	27
PF19277	25
PF14829	25
PF05876	25.6
PF20454	22.5
PF02925	25
PF10110	29.6
PF20618	27.6
PF30351	27
PF16905	26.8
PF12537	22.1
PF06560	20.7
PF05024	22.2
PF04113	26.7
PF06432	24.4
PF25088	65
PF27906	27
PF21683	27
PF05719	29.1
PF21929	27
PF22259	22
PF22261	21.7
PF22257	27.2
PF27607	27.6
PF28499	27
PF28498	27
PF22572	28.1
PF15854	27
PF10192	23.7
PF01184	25
PF11970	21
PF01825	22.5
PF15784	27
PF30356	27.4
PF11359	24.4
PF02831	22.5
PF04965	27.2
PF02800	24.4
PF00044	31.7
PF11668	25
PF28504	27
PF05084	27
PF30209	27
PF10375	26
PF27371	27.7
PF02893	23.6
PF16569	30.5
PF16555	23.1
PF16570	27.2
PF00746	17
PF01271	25
PF00396	20.9
PF03514	27
PF04495	27.7
PF27893	27
PF04723	22
PF07355	22
PF07173	22.7
PF25335	27
PF28011	27
PF01272	26.9
PF03449	24.5
PF20688	25
PF20267	25
PF15782	27.2
PF11034	25
PF25416	27
PF30113	27
PF06212	25
PF15235	27
PF01465	24.4
PF16518	26.8
PF04155	35.4
PF07172	30
PF29337	41.5
PF16984	21
PF04229	25.5
PF01025	25.8
PF23733	26
PF12742	31.3
PF14959	27
PF08885	25
PF28819	27
PF07995	25
PF11055	25
PF07803	27
PF02955	23
PF02951	21.3
PF08886	25
PF00255	27
PF03199	20.9
PF03917	25
PF12437	25
PF05350	25
PF05303	20.9
PF21327	27
PF20164	27.4
PF29941	27
PF22341	27
PF12019	21
PF12693	27
PF28903	29
PF03738	29.3
PF00043	20.7
PF13410	24.9
PF14497	21.6
PF14834	30
PF16865	27
PF17171	28
PF22041	27
PF22119	30.9
PF02798	20.9
PF13409	25
PF13417	22
PF17172	30
PF18485	29.6
PF27804	27
PF09698	21.7
PF00862	23
PF11847	26
PF08759	27
PF22882	27
PF26629	27
PF20706	26
PF09594	25
PF20978	27
PF16335	24.9
PF11351	24.8
PF13547	27
PF02946	27
PF26337	28
PF26334	23
PF22145	28.2
PF30759	27
PF27244	27
PF30760	27
PF22192	27
PF09729	23.6
PF16360	29.5
PF13167	25.4
PF22594	27
PF01018	27
PF09027	23
PF12471	25
PF00925	23.3
PF01227	27
PF00009	26.5
PF03144	30.3
PF03143	27
PF14578	23.8
PF04670	22
PF04138	26.1
PF30648	27
PF15259	27
PF30540	27
PF27945	27
PF25342	27
PF30533	27
PF19528	27
PF27704	20.5
PF00211	21.9
PF09778	28.1
PF00625	25.2
PF02058	25
PF13947	29.4
PF08152	27
PF22906	27
PF22059	27
PF05419	29.2
PF16416	24.3
PF30000	32.4
PF06923	25
PF28720	27
PF25974	27
PF29651	29.5
PF26772	27
PF26771	27
PF20440	27.9
PF07088	24
PF05120	30.6
PF05455	22
PF29250	27
PF05121	25
PF06386	23.6
PF05800	25
PF28079	28
PF28078	27
PF13457	6.2
PF22973	27
PF06423	29.6
PF20094	26.9
PF14607	27
PF01493	32.5
PF14323	27
PF16216	23.9
PF20957	24.5
PF20958	24.4
PF14231	25
PF08734	31.4
PF02213	25.7
PF14237	25.8
PF25531	27
PF07253	27.5
PF02756	20.6
PF21249	23.7
PF18053	26.1
PF06445	26
PF04162	27
PF01019	27
PF15991	34.3
PF02895	23
PF09040	25
PF23110	27
PF03883	29.6
PF06831	34.7
PF22525	27
PF03457	28
PF18239	26.3
PF21010	21.3
PF17993	25
PF22564	27
PF08006	28.3
PF24721	27
PF04774	21.8
PF28613	27
PF30957	30
PF26396	27
PF12710	27
PF26126	27
PF13419	23.8
PF28688	27
PF22978	27
PF25109	27.6
PF23270	27.5
PF10307	25.6
PF18143	27.5
PF09065	25
PF14830	24
PF14376	27
PF14518	28.9
PF28045	27
PF16123	25
PF07527	25.3
PF22862	27
PF23169	26
PF28636	27
PF18545	26.3
PF18547	27
PF10112	29.8
PF05465	22.4
PF26264	27
PF26422	27
PF26420	27
PF26497	25.2
PF26442	27
PF26510	27
PF08663	23.2
PF02183	28.1
PF01725	22.5
PF14613	27
PF19343	27
PF08878	25
PF04388	25.9
PF11251	22.2
PF00672	15
PF18947	24.3
PF30155	27
PF18575	25.7
PF26769	27
PF09110	26
PF20682	28.5
PF01561	25
PF20679	28.2
PF01567	25
PF00846	27
PF27869	29
PF20836	25.3
PF22142	27
PF03866	22.3
PF04849	33.9
PF10699	27.4
PF10297	21.1
PF11639	25
PF15196	27
PF05066	25.9
PF07443	25
PF04877	25.1
PF09378	25.2
PF06438	26.3
PF12330	25
PF02184	21
PF14372	27
PF21183	27
PF21184	22
PF10394	22.9
PF02518	26.4
PF13581	27.4
PF13589	25
PF13749	26
PF14501	22
PF08214	27
PF23241	33
PF23240	27.7
PF23231	27
PF23233	31
PF23220	27
PF14932	29.4
PF25762	40
PF15003	24
PF27045	27
PF27044	27
PF14735	25
PF14817	25.6
PF14661	26.4
PF31247	80
PF12944	24.5
PF26202	20
PF06777	30
PF18534	32.9
PF27818	27
PF16591	29.8
PF22419	27
PF03928	25
PF08539	22.7
PF08938	26.4
PF23936	27.4
PF25887	27.8
PF07432	23.5
PF07382	40
PF29430	27
PF06594	21.4
PF14856	25
PF11576	25
PF06690	31.4
PF06787	25
PF12154	25
PF27020	27
PF25706	30
PF17609	27
PF12507	25
PF26987	28
PF25739	25
PF07818	26.3
PF00955	27
PF24163	27.7
PF26825	27
PF07111	25.9
PF22617	27
PF01543	22
PF01542	23
PF01539	22
PF01560	27
PF01538	25
PF01006	27
PF01001	27
PF01506	20.5
PF08300	25
PF08301	27
PF12941	25
PF01837	26.2
PF01966	22
PF24391	27
PF04618	22
PF11496	27
PF12203	25
PF22688	27
PF02329	27
PF17528	30.4
PF06411	22
PF14701	27
PF15115	27
PF08668	22.9
PF02924	29.1
PF30963	27
PF22196	33.4
PF30025	63
PF01517	27
PF13023	22.5
PF13328	27.2
PF13487	27.2
PF13286	22.2
PF19276	23.1
PF12236	27
PF16002	27
PF09008	24
PF25641	30
PF02985	17.6
PF28900	27
PF13646	27.7
PF25504	26.5
PF23593	27
PF24573	31.9
PF24492	27
PF24984	27
PF24987	32
PF13513	24.5
PF23271	28
PF26715	27
PF25786	27
PF25801	27
PF24916	27
PF23243	27
PF25468	27
PF24566	27
PF25018	27
PF09798	24.1
PF21047	27.4
PF23210	27
PF25385	27
PF23221	27.6
PF23227	27.3
PF26778	27
PF26779	27
PF23300	29
PF03130	13
PF30717	27
PF23096	20
PF16507	25.2
PF25772	27
PF24571	25
PF26767	27
PF30718	27
PF29232	150
PF30806	27
PF30807	27
PF18817	10
PF23606	27
PF26723	27
PF26140	20
PF27854	27
PF15353	27
PF00632	23.9
PF09814	22
PF18436	25
PF16562	26.7
PF19191	28.5
PF12661	13.6
PF12949	28.9
PF30804	27
PF21268	27
PF26050	27
PF28544	32
PF26726	23.9
PF00271	23.5
PF13307	25.3
PF13625	34.2
PF13871	30.5
PF28555	30.5
PF21280	27
PF28538	25
PF12462	24.5
PF28822	27
PF18149	23.1
PF11408	22.2
PF18761	26.7
PF14214	28.9
PF14479	23
PF03451	27
PF17312	27
PF31132	27
PF02602	27.5
PF00509	31.8
PF03996	25
PF02710	25
PF08720	26.9
PF11545	26.4
PF01814	25.3
PF01126	23
PF06969	24
PF03723	26.4
PF00372	20.8
PF03722	28.9
PF00353	7
PF12563	22.5
PF00045	21.3
PF21944	27
PF10636	25
PF05171	24
PF04375	25.9
PF07219	31
PF29583	27
PF12623	23
PF18441	25
PF21224	27
PF22032	27
PF26841	27
PF28339	27
PF07940	24
PF16889	22
PF00906	17
PF06446	27
PF30252	27
PF18675	27.7
PF05168	22
PF18867	25
PF18732	27
PF18734	26.8
PF18728	27.1
PF18739	24.4
PF18730	27.1
PF18738	27
PF18733	27
PF18737	26.8
PF18870	27.4
PF18735	28.4
PF18869	29
PF18725	26.4
PF18726	27.2
PF18729	27
PF18731	27.5
PF18871	28.5
PF07307	30
PF09272	26.6
PF01934	23.5
PF20797	27
PF07052	22.7
PF08290	25
PF05872	22
PF21591	27
PF22231	27
PF09241	25
PF10813	21.2
PF04793	25
PF25730	27
PF05812	25.8
PF04633	25
PF04682	25
PF06112	25
PF04929	25
PF01673	27
PF02480	26.7
PF20418	24.5
PF01688	27
PF17488	25
PF01528	27
PF01537	21
PF02489	20
PF05955	25
PF05109	27
PF20676	25
PF20677	27.7
PF25736	27
PF02689	27
PF05774	25
PF03324	35
PF03585	25
PF03584	25
PF07340	27
PF03361	27
PF02479	21
PF06307	25
PF06126	27
PF05297	26
PF07415	25
PF03363	25
PF03122	27
PF04797	27
PF25720	40
PF25748	27
PF25717	27
PF02399	20
PF03325	25
PF31254	27
PF04846	26
PF04637	19
PF03326	20
PF04843	25
PF00693	25
PF08465	21
PF05613	25
PF07402	25
PF04523	25
PF04541	26
PF04533	27
PF05467	25
PF05999	25
PF06501	21.1
PF04529	23.1
PF05259	20
PF03580	25
PF03044	27
PF04559	25
PF04544	25
PF03252	25
PF01646	27
PF01499	25
PF03369	25
PF02718	27
PF06070	25
PF03581	27
PF04496	25
PF03586	23.2
PF03970	25
PF07413	25
PF03277	25
PF02282	27
PF05072	24.9
PF03387	25
PF03362	25
PF03117	27
PF04823	25
PF05702	27.5
PF27693	27
PF04540	25
PF03121	21
PF04537	25
PF04534	25
PF01763	27
PF05459	27
PF01677	27
PF03554	23
PF07982	25
PF03049	27
PF05784	27
PF03043	27
PF03048	21
PF03038	27
PF05363	21
PF25737	27
PF06072	23.7
PF01802	27
PF03327	25
PF14409	22
PF13804	27.9
PF15695	27.5
PF06985	22.5
PF26639	27
PF07217	27
PF17108	27.3
PF11558	32.2
PF20701	28.2
PF28069	27
PF18460	27
PF28104	27
PF02444	27
PF20576	27
PF00132	27
PF14602	11
PF24894	23.3
PF18776	27.6
PF25441	27
PF15313	29
PF00349	24.3
PF03727	24
PF03559	25
PF22538	26
PF02455	25
PF05345	22.1
PF27294	27
PF27277	27
PF12221	22
PF19275	26.4
PF17209	27
PF21979	27
PF19810	30
PF18287	25
PF15666	27
PF06050	28.4
PF14702	27
PF14699	22.1
PF31258	27
PF31242	27
PF31252	27
PF31245	27
PF31241	27
PF31250	27
PF07063	25
PF04209	21
PF20510	20.2
PF07786	22
PF03129	21
PF12745	24.4
PF03578	21.9
PF05321	25
PF23116	35.8
PF00633	24
PF00730	26.2
PF12826	27
PF12836	27
PF14520	17
PF14579	25.6
PF14635	27
PF14716	30
PF17674	23.1
PF14490	27
PF29713	30.7
PF26169	29.7
PF20133	23.7
PF28640	27
PF26575	30.5
PF16852	27
PF17087	27
PF03753	25
PF25689	27
PF25878	27
PF25994	40
PF25988	27
PF25893	29.6
PF25885	33
PF25876	24.7
PF26012	27.9
PF01085	22.1
PF25881	30.6
PF25982	28.1
PF03486	50
PF22780	27
PF27318	28.1
PF22186	24.5
PF28832	27
PF15403	25
PF22414	27
PF29181	27
PF07927	27
PF05534	21
PF15970	27.6
PF15919	27
PF12722	22.5
PF11413	27
PF08778	25
PF29431	27
PF05015	27
PF09907	27
PF28156	27
PF05636	27
PF16581	26.7
PF04588	22.4
PF21057	27
PF05603	27
PF30449	27
PF15220	27
PF08732	28.7
PF02760	22.7
PF19252	10
PF09520	27.2
PF01079	29.7
PF13403	28.4
PF27524	30.4
PF16515	28.8
PF20613	27
PF07804	30.5
PF29689	27
PF01355	22
PF18253	23
PF27585	27
PF27595	27
PF27648	27
PF27584	27.9
PF30849	27
PF27596	27
PF07569	25
PF08797	24.7
PF09453	21
PF00713	25
PF28209	21
PF27798	27
PF25665	27
PF24066	27
PF01634	25.5
PF08029	23.5
PF25936	27
PF20302	27.8
PF00512	26.9
PF07568	22.3
PF07730	24
PF16926	22.6
PF16927	28.6
PF22561	27
PF09385	24.4
PF18698	27.3
PF00815	27
PF00125	26.4
PF26281	45
PF16211	20
PF00816	25.6
PF22470	24.5
PF00850	27.9
PF10529	9
PF21996	27
PF27460	27
PF02098	21.2
PF00977	23.6
PF06580	25.2
PF30156	27
PF08047	25
PF18275	25
PF00300	21.7
PF00328	23.6
PF01230	22.3
PF22088	27
PF18268	28.4
PF30319	27
PF29764	27
PF10786	27.7
PF30317	27
PF27257	28.8
PF27161	27
PF30244	27
PF27365	33
PF29649	27
PF27159	27
PF29792	27
PF27396	27
PF27206	27
PF30246	27
PF29765	27
PF29771	27
PF27180	27
PF30247	27
PF27613	27
PF27549	27
PF01870	21.1
PF12347	22.7
PF12346	25
PF02110	27
PF22309	27
PF22424	27
PF04883	21.4
PF18415	27.3
PF30711	27
PF16750	30.5
PF21623	27
PF28291	27
PF00010	20.7
PF31213	38.1
PF02794	25
PF06109	25
PF03006	26.2
PF10115	27
PF25891	28.1
PF21461	27
PF00403	24.8
PF19991	30
PF27530	27
PF24534	24.5
PF19335	23.6
PF03201	27.9
PF22616	27
PF00368	27
PF25653	27
PF01101	23.5
PF00682	29
PF00505	25.4
PF09011	22.4
PF14887	25
PF08540	25.1
PF01154	25
PF24815	51.6
PF15908	28.6
PF15905	30.1
PF29054	27
PF07849	21
PF28019	40
PF22417	27
PF30309	27
PF18747	25
PF18723	25
PF18748	27
PF14064	27
PF18071	27
PF18254	27
PF13879	25.6
PF00423	27
PF04813	27.3
PF04812	25
PF04814	29.7
PF09354	25
PF01844	21.4
PF16784	26.6
PF13391	20
PF13392	24.8
PF13395	22
PF14279	27.5
PF30803	27
PF18780	26
PF12196	25
PF07700	24.5
PF07701	23.4
PF11627	25
PF11532	24
PF18360	26
PF14515	25
PF17664	25
PF12163	27
PF10344	24.5
PF17943	26.3
PF11927	25
PF25319	27.5
PF10748	24
PF01848	22
PF21500	27.1
PF13272	27
PF16936	25.3
PF10960	22.6
PF05102	27
PF04688	27
PF16935	23.3
PF05920	24
PF00046	22.9
PF11569	21
PF00742	22.9
PF05204	21.1
PF05203	32.1
PF05622	35
PF19047	23.5
PF21670	27
PF17914	22.7
PF22079	27
PF26324	40
PF08888	27
PF15457	27
PF29634	27
PF02301	24
PF00103	22.7
PF00123	21.2
PF00159	28.7
PF00220	17.1
PF00184	27.2
PF00236	25
PF00104	23.5
PF10116	26.7
PF04617	27
PF12284	27
PF21970	27
PF27537	21.4
PF18618	55.3
PF18472	27
PF22017	27
PF22018	27
PF25759	27
PF03241	25
PF11794	35
PF09483	23.8
PF23452	25
PF28609	23.9
PF31164	27
PF03328	25
PF05044	25
PF28098	28.2
PF10228	27.1
PF20646	14
PF13694	19.9
PF22829	31
PF22828	22
PF20933	27
PF22825	27
PF13323	24.2
PF15226	22.1
PF18524	28.4
PF28170	27
PF28152	27
PF01288	25.7
PF07456	30
PF07475	33.3
PF02603	24
PF14763	26.7
PF14761	26.2
PF15702	27
PF20468	27
PF28006	42
PF01627	24.6
PF10090	22.9
PF16960	29.7
PF30817	27
PF27254	27.7
PF01856	21
PF02521	25
PF02185	33.1
PF25610	27
PF01628	22.2
PF27310	27
PF27361	28.2
PF15758	27
PF00570	23.8
PF25128	32.3
PF16954	13.4
PF16815	27
PF22949	27
PF02793	26.2
PF28515	27
PF28646	27
PF28647	27
PF15072	30.8
PF09589	25
PF09613	29.3
PF09487	33.4
PF09502	29
PF09486	29.7
PF08482	25
PF27358	28.3
PF06188	23.5
PF28047	27
PF06266	29.4
PF07201	25
PF28066	27
PF12210	30.6
PF13933	27
PF26427	23
PF05514	22.6
PF07014	29.3
PF07231	25
PF02218	27
PF07529	23
PF12456	26
PF12296	33.5
PF06825	28.6
PF18256	26.2
PF07743	22.1
PF15244	27
PF30447	27
PF12161	24.5
PF04313	25.1
PF13588	25
PF22101	27
PF28349	27
PF00447	22
PF14603	25.7
PF06350	25
PF18794	27
PF18795	24
PF12062	25
PF25119	27.4
PF28601	27
PF00011	20.8
PF28885	27
PF01430	21.4
PF00012	20.6
PF00183	24.4
PF04119	26.3
PF03172	24.9
PF29910	27
PF30867	27
PF12149	27
PF04213	24
PF27832	27
PF28168	27
PF11534	25
PF00126	26.6
PF04967	23.1
PF08279	25
PF11972	26.1
PF12324	27.2
PF12645	22
PF12728	27
PF12833	33.6
PF12844	30.2
PF12840	27
PF13276	28.1
PF13309	29.6
PF13384	24.6
PF13412	21.9
PF13413	24.6
PF13443	22
PF13463	22.2
PF13518	25
PF13551	28.1
PF01381	23
PF13556	27
PF13560	27
PF13565	33.7
PF13592	25
PF13601	27
PF13693	25
PF13730	25
PF13744	27
PF13936	27
PF14090	21.3
PF14493	27
PF14502	25
PF09904	27
PF14641	35
PF14947	25.5
PF15977	29.3
PF16221	27.1
PF17906	24.1
PF18010	27.7
PF01022	22
PF18024	27
PF18558	50
PF18576	26.6
PF18606	30.6
PF18607	28.1
PF18622	27.8
PF18662	26.2
PF18679	29.1
PF19575	23.8
PF20038	27
PF01418	28.3
PF20317	24.1
PF20470	24.3
PF20552	27
PF20575	23.9
PF20714	27
PF28916	27
PF21321	24.3
PF21863	27
PF22943	27
PF22979	27
PF02796	23.8
PF23671	27
PF23737	27
PF23739	27
PF24718	27
PF25370	25
PF25871	27
PF25872	27
PF26555	27
PF02954	22
PF08221	23.4
PF22324	27
PF22495	27
PF18107	22.5
PF26215	27
PF00165	26.6
PF13404	27
PF25896	27
PF23401	27.8
PF26121	22.5
PF23588	27
PF23078	27
PF25981	27
PF25996	27
PF24270	27
PF08222	27
PF13545	27
PF30627	27
PF08220	21
PF23302	27
PF27602	27
PF26175	23
PF27167	27
PF24266	31
PF09339	22
PF23081	27.9
PF08280	23
PF17007	27.3
PF27059	27
PF26775	22.7
PF24426	27
PF27514	27
PF23079	26
PF24064	27.2
PF12323	21
PF19187	32
PF17762	22.6
PF30409	27
PF30604	27
PF30775	27
PF05225	20.4
PF23161	24.7
PF27070	27
PF25787	43
PF27079	58
PF18580	30.4
PF23336	27.1
PF26093	27
PF26019	27
PF01527	24.1
PF13022	27.9
PF20310	23.8
PF13613	27
PF12759	24.9
PF01710	21.3
PF13542	27.4
PF02316	23.3
PF09039	20.5
PF11427	21.1
PF01498	31.5
PF21517	27.2
PF03221	22.2
PF27135	27
PF26094	27
PF24407	28
PF26355	24.8
PF02650	27
PF30116	27
PF27831	27
PF17909	25
PF09612	24.1
PF04204	27
PF05090	27.7
PF20925	27
PF20927	25.3
PF29469	27
PF12372	26.2
PF20926	31.2
PF18174	26
PF18175	35
PF14908	26.1
PF18289	26.1
PF14848	30
PF18291	26.2
PF28686	27
PF30265	27
PF15040	27
PF05393	22.9
PF08729	26.9
PF04955	23
PF13795	24.5
PF01455	28.5
PF04809	23
PF04005	27
PF05962	25
PF22429	25
PF22039	25.5
PF09021	25
PF25723	27
PF11160	24.1
PF22106	27
PF09836	27.2
PF28085	27
PF24278	29.8
PF23137	27
PF24267	27
PF28086	27
PF21535	43.2
PF28087	27
PF24279	27.6
PF24250	27.6
PF26602	27.6
PF24271	34
PF28088	27
PF24281	27
PF25212	26.5
PF25213	35
PF28084	27
PF24280	27.9
PF25215	27.4
PF25214	27
PF09749	26.8
PF20678	26.4
PF17086	25
PF07536	22.8
PF01638	20.8
PF27806	27
PF13787	25
PF07586	30
PF07449	22
PF07212	27
PF11046	27
PF09790	25
PF07450	25
PF01750	23
PF29802	27
PF01968	22.9
PF02538	26.8
PF19278	21
PF05378	25.2
PF18128	23.4
PF18133	22.6
PF17213	27
PF22544	25.5
PF00702	26.4
PF07486	27
PF08282	20.9
PF12146	27
PF13344	27
PF13242	22
PF01185	23
PF06766	24
PF29785	27
PF29465	30.2
PF14547	23.4
PF22905	27
PF06462	21
PF30371	27
PF31091	27
PF15311	27
PF29503	27
PF27508	28.1
PF01155	28.9
PF01924	25
PF17788	23
PF22521	27
PF11765	28
PF09509	25
PF02494	21.7
PF15789	20
PF23237	27
PF18582	26.6
PF09458	24
PF03030	29.7
PF24215	27
PF18372	26.1
PF22083	27
PF07679	23.7
PF20987	27
PF22635	27
PF28669	27
PF28634	27
PF06776	22.1
PF04568	25
PF11924	22.3
PF01749	23.8
PF10416	25
PF27834	27
PF26576	27
PF22859	27
PF03810	21
PF11422	25
PF01485	24.3
PF30335	27
PF22191	27
PF22605	27
PF13956	27
PF03617	25
PF03622	27
PF03620	27
PF04629	22.4
PF27790	27
PF21146	27.5
PF03921	21
PF10480	25
PF28923	27
PF06384	25
PF29547	27
PF29546	27
PF25817	27
PF08426	25
PF05315	24
PF05862	25
PF11999	28.7
PF00818	27
PF00463	26
PF01614	24
PF06761	27
PF14331	25
PF06744	26.7
PF21070	24.1
PF20863	27
PF04140	24
PF28014	27
PF23130	27
PF27682	27
PF27349	27.5
PF18543	31.4
PF08858	22
PF03971	25
PF27884	27
PF23209	33
PF31004	36.3
PF31002	32.9
PF01231	26
PF24244	29.3
PF05760	22.6
PF27816	27
PF27817	27
PF27809	27
PF17335	25
PF11987	27
PF01008	22.4
PF08364	24
PF04760	25.3
PF00707	34.8
PF05198	26.9
PF01652	28.7
PF21485	27.1
PF06140	29.1
PF00714	23.9
PF07140	28
PF20634	27.5
PF07334	23.2
PF14754	25
PF05004	25
PF04836	21.4
PF16718	30
PF14931	27
PF15305	27
PF12317	22.2
PF23352	27.9
PF23355	27.2
PF30475	27
PF10498	40
PF30363	27
PF30951	34.4
PF18383	27.4
PF17722	29.3
PF00047	21.8
PF24770	27.4
PF24778	27.6
PF24798	28
PF26562	27
PF26747	27
PF23747	27.8
PF23755	27
PF23265	27
PF28268	27
PF24312	27
PF24519	27
PF24527	27
PF24077	27
PF07095	25
PF23645	27
PF23646	27
PF12735	27.4
PF20838	27
PF08365	27
PF00219	28
PF14653	25
PF17517	25.6
PF01378	25
PF27953	27
PF11550	25
PF22361	26
PF00475	27
PF00218	27
PF29039	27
PF13895	27
PF26114	27
PF13927	30
PF16680	30.1
PF16681	27.3
PF18452	25.5
PF19081	27.3
PF31147	27
PF24528	27
PF23197	27.5
PF28407	27
PF16319	28.8
PF28852	27
PF28854	27.8
PF28857	29
PF28858	28.5
PF28861	27
PF17736	26
PF17737	23.2
PF28393	27
PF24518	27
PF26579	27
PF24291	27
PF24507	36.9
PF25249	28
PF25248	25
PF24816	24
PF24771	35
PF28399	34.9
PF29542	28.4
PF29538	28.4
PF29540	28.4
PF25511	27
PF30560	27
PF23892	27
PF24584	27
PF29962	25
PF23277	29.7
PF23316	27
PF24025	27.1
PF26918	25
PF30549	27
PF25529	27
PF24462	29.3
PF24464	27
PF23616	27
PF18368	26.3
PF26737	27
PF24425	27
PF24427	27
PF12421	27.8
PF25942	27
PF26515	27
PF28276	31
PF23608	27
PF24415	27
PF24421	29
PF15097	27
PF24489	27
PF28434	27
PF28430	27
PF30327	27
PF17753	22.6
PF26111	27
PF28321	27
PF25830	27.2
PF23141	27.5
PF26015	27
PF26190	22.7
PF26189	23
PF26187	22.9
PF26181	24.5
PF26183	25.8
PF22959	27
PF25354	27
PF22967	27
PF22969	27
PF22963	27
PF24991	25.2
PF26182	23.4
PF24935	27
PF22962	27
PF26184	30.1
PF24902	27
PF23166	27
PF25305	27
PF31178	27
PF25419	28.2
PF23664	27
PF30509	27
PF30511	27
PF30513	27
PF25456	31.5
PF25788	23
PF25523	27
PF24189	28
PF28354	24
PF28320	27
PF24811	27
PF24619	27
PF24908	27.8
PF24910	27
PF26194	24.5
PF26195	24.5
PF26196	24.5
PF26197	24.5
PF26198	24.5
PF26201	24.5
PF26199	24.5
PF26102	27
PF26174	28
PF24612	27.9
PF10430	25
PF27919	24
PF25992	23
PF24502	27
PF24505	28.3
PF19532	27
PF24498	28
PF24499	27.8
PF24501	27.8
PF24495	27
PF23481	27.6
PF16070	27
PF23486	28
PF23487	27.8
PF24384	27
PF24545	27
PF24544	27.8
PF24546	27.2
PF24542	27
PF24966	23
PF23604	27
PF30304	27
PF30308	27
PF30051	21
PF30052	22
PF30053	21
PF26254	24.7
PF26280	22.1
PF26282	22
PF26283	22
PF28381	27
PF30300	27
PF22971	27
PF28299	35.3
PF23619	27
PF25776	28.1
PF23736	27
PF23740	27
PF23738	27
PF16174	39.1
PF24401	27
PF30331	27
PF16530	25
PF24402	27
PF15771	27
PF05049	24
PF18397	25
PF12179	25
PF27789	27
PF00340	25
PF00726	24.2
PF07400	25.8
PF03039	25
PF10420	25
PF03487	25
PF18001	28.3
PF02372	28.5
PF06083	24
PF16742	25
PF16556	26
PF16578	23.8
PF15037	27
PF02394	24.9
PF00715	26.2
PF14565	30
PF16649	27
PF28570	27
PF28679	27
PF15177	27
PF18707	31
PF15874	27
PF02059	27
PF15209	27
PF15225	27
PF15095	27
PF15036	27
PF18611	26.1
PF21460	27.9
PF00727	23
PF09238	22.1
PF18258	26.3
PF02025	24
PF00489	27
PF09240	24.3
PF01415	26.8
PF00048	21.3
PF28842	27
PF01787	22
PF25519	27
PF15711	20
PF10311	25
PF29457	27
PF08049	25
PF00920	27
PF08046	27
PF24877	27.7
PF09779	28.9
PF12314	21.1
PF08397	26.2
PF24309	27
PF05046	34.4
PF23013	27
PF24438	27.7
PF29595	27.8
PF10300	22.2
PF30932	27
PF15655	25
PF15631	26
PF14430	22.4
PF15588	27.7
PF07791	22.1
PF15560	25
PF15561	22.5
PF15562	25
PF15563	25.3
PF14426	35.7
PF15589	30.7
PF15564	25
PF15428	23.3
PF15590	27
PF14425	27
PF15565	27.7
PF15591	25
PF15566	10
PF09951	25.4
PF24719	27
PF15567	27.5
PF31128	27
PF15568	25
PF15569	27
PF15592	26.9
PF15593	27.9
PF15570	25
PF15571	25
PF15572	25
PF15573	27.2
PF15574	25
PF15575	30.1
PF14423	25
PF15594	27.1
PF15595	29.8
PF15579	25
PF15580	25
PF15596	25
PF15581	25
PF15597	26.9
PF21805	25
PF14434	29.6
PF15598	27
PF15599	27.8
PF15600	25
PF15582	25
PF15583	27
PF15585	25
PF15601	27
PF15602	27
PF15584	25
PF15603	27.9
PF15660	25
PF15586	27
PF15587	27
PF11480	25
PF14373	27.9
PF10688	23.5
PF18591	27.6
PF18590	25
PF01205	27
PF18642	28.1
PF06812	26.9
PF18650	25
PF00478	25.6
PF07024	25
PF18773	33
PF18786	26.9
PF18806	26.9
PF18808	20
PF18816	27
PF18829	23.9
PF07826	28.1
PF00817	23.2
PF11799	20.7
PF11798	24.4
PF21999	27
PF15761	27
PF30152	27
PF28274	27
PF28275	27
PF15018	21.8
PF15142	27
PF17628	27
PF17627	27
PF03941	22
PF12178	25
PF17626	27
PF02387	27.4
PF04227	25.2
PF28982	27
PF12998	14
PF02974	25
PF20773	43.2
PF20774	27.6
PF12559	21
PF10465	27
PF08246	24.4
PF10466	25
PF03995	21.1
PF09394	27.2
PF10467	21.3
PF11714	25
PF16850	27
PF11405	25
PF10468	27
PF13734	25
PF12628	22.1
PF11720	23.6
PF05922	21.2
PF11555	25
PF21459	27
PF27122	27
PF04179	22
PF16928	29.7
PF22508	26
PF22122	26
PF18981	25
PF00876	25
PF24237	27.8
PF24245	25.1
PF14612	27
PF08193	23.9
PF01658	27
PF00459	27
PF25631	27
PF17091	27
PF19978	27
PF12634	23
PF18823	26.8
PF27561	27
PF16776	29.2
PF05770	23
PF17927	21
PF08709	23
PF19427	27
PF16748	27
PF07281	28
PF00049	23
PF17870	33.4
PF06757	23.2
PF03488	21
PF06090	22.7
PF21045	26
PF22927	27
PF16617	25
PF12835	23
PF13009	25.4
PF02920	27
PF17921	25.5
PF26003	31.3
PF22938	27
PF02022	22.6
PF00357	10
PF08441	26
PF20805	24
PF20806	23.6
PF00362	24.8
PF08725	23.4
PF07965	33.6
PF14890	35.8
PF09294	21
PF00143	26.8
PF12354	28.1
PF07979	27
PF01348	11.5
PF21386	27
PF19435	25
PF20504	25
PF14964	27
PF22929	27.2
PF22928	27
PF12432	25
PF14750	25
PF10189	25
PF24493	27
PF25458	27
PF14838	27
PF14837	27
PF22965	25
PF22966	27
PF24437	23
PF24436	42
PF21382	27
PF19031	23.7
PF19032	23.7
PF19033	27.1
PF22350	29
PF24624	27
PF14882	12
PF15300	27
PF18785	66
PF09134	33
PF21764	27.7
PF03519	27.8
PF05689	28.3
PF04741	27
PF00904	1
PF06994	27.9
PF10583	27
PF11837	27.8
PF00552	21
PF29369	27
PF29367	27
PF29355	27
PF00520	25
PF07885	22.5
PF08412	27
PF30897	27
PF31012	27
PF03278	29.9
PF09599	27.9
PF25855	27
PF30907	27
PF26700	27
PF28743	27
PF05925	22
PF06415	27
PF12333	24
PF11634	25
PF03770	22.2
PF22615	27
PF04979	25
PF01715	23.6
PF01745	20
PF18203	20.8
PF18783	30.2
PF02121	21.3
PF00612	11.1
PF15157	28
PF29130	27.7
PF03836	26
PF30383	27
PF25805	27.8
PF24609	27.7
PF16453	27
PF12185	25
PF24576	27
PF27708	27
PF30411	27
PF30003	27
PF06135	25
PF22563	27
PF26031	27
PF00605	27
PF11261	26.8
PF25457	23
PF10401	27
PF28668	27
PF12595	25
PF01007	22.7
PF17655	22.5
PF08466	25
PF18673	25
PF04120	25
PF04362	27
PF10634	21
PF30077	27
PF21390	27
PF02174	22
PF21729	27.8
PF27330	27
PF27443	27
PF06215	25
PF29982	27
PF23511	27.8
PF20861	27
PF16625	25
PF11727	28.1
PF10281	26.6
PF24403	27
PF02060	22.1
PF20141	23.6
PF06437	25
PF21156	27.3
PF21331	27
PF00857	27
PF18324	25
PF00180	27
PF18161	25
PF18045	27
PF04279	28.7
PF01128	27
PF18706	32.6
PF22240	27
PF03398	33.6
PF19995	24
PF01695	24.1
PF06246	25
PF02189	22.2
PF10538	27
PF21178	27
PF15907	27
PF21520	27
PF06668	27
PF21512	27
PF04183	25
PF01156	34.2
PF19997	35
PF19996	27
PF08816	21
PF08574	22
PF15005	25
PF16706	26.7
PF01608	27.5
PF01398	22.5
PF01419	22
PF23575	27.8
PF21795	27
PF07086	25.4
PF14804	25
PF17887	26.1
PF16034	30.2
PF05571	25
PF28995	27
PF09425	22.1
PF15351	27
PF18982	26.2
PF13835	32.7
PF09983	22
PF06585	29.2
PF17811	23.4
PF31192	27
PF15261	27
PF29718	27
PF29925	27
PF29926	31
PF16471	30
PF15038	27
PF14901	27
PF16668	27
PF02373	24
PF08007	22
PF02375	26
PF15871	27
PF02099	26
PF15392	27
PF22794	27
PF15312	25
PF05439	22.1
PF29578	27
PF03957	26.7
PF17054	27
PF01486	30
PF09080	25.3
PF28993	27
PF02960	27
PF24146	29.1
PF24145	27
PF24149	27
PF15352	27
PF22352	27
PF27684	27
PF02149	23
PF21122	27
PF15354	27
PF07688	22.2
PF21714	27
PF07689	27
PF23154	23
PF29585	27
PF05804	25.6
PF29955	27
PF08810	26.3
PF31142	27
PF07693	18
PF15222	27
PF08580	24.3
PF01450	29.1
PF07991	20.6
PF10541	23
PF14662	43.3
PF30339	27
PF16197	33
PF29847	29
PF13925	27
PF21126	23.1
PF00050	21
PF07648	11
PF18434	26.2
PF21288	27
PF21330	27
PF21287	27.7
PF25986	27
PF14089	27
PF20883	31.1
PF30212	27
PF12309	29.5
PF20165	19.7
PF16944	27
PF09303	25
PF16642	25
PF11956	22.7
PF03520	25
PF17818	26.2
PF20871	27
PF31104	27
PF19329	27
PF19321	27
PF19323	27
PF31093	27
PF31088	27
PF25611	27
PF26370	27
PF06178	22
PF07071	26.7
PF03812	25
PF21323	27.1
PF21322	26.8
PF21326	27
PF06293	21.3
PF11004	25
PF03814	22.6
PF02669	24.1
PF02702	26.1
PF04962	23.9
PF18758	26.6
PF29729	28.2
PF27452	27
PF08552	25
PF19311	23.4
PF01344	20
PF07646	21.3
PF25210	70
PF13854	113
PF24681	50
PF15796	27
PF02422	25
PF16208	28.2
PF16210	27
PF09775	23.5
PF01500	28.7
PF13885	23
PF04579	27
PF00109	20.8
PF13723	25
PF02801	20.8
PF11740	26.1
PF18790	25
PF10937	22
PF10685	20.4
PF08872	25.6
PF22675	30
PF11834	29.6
PF25270	35
PF25991	27
PF00013	21.5
PF22952	24.6
PF23469	27
PF26657	27
PF07650	22
PF15985	27
PF17904	24.2
PF22985	27
PF24234	27
PF24471	27
PF24638	27
PF24641	27
PF14714	27.3
PF21718	27.4
PF09869	24.6
PF29444	27
PF22801	27.9
PF21482	27
PF22467	24.1
PF17905	27
PF26774	30.9
PF29031	27
PF29993	27
PF29998	27
PF13083	32.1
PF17903	23.4
PF21800	27
PF24563	27
PF23050	27
PF23052	27
PF20704	27
PF13184	22.2
PF26594	29
PF27824	27
PF29969	27
PF23084	21
PF23248	27
PF23249	28
PF23251	22
PF23252	23
PF23253	27
PF23254	27
PF22891	27.6
PF14611	24.1
PF20777	27
PF17214	22.6
PF24668	25.4
PF29522	27
PF29983	27
PF29529	27
PF29533	27
PF29984	27
PF08065	32.4
PF23620	27
PF23597	27
PF15369	27
PF12877	24
PF29952	27
PF29951	27
PF28925	27
PF27632	27
PF27628	27
PF23450	27.8
PF02524	15.1
PF12423	22.2
PF23203	28.5
PF23204	26
PF25764	33.1
PF22923	27
PF23735	31.9
PF04383	23.8
PF27072	27
PF27398	27.8
PF26843	27.5
PF30635	27
PF14531	25
PF18762	27
PF03618	23.5
PF16767	27
PF16474	26.7
PF18124	23
PF00225	29.3
PF16183	29.5
PF08568	25
PF08260	19.7
PF15033	27
PF07765	33.9
PF15152	27
PF02172	27
PF16987	25.6
PF30954	27
PF28416	27
PF29674	27
PF29675	27
PF15204	27
PF27190	27
PF29622	27.8
PF27393	27
PF29618	44.2
PF17383	25
PF17394	25
PF10205	27.3
PF03037	28.3
PF20294	28.7
PF28607	27
PF18131	27.9
PF21506	27
PF18210	27.8
PF03790	26
PF03791	27
PF07827	27.8
PF24506	27.1
PF12075	26
PF28834	29.7
PF16509	26.7
PF08535	22.3
PF06613	27.6
PF00467	22.3
PF23042	28.5
PF23284	28.9
PF23291	27
PF23290	27
PF23288	27
PF23038	27
PF23287	27.1
PF23037	26.5
PF29191	27
PF09044	27.8
PF19292	27
PF27566	27
PF28118	27
PF29604	27
PF29603	27
PF18176	25
PF30693	28.5
PF17733	27
PF08659	22.6
PF01352	20.4
PF14722	27
PF15287	0.1
PF17056	27
PF17097	27
PF10342	24.6
PF05390	26
PF27973	27
PF05178	25.2
PF12936	25
PF00051	34.3
PF25866	15
PF24522	29
PF11759	21.1
PF29365	27
PF15034	27
PF15200	27
PF19298	23.3
PF11049	27
PF07188	27
PF08433	22
PF13619	25
PF02735	25
PF00014	21
PF00197	25.9
PF03730	23
PF03731	20.6
PF08785	25
PF03521	25
PF28043	28.2
PF16162	26.3
PF24300	27
PF10241	27.2
PF19258	23.6
PF23790	28.1
PF22580	27
PF07941	25
PF02705	24.8
PF22776	24.8
PF05849	27
PF02442	27
PF02828	22
PF09058	29.7
PF09045	27
PF09060	25.4
PF09784	22
PF05047	26.6
PF21657	27
PF21655	27
PF05805	30
PF02448	27
PF05383	37.1
PF09220	27
PF20210	27
PF07578	26.7
PF02502	24.7
PF00356	27
PF09330	25
PF00753	21.9
PF12706	27
PF13483	24
PF13691	27
PF14597	28.4
PF16661	27
PF02652	27
PF04369	23.1
PF09683	22
PF10282	21.7
PF09508	26.6
PF01306	24
PF16353	27.3
PF06543	21
PF22446	26
PF09271	25
PF30192	27
PF30191	27
PF00961	23.1
PF03161	25
PF14528	20
PF26411	27
PF14527	5.7
PF19256	27
PF18603	29.4
PF27525	27
PF21260	27
PF02264	25.1
PF23219	26
PF24999	27
PF22033	27
PF06291	25
PF02061	25.7
PF20735	27
PF06301	27
PF06805	23.8
PF03746	22
PF00052	22.4
PF00054	24
PF02210	22.9
PF13385	27.6
PF06008	34.6
PF21199	27
PF00055	25.9
PF01299	27.2
PF21222	27
PF06403	34
PF15454	25
PF16672	27
PF12544	26.7
PF21501	27
PF05147	23.2
PF14867	27.7
PF27905	27
PF14028	24.4
PF04738	28
PF28317	27
PF05609	26.8
PF20443	25
PF11560	25
PF20579	27
PF06305	28
PF16448	25
PF21113	25
PF20265	27.4
PF30415	27
PF21071	27
PF26393	27
PF09861	23.3
PF14354	36.2
PF04031	22.7
PF15792	27
PF28689	27
PF31139	27
PF30373	27
PF15234	27
PF15703	27
PF10279	25
PF17861	25
PF00500	27
PF00513	27
PF02354	27
PF15658	25
PF15681	27
PF28425	27
PF28307	27
PF18177	27.5
PF24061	27
PF28269	27
PF28304	27
PF28308	27
PF28270	27
PF28305	27
PF15317	27
PF25084	54
PF25247	27
PF01273	28.8
PF02886	23
PF17386	26.6
PF17385	25.2
PF21300	30
PF09465	22
PF27429	27.2
PF02450	21
PF03815	22.6
PF14672	28.3
PF15858	27
PF12197	20.3
PF18599	25
PF28115	27
PF07603	34.9
PF04072	22.3
PF25940	22
PF11632	29.4
PF07216	24.1
PF09621	21.2
PF04792	25
PF28642	27
PF28072	27
PF30090	27
PF13002	27
PF18306	26.3
PF02866	22.6
PF00056	27
PF02615	38.8
PF18566	26.1
PF21691	27
PF25241	29.2
PF00057	24.1
PF00058	21
PF29932	27
PF27267	27
PF12617	22.2
PF25160	27.6
PF13940	27
PF17969	26.8
PF18163	25.3
PF18180	25
PF28692	27
PF23894	29
PF26153	26.7
PF26150	27
PF27970	35
PF08252	18.5
PF08253	21
PF08254	25
PF08255	25
PF07359	27
PF03760	25
PF03168	25.4
PF03242	24.7
PF22272	27.5
PF02987	51.1
PF00477	40
PF10714	27
PF30862	27
PF15619	34.3
PF26730	27
PF00059	22.6
PF18022	27.1
PF18483	78.3
PF03388	21.4
PF00139	26.3
PF18560	27
PF03954	28.3
PF11467	26.3
PF20854	59
PF05098	27
PF04941	27
PF05094	25
PF05612	25
PF18654	25
PF05150	25.4
PF20985	25.2
PF07858	24
PF30842	31.2
PF15042	30.7
PF03020	24
PF22945	27
PF20834	27
PF04011	26.2
PF08262	25
PF02998	27
PF05851	25
PF07401	22
PF04004	27
PF15221	27
PF06421	29.7
PF18227	25
PF18172	27
PF18640	25
PF02024	25
PF27902	27
PF27903	27
PF27868	27
PF27904	27
PF27908	27
PF06328	28.8
PF28232	27
PF26561	27
PF07766	25.3
PF19324	27
PF08502	24.9
PF30132	27
PF14795	25
PF27512	27
PF27434	21
PF09127	27
PF07968	22.4
PF08054	25
PF03588	27
PF30046	24.1
PF15294	28.2
PF01819	28.1
PF01726	23.7
PF22684	27.6
PF11488	27.6
PF08310	22
PF08596	20
PF01790	24.9
PF22375	27
PF00556	23
PF23190	27
PF14411	23.3
PF29815	27
PF09922	29
PF22570	27
PF18917	27
PF22571	27
PF16881	27
PF27950	27
PF29977	27
PF28306	27
PF28309	27
PF28303	27
PF27859	27
PF28300	27
PF28633	50
PF04991	24
PF22146	27
PF28271	27
PF28267	27
PF17916	25
PF18641	26.5
PF10230	27
PF21177	24
PF30203	27
PF17971	26.4
PF25552	20.3
PF18207	24.1
PF01291	23
PF16759	27
PF07746	25.3
PF00549	24.5
PF19045	23.7
PF02900	26.3
PF13298	31.1
PF21686	27.4
PF02834	23.3
PF19301	27
PF18330	25
PF00060	30.8
PF10613	30
PF30879	27
PF00412	22.9
PF15332	27
PF01803	24.2
PF25076	35
PF25375	27
PF21890	27
PF03353	34.1
PF27405	27
PF09585	23.4
PF14297	25
PF29135	27
PF29157	27
PF31176	27
PF29463	27
PF15306	27
PF10044	22
PF28958	27
PF19438	26.5
PF21418	27
PF21971	27
PF14695	27
PF14694	25
PF00538	22.4
PF04454	24.3
PF27932	27
PF03583	23
PF25526	34.1
PF15904	26.3
PF29681	27
PF00151	27
PF03893	22
PF01674	20.3
PF01764	22
PF12262	22.3
PF18067	27
PF03280	25.7
PF00657	23.6
PF13472	32.9
PF14606	27
PF16255	29.2
PF28590	27
PF12888	25
PF08557	23
PF10520	26.4
PF16876	26.7
PF04571	25
PF12103	27
PF00061	23
PF24976	27
PF08212	24
PF12702	19.4
PF13648	22.4
PF13924	25
PF14651	25.4
PF16585	28.4
PF00820	25
PF03202	22.4
PF03260	25
PF03640	24.4
PF03923	25
PF04200	11.3
PF13617	25.8
PF00921	22.6
PF13942	27
PF14041	25
PF17294	28.5
PF18966	25
PF00938	22.7
PF01441	27
PF01540	24.1
PF02030	20
PF03180	27
PF07553	23.2
PF03305	25
PF00305	23.6
PF27897	27
PF28245	27
PF25228	27
PF03279	22.3
PF24708	27
PF10437	24
PF07207	25
PF08513	21.6
PF16045	27
PF29040	27
PF24951	27
PF30097	52
PF17814	30.7
PF30093	27
PF23627	25.4
PF24550	27
PF07314	24
PF14954	27
PF15478	27
PF06261	25
PF14945	27.3
PF15838	27
PF26578	27
PF22692	27
PF08366	22
PF10169	25.7
PF04791	31.9
PF11209	27.3
PF06762	27
PF25179	34.2
PF14421	27.1
PF28869	27.8
PF28286	27
PF28120	27
PF22416	27
PF22681	29.7
PF04778	26
PF07988	27
PF12532	25
PF01451	23.2
PF12211	27
PF13387	22.2
PF30476	27
PF18238	26.5
PF15419	27
PF08235	32.3
PF24694	27.7
PF22390	26
PF20154	27.1
PF21658	27
PF03195	24.2
PF28225	27
PF21013	27
PF26760	27
PF22991	27
PF18417	25
PF17990	26.3
PF10158	24.7
PF03548	23.6
PF25897	27
PF16584	26.8
PF25898	27
PF19574	23
PF03550	23.7
PF20436	22.4
PF20437	24
PF13774	25.5
PF18639	27.3
PF05362	21.1
PF22667	27
PF02190	28.7
PF04525	27
PF15847	27
PF28345	27
PF27949	34
PF08139	20
PF06474	28
PF18796	27
PF18824	27
PF18825	27
PF18827	27
PF18828	27
PF18830	27
PF18832	26.8
PF18834	27
PF18838	27.4
PF18839	27
PF18840	27
PF18842	27
PF18843	27
PF18847	28.3
PF18798	27
PF18850	27
PF18852	27
PF18853	27
PF18857	27
PF18858	27
PF18799	27
PF18821	27
PF21758	27
PF28147	27
PF22035	27
PF20980	27
PF27081	27
PF09924	27.5
PF03706	33.4
PF21948	27
PF30553	35.7
PF03067	23
PF22810	27
PF13036	22.3
PF31271	27
PF04728	29.1
PF10738	22.4
PF02169	25.9
PF16708	26.4
PF04348	28.8
PF27220	27
PF21946	27
PF07161	24
PF25976	27
PF04314	29.4
PF26327	24.3
PF17301	27
PF07007	22
PF06835	21
PF04453	22.4
PF19838	22.5
PF03968	20.4
PF04390	23
PF03739	27.9
PF13627	27.3
PF02684	22.6
PF03331	27
PF04613	30.8
PF06230	25
PF17930	25
PF02606	27
PF09982	26
PF04970	24.3
PF30666	30
PF22125	28.2
PF03788	28
PF04172	25
PF15741	27
PF20733	35
PF16472	25.9
PF15176	27
PF15779	16.6
PF14914	27
PF28335	27
PF28328	27
PF01463	6.6
PF16920	23.8
PF09738	28.2
PF01462	24.4
PF08263	3.1
PF00560	9.3
PF18805	20
PF18831	20
PF18837	20
PF23286	30.1
PF23598	40
PF24969	24
PF26020	24
PF07723	9.5
PF07725	20.2
PF12799	27
PF13306	10
PF13516	8.7
PF13855	27
PF14580	30.5
PF08191	5.7
PF23622	26.9
PF24758	27
PF29265	140
PF24141	27
PF23952	27.9
PF27086	27
PF25372	27.5
PF19729	27
PF23211	28
PF29247	40
PF29255	250
PF29252	73
PF24048	30.5
PF29460	28
PF25019	27
PF18779	20
PF23247	27.9
PF29594	61.5
PF27087	48.4
PF12468	21.9
PF25013	27
PF10422	24.2
PF01816	21.6
PF25591	27
PF05484	27
PF28316	27
PF18139	25.7
PF18171	25.4
PF01423	23.4
PF28412	27
PF30285	27
PF21166	29.5
PF12701	30
PF06741	25
PF14894	27
PF05391	21.4
PF16605	26.8
PF31193	27
PF22048	27
PF06049	1
PF05624	25
PF11774	29.6
PF23359	26.9
PF14067	25
PF05083	22.3
PF31026	27
PF24980	30
PF06453	25
PF27449	27
PF00932	34.3
PF23926	27
PF23403	27.8
PF23402	28.1
PF23399	27.3
PF25393	27.5
PF22958	27.4
PF24618	27
PF22999	27
PF14368	22
PF06772	31.9
PF17446	25
PF17455	25
PF04180	28
PF07813	24.3
PF03194	33
PF26307	27
PF17648	23.7
PF10284	25
PF10285	25
PF05295	25
PF02589	22.6
PF12893	22.1
PF00677	27
PF31016	27
PF18242	25
PF14854	25
PF29114	27
PF14625	15
PF11870	26.8
PF00894	28.2
PF08467	27
PF04662	29.3
PF01659	27
PF05893	21
PF04443	24.9
PF09308	27.3
PF02664	27
PF18285	25
PF30756	38
PF29690	27
PF29777	27
PF28095	28
PF08309	7.3
PF28946	27
PF26423	27
PF04740	26.5
PF28162	27
PF06907	24.1
PF06579	24.4
PF08391	31.5
PF00206	27
PF02278	27
PF02884	22
PF08124	24
PF00221	27.3
PF09093	25.1
PF09092	26
PF18916	10
PF05834	23.4
PF16084	28
PF30625	27
PF11996	25
PF30611	27
PF30613	27
PF30615	27
PF30616	27
PF15686	30
PF20263	26.8
PF23655	27
PF00062	27
PF31264	27
PF09043	25
PF30998	33.5
PF28015	27
PF23793	27
PF30586	27
PF01810	25.6
PF31087	31
PF03641	27
PF02402	27
PF01476	11.8
PF29312	26
PF26794	23
PF30526	27
PF30529	27
PF25139	27
PF23446	36
PF23472	27.4
PF23457	36
PF23473	29.3
PF23462	28.1
PF30480	27
PF30403	27
PF04225	22.3
PF23577	27
PF29028	27
PF25533	60
PF13702	25
PF03466	28
PF22626	27
PF27052	24.3
PF01186	20.4
PF03956	23.8
PF13434	21.3
PF31190	27
PF02401	24.5
PF18342	25.8
PF21640	27
PF13399	22.2
PF03816	24.6
PF04397	22.6
PF07385	20.8
PF18517	26.1
PF14389	32.2
PF13011	22.2
PF13007	22.9
PF04604	21.7
PF10242	25.2
PF06673	27
PF06430	27
PF06488	23.6
PF12603	28.2
PF15518	27
PF21561	27
PF02370	15.6
PF03855	25
PF25030	27
PF06617	25
PF12216	25
PF11099	26.9
PF11624	25.7
PF22158	27
PF08367	25.3
PF29334	27.2
PF28287	27
PF21648	27
PF07687	21
PF21932	27
PF09213	25
PF21433	27
PF17291	23
PF16217	27
PF09245	31
PF02847	23.2
PF16951	26.2
PF07476	27
PF05034	27
PF03281	24.1
PF20266	24.1
PF10240	23.6
PF12464	22.1
PF09028	20.3
PF12704	27
PF14865	28.4
PF09726	32
PF01823	21.5
PF22693	27.5
PF20779	24.2
PF20785	25
PF24674	27
PF26336	27
PF01661	22
PF14519	27
PF03523	25
PF16628	26.6
PF05557	30
PF28990	27
PF08311	31.4
PF08171	21
PF17014	37.6
PF26611	27
PF10545	22
PF27502	27
PF03817	25
PF03818	24.8
PF13017	22
PF02545	27
PF09174	28.9
PF29356	27
PF26521	27
PF06255	25
PF14437	27
PF12750	27
PF26541	24
PF20156	27
PF20157	23.5
PF08383	27
PF06672	27
PF01454	25
PF12440	26.6
PF16663	28.1
PF16666	27
PF28196	27
PF09282	20.6
PF02792	27
PF05507	28
PF03082	25
PF10608	21.6
PF27635	27
PF15077	27
PF09950	26.8
PF04112	24
PF04874	23.5
PF30362	32.3
PF30942	36.2
PF18085	22
PF30081	27
PF29673	27
PF12434	21.5
PF22701	27
PF11721	23
PF12819	24.5
PF20872	24.3
PF14785	34.4
PF00390	23.1
PF03949	23.5
PF07148	26
PF30397	28
PF21226	24.1
PF30434	27
PF18703	26.4
PF16657	27
PF16957	25.4
PF00629	26.4
PF10434	25
PF02330	21.9
PF26373	27
PF09685	27
PF26391	27.8
PF09596	25
PF20802	24.2
PF20801	22.5
PF20804	19
PF26390	27
PF26389	27
PF02157	25.4
PF22640	27
PF07502	25.5
PF01232	27
PF08125	30.7
PF01050	23.6
PF17786	23.4
PF05007	23.4
PF04188	22.4
PF11051	22
PF15971	33
PF21253	27
PF01575	27
PF03642	24.3
PF14925	25
PF14924	21.5
PF15807	29.6
PF00414	20.6
PF08377	27
PF27575	27
PF13281	23.4
PF30522	37.7
PF03999	26.9
PF05672	28.5
PF07058	27
PF28194	27
PF23415	27
PF01124	23.4
PF08923	25
PF18708	27.6
PF18041	33.1
PF28171	27
PF17270	28.6
PF06740	22
PF13999	28.3
PF01914	23.9
PF23113	28.8
PF31018	27
PF02063	24
PF02124	24.1
PF07153	25
PF19687	27
PF01047	24.6
PF12802	27
PF01284	32.8
PF10564	25.1
PF02064	27
PF05231	29.8
PF20970	27.9
PF20969	27.3
PF20971	27
PF05230	25
PF17159	31
PF17158	28.4
PF17178	28
PF20966	27.4
PF20967	26.2
PF20968	27.9
PF20972	24.3
PF27849	27
PF08249	21
PF08251	25
PF06391	25
PF17043	27.9
PF10221	25
PF28944	27
PF04769	28.1
PF16449	27
PF08014	27
PF07158	23
PF01554	24.9
PF00917	13.7
PF22486	32
PF12737	22.1
PF12731	21.4
PF01824	31.4
PF06303	27
PF17414	24
PF10393	26.3
PF16520	27.3
PF07447	25
PF23765	27
PF00661	27
PF23766	27
PF03393	27
PF07291	27
PF17419	28
PF30157	27
PF30241	27
PF24754	27
PF16062	27
PF23364	27
PF11455	22
PF30224	27
PF04014	24.7
PF27083	27
PF03819	22
PF12643	27
PF18722	29.7
PF27510	27
PF27532	27
PF27540	27
PF07961	27.4
PF23508	27
PF01429	21
PF16564	27
PF14048	27
PF04899	21.6
PF11187	21.1
PF08523	22.2
PF15868	25
PF17883	19.7
PF18676	25
PF18887	15
PF13244	27.2
PF20501	27
PF30494	27
PF27820	27
PF25281	37.6
PF05114	25
PF27805	27
PF20243	27
PF03062	27
PF13813	25
PF30178	27
PF30179	27
PF30916	27
PF17058	25
PF02820	22
PF03621	27
PF23001	27
PF23094	27
PF23090	27
PF05854	23
PF20288	26.9
PF20131	23.2
PF20290	28.1
PF20291	28.2
PF20293	27.2
PF28926	27
PF20292	27
PF20295	27
PF19584	35
PF27891	27
PF19331	27
PF15707	27
PF17508	27
PF05292	23.2
PF28693	27
PF26392	27
PF31208	29
PF17408	22.4
PF11887	32.6
PF21004	27
PF10640	27
PF30646	27
PF30645	27
PF30660	27
PF02289	25
PF31133	27
PF13072	22.2
PF12341	31.5
PF05934	25
PF21381	27.1
PF00493	23.3
PF22517	26
PF09332	26.8
PF30129	27
PF12619	23.6
PF29854	27
PF16769	25
PF21933	27.2
PF26065	27
PF26066	27
PF26063	23
PF09739	25.6
PF17855	27.4
PF14551	24.9
PF17207	24.8
PF20289	27.3
PF22673	27
PF25654	27
PF07950	22
PF21563	27
PF12814	25
PF22097	27
PF21927	27
PF18182	26.4
PF00015	34.6
PF02993	28.4
PF21660	27
PF22031	27
PF18509	30.4
PF06100	23
PF30443	27
PF10117	23.9
PF28529	27
PF13325	25.8
PF02249	25
PF02745	27
PF02241	27
PF02783	22.2
PF04609	25
PF02505	25
PF02240	27
PF29892	27
PF27454	27
PF11382	25.6
PF04678	30.8
PF12593	25
PF19315	26.5
PF28635	27
PF06833	32.7
PF10620	26.5
PF20866	24.4
PF18376	23.2
PF15316	27
PF02315	27
PF30536	29
PF21791	27
PF15501	27
PF12519	25
PF26544	31.6
PF08118	28.9
PF28355	27
PF28762	34.4
PF26545	28
PF07398	29.5
PF11716	24.2
PF21108	27
PF04349	25
PF26139	27
PF29108	27
PF30341	27
PF29509	31
PF11542	25
PF18514	25
PF06433	21
PF02975	25
PF06910	27
PF03308	23.1
PF22214	28.2
PF05389	22.5
PF05223	22
PF09773	25
PF10744	25
PF09748	23.3
PF10280	26.9
PF09497	25
PF12145	23
PF12144	25.3
PF06333	26.1
PF11597	26
PF08638	25.6
PF25069	28
PF26204	27
PF21539	23.9
PF05397	25.2
PF21538	24.2
PF09606	24.1
PF30952	35.2
PF20718	24.1
PF20719	21
PF30926	29.2
PF11635	21.7
PF10156	21
PF30532	27.3
PF30534	27.3
PF09637	21
PF10278	25
PF11214	26.8
PF08612	25
PF11221	37.3
PF06179	26
PF11573	25
PF11277	25
PF11232	25
PF11235	25
PF11265	21
PF08711	20.6
PF15693	23
PF15694	27
PF11571	25
PF11594	29
PF11568	25.2
PF11593	29.3
PF11315	28.1
PF05669	25
PF27769	27
PF27814	27
PF27774	27
PF10018	26.9
PF08689	26
PF04934	27
PF05983	25.8
PF10232	28.3
PF28579	38.9
PF07544	26.9
PF30941	27
PF29306	33.7
PF14417	29.8
PF26376	27
PF09047	27
PF24153	27
PF17560	27
PF30272	27
PF28582	27
PF13971	25
PF10376	28
PF17021	32
PF27928	27
PF15189	27
PF15163	27
PF03525	23.8
PF16493	27
PF08670	23.7
PF19431	24.9
PF06236	27
PF08189	25
PF02065	27
PF16499	23
PF17450	22.5
PF17801	22.9
PF01372	20.6
PF19221	10
PF15402	5
PF09746	23.7
PF14564	28.6
PF27925	27
PF27867	27
PF01875	27
PF02964	25
PF03547	25.7
PF21508	27.3
PF05053	23.6
PF25161	27
PF10223	25
PF10457	22
PF29009	27
PF08877	27
PF09074	27.5
PF03243	27
PF27991	27
PF03203	27.6
PF05052	22.8
PF07133	27.5
PF30079	27
PF00376	28.2
PF09278	25.4
PF13411	21.6
PF13591	29
PF27993	27
PF16934	28.1
PF02411	32.9
PF29623	32
PF30325	27
PF30324	27
PF10185	24.4
PF06060	25.8
PF08908	25
PF03724	24
PF31179	27
PF01676	24.3
PF12044	27
PF00149	21.5
PF16370	29.7
PF16371	35.6
PF12850	27
PF14582	28.2
PF14008	23
PF00131	23
PF30063	27
PF02066	27
PF01439	23
PF02067	27.8
PF05522	23
PF07846	27
PF12749	22
PF02068	31.8
PF02069	33
PF11403	25
PF12809	27
PF27650	27
PF27649	27
PF10118	33.2
PF13801	29.2
PF09595	25
PF30598	27
PF27640	27
PF25751	27
PF06652	21.5
PF01420	22
PF13636	27.6
PF02086	22
PF05971	23
PF08241	21.2
PF08242	30
PF08421	31.3
PF08484	23.5
PF09445	22
PF10294	21
PF12692	27
PF12847	27
PF04672	26
PF02870	21
PF00891	22.3
PF12147	21
PF05050	22.7
PF13383	22.4
PF13489	27
PF13578	26.3
PF13649	27
PF02636	23.3
PF03141	23
PF01596	22
PF05430	22
PF13847	27
PF13679	27
PF10017	23
PF11312	26
PF20553	34.5
PF23525	27
PF30636	27
PF02390	24
PF01795	27
PF03492	29.2
PF05148	27
PF08003	23.8
PF29244	50
PF12248	24.2
PF05891	27
PF21080	27.1
PF14314	25.2
PF21081	27.5
PF04452	23.9
PF10672	27
PF04013	25.5
PF02598	27
PF09936	22.6
PF01189	27
PF17125	34
PF10119	25.5
PF08267	27
PF01717	21
PF01340	25
PF18546	23.8
PF18548	30.6
PF09635	24.8
PF07021	21
PF06368	26.6
PF06838	24.2
PF02965	25
PF28566	27
PF17445	25
PF17317	27
PF08842	21.2
PF22358	27
PF06991	26.8
PF13149	27
PF15415	20
PF30518	27
PF21132	21.8
PF22622	27
PF28463	27
PF07777	27.4
PF16596	31.1
PF04202	22
PF12150	24
PF17352	25
PF07690	33.4
PF12832	25.2
PF13347	27
PF05977	27
PF06779	26.3
PF05631	25
PF16983	30
PF07672	24
PF23709	27
PF28189	27
PF26520	27
PF04648	19
PF05436	27
PF07109	27
PF17790	23.6
PF27319	28
PF01835	32.8
PF23067	27.4
PF09644	25
PF17791	23.1
PF17789	24.7
PF22373	27
PF05043	21.1
PF05060	27
PF23524	42.9
PF04666	51.5
PF16059	27
PF05283	28.5
PF06925	25
PF22422	27
PF22420	26
PF29198	27
PF06420	27
PF09153	22.1
PF19342	25
PF05220	27
PF08602	26.9
PF28917	27
PF13998	27
PF02142	24.1
PF12002	27
PF21967	27
PF21969	27
PF15027	27
PF09178	27
PF02308	31.4
PF21770	27
PF01769	27.6
PF03448	25.9
PF17059	25
PF22865	27
PF23498	27
PF01078	20.3
PF13335	26
PF31109	27
PF05653	26.2
PF03165	25
PF03166	25
PF16525	27.4
PF09307	26.9
PF08831	25
PF00129	28.3
PF00993	23
PF00969	20.9
PF14586	27
PF16497	35
PF06623	20.4
PF28401	27
PF12829	27
PF22104	27
PF03707	21
PF30829	216.5
PF31049	27
PF23701	27
PF06175	27
PF09117	26
PF02426	26.7
PF26361	27
PF06701	33.5
PF26360	27
PF26364	27
PF05300	33
PF29913	27
PF30310	29
PF21496	27
PF27546	27
PF12258	25
PF03526	25
PF30034	27
PF23479	28.7
PF23519	27.9
PF23520	27
PF23522	27.8
PF23523	28
PF23527	27
PF23528	30
PF23529	28.3
PF23531	27
PF23533	27
PF23483	27
PF23534	27
PF23535	27
PF23537	27
PF28797	27
PF28798	27
PF28848	27
PF28866	27
PF28868	27
PF28877	27
PF23496	27.7
PF29311	29.5
PF29462	27
PF29464	27
PF29504	27
PF29512	27
PF29513	29.1
PF29537	27
PF29879	27
PF23501	27
PF23503	28.6
PF23510	27
PF23512	27
PF23513	27
PF24004	27
PF29475	27
PF16796	27
PF13931	25
PF04687	22.7
PF04726	27
PF04517	25
PF17018	27
PF12929	28.6
PF04478	23.2
PF21297	27
PF18296	26.2
PF18157	26.6
PF16026	27
PF19426	27
PF01187	22
PF15624	23.5
PF14877	33.8
PF02854	30.8
PF09088	27
PF09090	22
PF05644	23
PF07395	22
PF10265	25
PF15734	27
PF12448	22.3
PF19117	27
PF21491	28.4
PF26961	27
PF26965	27
PF06789	25
PF22948	28
PF03775	33.2
PF05209	27.3
PF22642	27
PF13898	27
PF04424	27
PF03776	25
PF21950	27
PF10665	25
PF11114	27.7
PF06763	23.9
PF20809	27
PF20808	108
PF20810	27
PF21719	27
PF21720	31.7
PF05153	25
PF00230	25
PF10243	23.4
PF17749	25.8
PF26752	23
PF06629	24.2
PF27921	30
PF27918	27
PF09140	20.7
PF02815	25.6
PF27835	27
PF05859	25.7
PF08202	23.5
PF08641	24.9
PF10644	26.5
PF15822	27
PF11458	28
PF04212	30
PF15951	27
PF13012	26.6
PF11093	23.3
PF09776	25
PF18126	31.5
PF09731	27.4
PF08520	27
PF10660	23
PF28948	27
PF28945	27
PF05919	25
PF00153	22.3
PF06258	27
PF05308	26.3
PF14972	27
PF15061	27
PF24497	27
PF31146	27
PF16565	25
PF10173	22.5
PF17556	27.5
PF08039	25
PF11709	27.1
PF14724	23.7
PF18529	27.4
PF09774	25
PF27234	27
PF27218	27
PF27275	27
PF27343	27
PF27273	28
PF27249	27
PF27276	27
PF27353	27
PF27325	27
PF27307	27
PF29260	27
PF27233	27
PF27309	27
PF27336	27
PF27317	27
PF27370	27
PF27219	27
PF31224	27
PF21690	27
PF29261	27
PF27356	27
PF27355	27
PF27305	27
PF04457	26.3
PF27296	27
PF27232	27
PF27246	27
PF27404	27
PF27230	27
PF27231	27
PF27357	27
PF27247	27
PF27248	27
PF22138	27
PF27324	27
PF27406	27
PF27326	27
PF25924	27
PF27344	27
PF23712	27
PF16540	28.2
PF15815	25
PF28010	27
PF21980	27
PF28007	27
PF12246	27
PF12247	27
PF29656	27
PF04333	25
PF05494	26
PF02470	25.1
PF02405	22.5
PF14991	27
PF11647	35
PF10248	34.5
PF16413	25
PF09864	22
PF15274	27
PF22215	27
PF00658	27
PF23950	27
PF03094	24
PF03304	21
PF27412	27
PF22393	20
PF22267	27
PF22270	27.7
PF07171	27.2
PF03562	24.3
PF11873	22.6
PF17765	26.3
PF18697	29.2
PF16690	27
PF10229	27
PF23868	27
PF23867	27
PF06319	27
PF20467	27
PF20465	27
PF20473	27
PF20464	27
PF20466	27
PF19305	32.1
PF03972	32.1
PF10270	23
PF09448	29.6
PF10296	21.9
PF02406	25
PF27775	27
PF26627	24
PF03176	20.5
PF08505	25.2
PF01926	21.9
PF16897	35.2
PF12460	32.9
PF14500	26.7
PF30076	27
PF30074	27
PF30032	27
PF22326	27
PF14911	28.4
PF14910	27
PF28190	30
PF10159	32.6
PF01054	25
PF17119	26.6
PF01642	22.1
PF03962	23.5
PF13762	27.8
PF04039	22.5
PF01899	27
PF27637	27
PF12631	40.1
PF07657	22.5
PF15718	27
PF06692	22
PF02659	24.4
PF26599	27
PF05067	27
PF03404	22.7
PF06967	27
PF08569	31.2
PF01967	27
PF09189	25
PF02391	23.4
PF10703	23.3
PF17409	22.1
PF22036	27
PF03637	27
PF03389	26.7
PF03205	26.6
PF05713	23.2
PF19514	27.5
PF19456	26.6
PF17511	27
PF18555	28.5
PF27874	27
PF01076	25.5
PF06463	37.4
PF00994	26.6
PF02738	27
PF20256	27
PF29856	27
PF26816	27
PF07200	30.1
PF03454	22.1
PF03453	30.8
PF16005	30
PF05161	28.3
PF04603	27.4
PF12181	25
PF27864	28
PF27873	27
PF17175	27
PF00384	24
PF18364	26
PF04879	22.7
PF01568	26.8
PF25680	27.1
PF25029	27
PF16206	23.6
PF09200	23.6
PF24664	27
PF15626	10
PF14318	22.2
PF00946	27
PF04744	22.7
PF13826	25
PF08765	24.9
PF14225	25
PF14228	10
PF14222	27
PF17942	26.2
PF21864	27
PF06451	27.6
PF02493	5
PF07661	9.8
PF24667	26.8
PF03473	22.7
PF03476	25
PF02722	25
PF02707	25.1
PF09114	27.7
PF01618	22.9
PF20560	27.3
PF17613	25
PF13677	24
PF29601	27
PF09158	27.9
PF00635	25.9
PF04643	22
PF04644	23.2
PF18393	26.3
PF04870	22
PF21634	23.6
PF21635	24.8
PF21633	27.4
PF21632	27.4
PF27243	27
PF12554	27
PF12926	23.3
PF01853	25.6
PF01107	23
PF22001	27
PF09995	23
PF22136	27
PF03650	27
PF16667	25
PF30997	27
PF20675	29
PF21621	27
PF25466	27
PF27879	27
PF15502	28.9
PF17234	25
PF28262	27
PF28263	27
PF25856	28.2
PF25854	27
PF21125	27
PF26924	27
PF06127	24
PF04006	29.9
PF10175	33.2
PF07668	27
PF07666	37.2
PF17523	25
PF30991	27
PF17060	28
PF29435	27
PF10057	23
PF30307	27
PF30306	27
PF30305	27
PF30302	27
PF30301	27
PF30299	27
PF18818	27.5
PF26314	27
PF27547	27
PF01973	34.6
PF09176	27
PF04117	27
PF06716	22
PF06039	27
PF15731	30
PF15723	25.8
PF15183	27
PF10555	11.3
PF02381	23
PF21117	15
PF09444	25
PF12102	25
PF22411	27
PF22155	27
PF22226	27
PF22161	27.4
PF04152	25
PF21522	27.8
PF06723	27
PF04085	28
PF04093	24
PF15812	27
PF15155	27
PF13888	23.2
PF05712	22.8
PF23087	27.8
PF15325	27
PF03022	19.8
PF22003	27
PF22363	27
PF29032	27
PF29097	27
PF22435	27
PF03919	26.5
PF01331	29.6
PF16741	27
PF03291	26.6
PF02940	24
PF15749	27
PF09387	25.3
PF14978	27
PF12824	30.4
PF09809	25
PF09812	28.4
PF11788	21.9
PF06984	27
PF10244	25
PF10245	25
PF10484	22
PF14955	26.7
PF13741	25
PF14943	27
PF10037	25.9
PF10213	22.3
PF15433	28.7
PF10210	29.2
PF08293	25
PF16053	24.5
PF10246	25.1
PF28374	27
PF29443	27
PF29440	27
PF04066	23.3
PF24223	27.9
PF24222	27
PF28227	27
PF18699	26.6
PF18502	25
PF22823	27.4
PF22822	27
PF10780	25.3
PF04471	21
PF13156	22
PF14338	29.5
PF22099	27
PF05781	27
PF29093	27
PF29094	27
PF29096	27
PF29095	27
PF26669	27
PF30015	27
PF29865	27
PF29866	27
PF10906	22.8
PF29682	27
PF30185	27
PF13378	29.4
PF02746	22
PF27748	27
PF27744	27
PF26163	27
PF28824	27
PF31036	27
PF17077	27
PF00985	23
PF08101	23.6
PF27810	27
PF09402	29.7
PF29124	27
PF30136	27
PF29070	59.9
PF01741	27.4
PF12795	30.5
PF12794	28
PF28258	27
PF30118	27
PF30117	27
PF24174	27
PF02349	22
PF12373	25
PF20658	24.8
PF05157	23.1
PF25918	27
PF16801	25
PF24956	29
PF16682	26.7
PF25237	34
PF22732	28
PF22565	27
PF23509	27
PF27182	27
PF14477	20.5
PF14475	29.1
PF01716	25
PF11670	27
PF03429	25
PF21454	28.5
PF07462	29.8
PF12948	27
PF09203	22.9
PF26698	27
PF20939	23.7
PF30197	27
PF29062	27
PF04421	22.6
PF20179	27
PF03940	21.2
PF20297	26.8
PF04978	27
PF11629	23.1
PF22857	28.2
PF10553	22.4
PF25886	27
PF13984	31.2
PF20659	23.1
PF21088	23.1
PF05552	22
PF00924	20.2
PF21082	21
PF25392	27.1
PF20656	23.5
PF01274	26.4
PF12777	23.3
PF05063	23.9
PF21945	27
PF25859	27
PF14013	27
PF27531	27
PF12176	25
PF16185	29.1
PF26055	25
PF20296	25
PF17226	10
PF26580	27.4
PF27228	27
PF14920	28.4
PF29597	27.5
PF14919	25
PF14918	30.1
PF30321	27.1
PF28296	27
PF01993	27
PF29371	27
PF29359	27
PF21916	24.6
PF18454	26.3
PF02536	23.1
PF18741	38.2
PF28929	27
PF19189	27
PF14061	27
PF27377	27
PF07747	25
PF02219	24
PF19345	27
PF21895	27
PF21550	27
PF22002	27
PF05068	25.2
PF05369	25
PF03083	23.7
PF28519	27
PF12808	30
PF28618	27
PF28653	27
PF11865	27.6
PF03821	25.2
PF10558	25
PF22600	27
PF19444	27
PF10429	23.7
PF21408	24.2
PF13234	26.4
PF04208	25
PF05440	27
PF11854	23
PF04211	25.5
PF22113	30
PF22111	27.7
PF04207	25
PF04206	27
PF25818	27
PF09472	27
PF22118	27
PF04210	27
PF02007	22.8
PF05175	23
PF08468	27.3
PF06253	25
PF27559	27
PF27558	27
PF22121	27
PF22433	27.6
PF24045	31.4
PF05405	21.7
PF05873	27
PF15704	27
PF05374	19.3
PF10124	20.1
PF10123	25.2
PF09299	21.7
PF22483	27
PF28962	27
PF15474	30.4
PF18221	29.2
PF28016	30
PF21824	11
PF28965	27
PF27926	30
PF06458	10
PF17965	23.4
PF03888	22.3
PF17188	30.1
PF01456	34.7
PF16058	28.7
PF15672	27
PF13330	1
PF03272	27
PF21823	35
PF17966	23.5
PF18819	27.6
PF13455	28
PF30845	24.6
PF08593	23.8
PF24919	27
PF10291	25
PF04310	23
PF30340	27
PF16330	27
PF04288	25
PF17193	27
PF17192	25.2
PF10551	27.6
PF13447	16.2
PF00893	23.7
PF14452	24.5
PF20884	27.7
PF06292	24.2
PF05913	24.4
PF19200	24
PF11860	22.3
PF02873	27
PF21799	27
PF21377	24
PF03023	27.4
PF26298	27
PF26299	27
PF08353	25
PF01225	21
PF02875	28.4
PF08245	24
PF28915	27
PF09462	23
PF11037	21
PF06588	27
PF15682	27
PF01927	23.3
PF20700	26.5
PF14942	25.7
PF02976	23
PF13941	27
PF08676	25
PF31110	27
PF27035	21.1
PF27441	20.8
PF01624	20.6
PF05188	27
PF05192	34.1
PF05190	22
PF00488	30.2
PF26171	22.2
PF22709	27
PF29960	27
PF15515	25
PF22055	27
PF09452	25
PF22193	27
PF22700	27
PF12151	25
PF11978	25
PF15879	27
PF30697	27
PF27366	27
PF28081	27
PF21439	27
PF11441	25
PF25473	22
PF17536	25
PF14379	29.1
PF11831	27
PF00249	24.4
PF23082	27.8
PF21227	27
PF12776	23.6
PF13837	27
PF13873	21.7
PF13921	22.9
PF15963	31
PF22980	27
PF08914	27.1
PF02344	24.3
PF14646	24.5
PF29056	27
PF17843	27.3
PF25718	27
PF25687	27
PF25684	27
PF25715	27
PF24191	31
PF27060	27
PF05423	21
PF29610	27
PF27283	27
PF27334	28.4
PF26817	27
PF25674	27
PF26824	27
PF27920	27
PF20614	33.9
PF05481	23
PF09610	22.4
PF05692	25
PF01732	27
PF01056	24.4
PF15179	31.1
PF10570	25
PF01669	22
PF01275	23.8
PF15004	27
PF31204	27
PF12232	23
PF03690	22.1
PF24324	28
PF16735	27
PF26570	27
PF22773	27.5
PF25966	28.5
PF21521	27.3
PF31020	27
PF15929	27
PF30771	27
PF16521	25.8
PF00063	33.3
PF02736	27
PF01576	38.1
PF06017	31.1
PF24123	27
PF28905	27
PF00819	25
PF06602	25
PF28253	27
PF13887	24.1
PF08474	27
PF00784	27
PF10690	28.5
PF31214	28.3
PF27866	27
PF09369	24.2
PF22806	27
PF17491	27
PF12938	25.6
PF22837	27.1
PF20757	24.8
PF22805	27
PF09113	25
PF09112	22.4
PF25032	27
PF11764	28.3
PF07923	27
PF23111	28.1
PF11438	25
PF25713	25
PF21894	28.1
PF10237	23.2
PF02384	20.4
PF01555	26.7
PF22722	27
PF22723	27
PF22739	27
PF04245	24.6
PF15508	27
PF04902	25
PF11517	28.1
PF22683	27
PF21803	20
PF18260	25
PF10567	27.4
PF07990	22.8
PF01849	21.3
PF05729	26.7
PF17100	30
PF17106	27.6
PF23114	27
PF10712	22.8
PF06235	22.7
PF02445	27
PF08719	35.1
PF22397	27
PF07461	30.5
PF25302	27
PF10588	27
PF16514	27
PF10785	25
PF06455	28.2
PF10125	27
PF00146	27
PF12155	25
PF14987	27
PF10589	23.5
PF14813	25
PF06444	27
PF09326	25
PF15088	27
PF08040	27
PF11497	27
PF12853	25
PF21953	27
PF08414	27
PF00175	22
PF13460	27.2
PF14833	30
PF03446	21
PF03447	24
PF07993	20.1
PF07994	25
PF08030	22.2
PF13241	22.1
PF13450	21.9
PF13454	21.8
PF07479	25
PF01210	23.1
PF01513	25.5
PF20143	23.7
PF02540	21
PF09126	25
PF03822	25
PF21566	27
PF22643	27
PF07555	25
PF21774	28.3
PF05089	25.5
PF12972	25
PF12971	28.3
PF09992	25
PF27022	27
PF27018	27
PF20726	26.5
PF07948	25
PF20727	25
PF20728	27.4
PF02477	25
PF21230	27
PF25819	27
PF25608	27
PF02365	27
PF14303	27.7
PF18127	25
PF20732	25
PF07075	26.9
PF04131	27
PF24996	45
PF05629	25
PF04660	25
PF00956	28.6
PF03892	25.1
PF03927	28
PF06796	25
PF04095	20.8
PF17956	23.3
PF17767	32.6
PF16974	26.6
PF21641	27
PF20299	25
PF10505	30.8
PF28599	27
PF30364	27
PF03059	27.1
PF18265	23.2
PF04768	27
PF05127	22.7
PF12569	33.3
PF09797	27.6
PF18082	27.8
PF01235	24
PF01699	22
PF16494	25
PF03553	23
PF06965	23.5
PF13726	29.8
PF07399	25
PF00999	26.2
PF00287	23.3
PF02690	29.1
PF00939	27
PF06512	35.6
PF11933	27.5
PF04159	27
PF00931	23.5
PF12061	28.7
PF29019	27
PF22913	27
PF15492	27
PF20426	50
PF16830	25
PF17042	28.3
PF23569	28.6
PF10444	24.4
PF04485	25
PF08537	25.8
PF08599	25
PF08637	20.6
PF28362	27
PF22724	27
PF22726	27
PF26777	27.8
PF21453	27
PF21451	27
PF28617	27
PF10309	28.9
PF22730	27
PF04905	25
PF07562	38.9
PF11654	24
PF16621	25
PF22728	27
PF22727	27
PF22729	27
PF22731	27
PF09735	27
PF15246	27
PF25663	27
PF27960	27
PF13820	22.5
PF16665	33.6
PF27579	27
PF18266	25.9
PF23844	27
PF16787	26.3
PF21400	23.8
PF09531	29.8
PF03801	25.1
PF24487	27
PF22366	27.7
PF19530	27
PF10716	25
PF10664	27
PF11909	25
PF11910	25
PF11623	27
PF30014	27
PF00334	27
PF10179	27.3
PF19433	26.5
PF24354	25
PF28549	27
PF03096	23.3
PF05224	27
PF31061	31
PF05071	23
PF28759	27
PF10249	22.2
PF17250	27.9
PF31058	27
PF31059	27
PF10200	21.2
PF15880	25
PF08122	22.7
PF07225	21
PF09781	25
PF09782	27.9
PF05676	26
PF05821	21
PF06374	24
PF04800	31.9
PF28496	27
PF05031	32.8
PF12312	25
PF00880	20.1
PF10379	27
PF24565	27
PF10176	24.7
PF25798	27.7
PF09292	25
PF05616	20
PF29964	27
PF29965	27
PF14496	24
PF23553	27
PF31028	27
PF11577	23.2
PF10225	28.7
PF30295	27
PF00960	25
PF06583	25
PF22460	27
PF03391	22
PF03688	27
PF03689	27.3
PF18557	25.7
PF03080	21.5
PF14365	39.2
PF14780	24.9
PF22246	27
PF08378	22.1
PF25980	27
PF06390	35.4
PF18208	28.3
PF25014	33.1
PF24918	27
PF14044	27
PF03102	22.1
PF06413	24
PF00064	27
PF07177	23.3
PF06567	29.4
PF18413	25
PF02158	25
PF14927	27.7
PF06312	27
PF20425	23.1
PF05536	22
PF30908	27
PF03823	25.1
PF06614	25
PF10580	27
PF27808	28
PF07327	23.5
PF14993	27
PF15161	27
PF12533	25
PF02931	26
PF02932	28.1
PF24988	27
PF21827	31
PF16644	26.7
PF08628	22.3
PF28145	27
PF11923	25
PF05670	29.8
PF18297	26.9
PF05833	31
PF28614	27
PF28773	27
PF23262	27
PF01957	29.1
PF25145	40
PF31148	27
PF24961	26
PF25842	27
PF10524	27
PF30945	27.4
PF21888	27
PF13283	25
PF08712	27
PF00243	27
PF09015	23.2
PF28176	27
PF22300	26
PF08153	27
PF08619	23.7
PF06450	27
PF02979	27.2
PF02211	27.7
PF21006	21.5
PF01436	20
PF08788	27
PF15273	27
PF26086	27
PF16508	27.2
PF04097	34.2
PF05450	25
PF15845	31.6
PF07406	22.7
PF03824	27.7
PF26233	27
PF07292	25
PF06119	25
PF30706	27
PF03031	21.8
PF07862	23.8
PF30632	27
PF11939	25
PF00374	25.8
PF17367	25.5
PF14720	27
PF04891	27
PF06988	22.6
PF01106	27
PF01592	22
PF03206	23
PF04319	27
PF17415	22.6
PF12667	24.3
PF21983	27
PF08753	22
PF09383	24
PF05772	23.8
PF17466	35
PF05322	25
PF27974	29.3
PF27645	27
PF05810	27.5
PF05766	25.4
PF04923	26
PF31078	27
PF12830	21.5
PF07978	22.3
PF08995	25
PF22451	27
PF01077	27
PF03460	24
PF19271	27
PF08376	24.9
PF30498	27
PF02613	22.2
PF02665	26
PF18549	25
PF18550	25
PF11537	27
PF02087	27.8
PF00881	23.5
PF28600	27
PF02579	24
PF14710	24
PF09655	25
PF14711	27
PF10126	23.8
PF01292	30.1
PF01969	22.1
PF15053	27
PF05640	25.9
PF15692	27
PF06047	25
PF10364	25.1
PF05211	24.6
PF08154	23.4
PF20798	27
PF16809	24.1
PF22745	27
PF30535	33.1
PF21525	27.3
PF29415	27
PF00877	23
PF04170	22
PF17185	22
PF29710	27
PF17889	25
PF17776	33.1
PF21402	27
PF16136	23.7
PF12402	27
PF24574	28.3
PF18753	26.1
PF18754	27
PF18756	27
PF18757	28.3
PF22310	27
PF21917	23.9
PF22174	27
PF22630	27
PF04981	24.9
PF29994	27
PF31195	27
PF10565	25
PF21193	27
PF27126	27
PF04973	27.3
PF03060	28
PF05368	27
PF01233	25
PF09084	20.5
PF13379	24.7
PF16868	27
PF02799	27.9
PF02070	18.4
PF19285	25
PF03980	23.7
PF28337	26
PF22733	27
PF22734	27
PF22735	27
PF22736	27
PF22737	27
PF22738	27
PF01234	25
PF05940	28
PF07298	24.7
PF06524	32.6
PF21949	27
PF03715	29.9
PF07540	26
PF29069	27
PF29075	31.3
PF30900	27
PF06816	20
PF17114	28.2
PF02474	22
PF19222	30
PF27102	27
PF07684	25
PF05401	24
PF02451	25
PF06813	24.7
PF24679	26.5
PF07127	30.4
PF25246	27
PF05830	28.3
PF07806	25
PF12308	25
PF06858	27
PF17835	22.9
PF08155	27
PF05806	24.1
PF23097	27
PF20998	25
PF08168	25
PF25467	31.6
PF17398	25
PF05819	26.1
PF22898	27
PF22904	24.8
PF22902	27
PF23192	27
PF23193	27
PF23194	27
PF23196	27
PF23660	27
PF25182	80
PF01798	17.1
PF04135	27.2
PF04147	34.9
PF09420	25
PF10863	27
PF29699	27
PF09805	22.5
PF08062	20.3
PF05997	27
PF07767	24.9
PF08156	27
PF21572	28.5
PF21667	27
PF28224	25.6
PF29021	27
PF29020	27
PF15370	27
PF29820	27
PF16201	29.6
PF08075	27
PF22085	29
PF16517	21
PF05048	23.6
PF05573	24
PF27538	27
PF18764	30
PF18793	24
PF04054	22.7
PF23590	27
PF04153	27
PF04065	25.8
PF00066	21.2
PF12183	22
PF27534	27
PF05554	25
PF13020	22.1
PF08744	21.3
PF02898	22.7
PF11733	20
PF16469	27
PF11707	22.7
PF15712	27
PF20885	36
PF15180	27
PF22314	27
PF16414	27
PF08305	23.9
PF10633	24.4
PF08058	33.9
PF06809	23
PF16601	27.6
PF15085	27
PF12011	25
PF03000	27
PF08469	22.3
PF25022	33
PF24884	27.9
PF24883	24.8
PF28126	27
PF26186	27.9
PF26173	22
PF06409	50
PF17800	23.4
PF05021	24
PF28785	27
PF28786	27
PF16276	29
PF24675	60
PF08384	21
PF23386	27.7
PF05630	21
PF29145	27
PF07391	0
PF15699	27
PF12313	25
PF06218	27.5
PF03666	27.5
PF28240	27
PF18068	53.2
PF28239	27
PF05531	29.8
PF12622	25
PF21422	27
PF03116	27.7
PF24836	25
PF05896	25
PF11973	27
PF04400	22
PF01566	29.8
PF03813	31
PF17403	33
PF17404	23.1
PF17405	21.8
PF17406	27
PF17407	22.3
PF08961	36.8
PF17169	29.2
PF21380	27
PF01995	25
PF13597	26.2
PF08424	34
PF31244	27
PF04895	27
PF04894	25
PF20146	27
PF10492	20
PF10491	23.5
PF03916	25.8
PF14589	27
PF25518	27
PF30983	31
PF16733	27
PF26762	43.6
PF15687	27
PF15688	27
PF15689	27
PF15690	27
PF15056	27
PF26386	27
PF12753	26.5
PF22329	27
PF20427	26.5
PF22763	27.9
PF22761	27
PF22762	27
PF06532	26.8
PF14046	20
PF12117	25
PF17530	25
PF22027	28.5
PF27996	27
PF27995	27
PF27994	27
PF15412	23
PF08743	26
PF08691	25
PF02071	1
PF21964	27
PF30874	27
PF05064	24.1
PF14757	25
PF14758	25
PF14755	20.8
PF17896	27
PF20852	27
PF27258	27
PF09745	25
PF11073	22
PF13945	25
PF20703	27.1
PF20702	24
PF20720	27.2
PF25201	27.7
PF24406	27
PF25199	34
PF24404	27
PF21148	24.5
PF21153	27.8
PF10358	25.2
PF06941	24.8
PF03146	25.1
PF20697	24
PF08780	31.8
PF24690	27
PF22127	27.8
PF13006	25
PF24179	27
PF14540	27
PF02136	21
PF26529	27
PF26530	27
PF26531	27
PF26532	27
PF26533	27
PF26534	27
PF23056	28
PF24840	25
PF25155	25
PF19338	25
PF08470	23.9
PF15500	25
PF15520	26.8
PF15521	25
PF15522	25
PF15604	21.8
PF15523	25
PF15524	25
PF15526	27
PF15527	25
PF15528	28.3
PF15529	22.8
PF15530	25
PF15531	24
PF15605	28.2
PF15536	26.9
PF15532	25
PF15533	28.6
PF15606	25
PF15534	23.6
PF15535	28.3
PF15541	25
PF15537	25
PF15607	24
PF15538	25
PF15540	25
PF15543	25
PF15542	22.2
PF15544	25
PF15545	25
PF03266	23.9
PF01931	25
PF11602	27
PF00483	21.2
PF01909	21
PF12804	27
PF13562	27
PF14907	31.2
PF06042	25
PF07984	27
PF12281	26.3
PF04248	22.1
PF01759	21.9
PF15458	27
PF19312	23.2
PF20841	28.1
PF15447	25
PF15448	25
PF24967	25
PF24275	28.5
PF24268	27
PF24274	27
PF09764	27
PF24103	27
PF09340	25
PF08600	20.2
PF18510	27
PF08157	25
PF08159	20.5
PF25434	27
PF08133	25
PF11030	19.6
PF11128	25
PF16725	27
PF03066	25.8
PF04096	28.4
PF03177	25.9
PF13634	3.2
PF15967	32.3
PF08801	23.7
PF07575	22.1
PF25481	27
PF01733	29.8
PF07662	32.3
PF01773	27
PF03407	22
PF06256	27
PF07267	27
PF01939	24
PF21003	23.9
PF05014	28.8
PF15891	30
PF11071	23.2
PF03825	25.9
PF14448	25
PF11825	27.3
PF08815	27
PF04142	27
PF16273	30.2
PF14050	31
PF09342	25.2
PF04880	30.9
PF29283	27
PF00293	25
PF09296	22
PF13869	27
PF14815	35
PF16705	27
PF18290	26.5
PF12535	27
PF27456	27
PF22327	27
PF30668	27
PF30669	36.7
PF25969	27
PF03800	25
PF18595	28.4
PF10453	23.3
PF15293	27
PF07924	22.1
PF23151	27
PF28358	27
PF30145	27
PF06311	27
PF07453	13.5
PF07460	11.1
PF07463	23.4
PF27975	27
PF30687	33.3
PF06516	27
PF21486	27.7
PF22114	21.5
PF08604	25
PF23345	27.5
PF17238	25
PF18378	25.4
PF10487	22.4
PF21093	24.3
PF21094	21.4
PF11894	28.7
PF22957	27
PF28654	27
PF18617	26.1
PF14605	27
PF28370	30
PF27899	27
PF21121	28.5
PF08911	22.5
PF28376	27
PF30866	27
PF30868	27
PF13874	30.5
PF18570	25.6
PF29949	27
PF18437	26
PF28621	47.1
PF30861	31.7
PF04121	22.5
PF10168	24.4
PF12110	25
PF21240	27
PF16768	25
PF10599	25
PF09376	21
PF16006	26
PF08529	23.8
PF01029	23.1
PF02357	22.2
PF18298	27
PF07009	29.6
PF12881	30
PF27886	27
PF27885	27
PF14055	27
PF27593	27
PF29420	27
PF24177	27
PF22602	27
PF24536	27
PF15452	25
PF15439	38.6
PF15015	29.2
PF14772	22.1
PF14775	27
PF01936	24.2
PF05991	24.6
PF09426	25
PF14736	24
PF16158	28
PF18216	27.4
PF07963	20.5
PF12912	25.4
PF25694	27.9
PF14296	26.6
PF13425	31
PF10250	31.5
PF03977	31.6
PF04277	27
PF22873	29
PF14941	27
PF16552	29.7
PF16554	25
PF08525	20.7
PF09846	27
PF09845	23
PF03826	20.1
PF10421	19.9
PF03137	25.8
PF21498	27
PF21502	27
PF20913	25
PF16312	28
PF22651	27
PF18589	25.8
PF26045	27
PF22221	24.6
PF01796	27.1
PF25522	27
PF24343	28.7
PF24342	27
PF24339	27
PF24341	27
PF17849	22.8
PF03120	32.9
PF22062	27
PF25049	29.3
PF29975	27
PF27162	27
PF17912	27
PF21005	27
PF22379	27
PF22471	27
PF24903	27
PF29087	27
PF30388	27
PF21192	27
PF07717	29.5
PF30514	27
PF30545	27
PF29086	28.2
PF29084	27
PF25507	27
PF29066	27
PF21236	26.7
PF08206	24
PF22896	28
PF24190	27
PF24682	27
PF24685	31.5
PF22779	27
PF21473	21.1
PF23139	27
PF15506	27
PF07303	31.2
PF02423	24
PF07051	25
PF05005	23
PF08684	27
PF17780	24.7
PF21310	27
PF16726	27
PF03373	3.9
PF02317	30
PF02101	25
PF21773	27
PF15424	27
PF15848	27
PF02100	24.2
PF27605	33.4
PF27578	27
PF19583	27.2
PF14778	24.5
PF10717	28.1
PF02321	30
PF30985	27
PF28482	27
PF28611	27
PF02159	27
PF15680	27
PF10637	27
PF16955	26.9
PF28573	27
PF25238	31
PF04680	15
PF04664	22
PF21790	27
PF22175	27
PF07934	23
PF04606	26.3
PF22413	27
PF14418	26.1
PF09349	24
PF01276	27
PF03711	24.2
PF03709	29.3
PF20469	23.2
PF24395	27
PF06758	23
PF25664	27
PF01277	25
PF09253	27.7
PF02191	23.9
PF06554	25
PF08352	14.5
PF17304	29.3
PF30088	27.8
PF22112	27
PF13376	25.6
PF06357	22
PF07764	33.3
PF26368	27
PF11551	34.9
PF01103	24
PF19143	23.1
PF00691	27.2
PF16961	27.8
PF01389	21
PF00215	27
PF03938	32.4
PF28315	27
PF01278	22.6
PF03922	24
PF11557	27.2
PF13505	28.7
PF13568	27
PF14905	27
PF25183	30
PF27860	27
PF03532	27
PF19434	25
PF07047	25.7
PF02462	21
PF27852	31.7
PF07239	26.3
PF10128	27.9
PF20171	27.7
PF30432	27
PF30375	27
PF10129	21.4
PF08618	29.7
PF01160	23.5
PF12911	23.9
PF04966	22.9
PF03573	25
PF05736	23.5
PF03169	25.8
PF11078	29.5
PF04069	21.2
PF09463	22.1
PF08035	23
PF07856	25
PF30758	28.4
PF30754	27
PF30755	27
PF01718	27
PF01616	27
PF05788	27
PF00898	23
PF01700	27
PF05059	27
PF00901	27
PF01516	27
PF00897	27
PF24389	27
PF19675	28
PF07034	25
PF14629	25.3
PF14630	28.2
PF21639	27.1
PF05460	22.2
PF21913	27
PF28756	27
PF29873	27
PF02072	22.6
PF03827	25
PF27997	27
PF10549	27.6
PF27154	27
PF22425	27
PF21644	36.7
PF23684	27
PF22056	27
PF23682	27
PF23698	27
PF29843	100
PF17620	27
PF27992	27
PF23624	27
PF10552	22
PF10543	27.8
PF06024	29.4
PF17495	27
PF01385	30.5
PF06597	27
PF26542	27
PF26543	27
PF18042	26.7
PF18492	27.9
PF10950	22.5
PF09482	25
PF24687	27
PF04061	27
PF02088	25
PF02784	23.4
PF00278	23
PF12013	26.6
PF22010	27
PF02250	20
PF05950	25
PF06517	27
PF06334	25
PF06489	25.8
PF06193	25
PF07033	25
PF07020	25
PF06076	27
PF06601	27
PF05813	25
PF05886	25
PF07204	25
PF07272	25
PF30037	27
PF03392	25
PF28713	27
PF30979	28.3
PF28580	27
PF22015	28
PF30937	27
PF30940	45
PF00213	22.3
PF10188	25
PF28983	27
PF28955	27
PF17182	27
PF28768	27
PF29416	27
PF02566	27.5
PF08946	24
PF09488	27
PF03207	25
PF02471	25
PF03536	28.8
PF22303	27
PF12202	22.4
PF12872	11
PF04756	27
PF10215	25
PF23358	27.9
PF03345	36
PF05251	27.4
PF13100	21.2
PF15048	27
PF00865	25
PF07175	22.1
PF09777	25.8
PF18246	25
PF21618	27
PF18235	25
PF30133	33.4
PF30134	27
PF17062	27
PF00185	29.4
PF02729	29.9
PF29889	27
PF28491	27
PF25961	24
PF03189	27.8
PF15182	27
PF14441	27
PF02338	23.3
PF21403	22.7
PF29258	29
PF25652	27
PF04844	25
PF24423	35
PF29761	27
PF29762	27
PF09791	24
PF16490	27
PF00724	27
PF00174	24
PF00148	28.6
PF00420	26.1
PF00499	33.2
PF00507	23.3
PF01059	22.7
PF01058	27
PF12573	25
PF16870	27
PF30805	27
PF19858	26.3
PF30470	28.2
PF09859	26.2
PF01237	28.9
PF08635	22.5
PF22620	25.5
PF01901	24.2
PF17531	25
PF00543	25
PF30762	27
PF21090	27
PF19044	25.8
PF04275	33.8
PF20837	27
PF30044	29.7
PF30045	27
PF30041	27
PF30043	27
PF23707	27
PF23983	27
PF12233	25
PF04699	21.9
PF07392	29.8
PF12378	24.8
PF07194	23
PF04062	25
PF10548	27.6
PF10547	30.7
PF11651	24
PF14549	30.2
PF29665	27
PF25688	28
PF16510	26.1
PF11650	21
PF20760	32.3
PF21919	27
PF05517	22.6
PF21161	27
PF20478	23.5
PF00864	27
PF25513	27
PF18628	28.3
PF06891	25
PF07390	27.4
PF06581	24.1
PF15302	27
PF04045	27
PF02331	20.8
PF08727	22.3
PF25514	27
PF00067	22.8
PF08944	27
PF08336	25.3
PF12409	22.7
PF00870	27
PF14936	27
PF11619	25
PF08563	20
PF07710	20.7
PF21705	27
PF14748	25
PF17548	25
PF28251	27
PF10546	26.1
PF16563	26.4
PF08061	25
PF30160	27
PF22371	27
PF24305	27
PF19065	27
PF28259	27
PF19066	27
PF02225	23.9
PF07472	28.4
PF07828	22.5
PF30220	27
PF27118	27
PF07691	24
PF28105	27
PF27144	27
PF09979	22
PF30928	27
PF20734	27
PF28029	27
PF04636	29.4
PF22432	27
PF28052	27
PF28053	27
PF02252	20.9
PF02251	21.2
PF24876	27
PF21475	27
PF21217	27
PF05138	28.5
PF06243	27
PF05488	27
PF14958	27
PF07848	24.8
PF22444	26
PF08223	22
PF20803	24
PF13969	28.1
PF23182	27
PF27638	27
PF31209	27
PF21579	27.5
PF28503	27
PF28502	27
PF30404	27
PF16094	28.4
PF30151	41.2
PF09754	25.8
PF10178	21.2
PF16093	31
PF28334	27
PF05375	27.9
PF14000	28.4
PF23699	27
PF10254	25
PF10495	25
PF28683	27
PF28684	27
PF03068	25
PF20592	27
PF20596	24.3
PF20597	23.8
PF20609	27
PF20595	27
PF20602	27
PF03551	27
PF21728	25.7
PF14009	29.6
PF08527	24.8
PF08526	25
PF04371	25
PF03283	26.6
PF15715	23.4
PF03403	20
PF03985	24.7
PF10255	27
PF15347	27
PF15284	22.8
PF09411	23
PF28821	27
PF07017	24
PF02671	21.3
PF23202	25
PF09699	20.6
PF08316	25
PF16756	27
PF25435	27
PF08733	34.1
PF18663	28.3
PF02089	26.8
PF00291	35
PF03656	29.7
PF08566	25.4
PF07145	20
PF22479	24.2
PF23992	27
PF23977	27
PF23986	27
PF20770	26.6
PF18101	25
PF12534	25
PF30194	27
PF02569	20.7
PF02548	28.7
PF11326	27
PF12568	22
PF00024	21.4
PF08276	21.1
PF08277	21.1
PF14295	7.1
PF03309	24.7
PF08417	27
PF05380	22.3
PF26180	27
PF08601	23.2
PF01569	27.2
PF14378	27
PF14360	27
PF29204	27
PF04795	25
PF16911	30
PF03333	29.4
PF13953	27
PF13954	27
PF14874	15.7
PF02753	22.8
PF00345	23
PF03628	20
PF03627	25
PF16626	27
PF03025	25
PF14855	25
PF02380	23
PF25900	27
PF01507	22.5
PF22740	27
PF03828	24.8
PF04928	27.1
PF02711	27
PF04755	22
PF20750	27
PF06864	26.7
PF04926	24
PF30854	35
PF30855	33.8
PF06521	25
PF12053	21
PF10609	27.1
PF03285	27.3
PF01508	21.2
PF01692	27
PF00973	27
PF02725	27.8
PF01806	27
PF14320	27
PF13825	22
PF03210	28.6
PF01279	22
PF24313	27
PF08775	29.9
PF24392	23
PF08857	23.6
PF29893	27
PF23552	23.8
PF02195	23.6
PF28031	27
PF10274	22
PF09386	27.3
PF07425	25
PF03693	21
PF11903	23
PF15781	28
PF06344	25
PF05942	24.4
PF07903	28.9
PF07775	20.4
PF24732	24.4
PF05016	23
PF09274	21.4
PF05028	26.3
PF10021	23.5
PF20811	25.6
PF28331	27
PF17061	35
PF21523	27.4
PF00644	26.7
PF26156	23.7
PF31022	27
PF02877	26.8
PF01358	25.4
PF15861	27
PF25666	27
PF01057	18
PF27719	27
PF00989	22.6
PF26131	24
PF30269	27
PF03793	23.2
PF13596	22.1
PF14598	25
PF18095	22.6
PF24990	27
PF08446	14
PF08447	25.6
PF08448	23.1
PF07310	22
PF08348	27
PF12860	27
PF13188	14.5
PF13426	11.4
PF21370	27
PF30516	27
PF21815	21
PF09016	27.5
PF09770	25
PF01734	27.7
PF14332	25
PF02460	23
PF18065	25.9
PF18047	27
PF28195	27
PF09593	25
PF19224	27
PF12951	10
PF28281	27
PF28278	28.7
PF22306	27
PF04721	31.4
PF00292	22
PF12403	28.1
PF12360	27
PF03535	25
PF15364	27
PF05625	28
PF24799	27
PF15384	25
PF02170	28.8
PF12212	23
PF18309	27
PF18349	25
PF26744	27
PF05870	24.6
PF20835	27
PF00564	23.6
PF11986	27
PF26130	27
PF27604	31.9
PF21442	27
PF21490	27
PF24168	27
PF05874	22.7
PF03792	25
PF25636	10
PF08789	20.4
PF25661	30
PF00786	21.3
PF04669	28.5
PF18809	27.6
PF18810	27.1
PF18812	30
PF18813	27
PF18814	25
PF29586	27
PF01161	24
PF14889	25
PF14888	25
PF30367	27
PF30382	27
PF30384	27
PF14812	27.8
PF22177	27
PF22511	27.4
PF22384	27
PF07943	21.2
PF29195	27
PF03717	24.4
PF21922	27
PF01395	22
PF12727	27
PF12849	27
PF28500	27
PF17093	30
PF07222	21
PF31257	27
PF17356	29.7
PF00427	28.7
PF20816	27
PF25203	27
PF13839	27
PF02229	25
PF06466	24
PF17092	27
PF03479	23.3
PF09341	20.9
PF22297	24.4
PF26062	27
PF18140	23.5
PF28560	24
PF23206	27
PF12391	24
PF07418	27
PF09461	28.1
PF21936	26.7
PF20827	25.3
PF20845	27
PF20844	43
PF14284	25
PF14058	27
PF22107	27
PF28724	27
PF29706	28.1
PF01399	22
PF12237	31.1
PF30898	27
PF15717	27.4
PF13201	28
PF01135	20.3
PF28198	27
PF02747	23
PF00705	20.3
PF15473	27
PF27346	27
PF07847	27
PF02429	22.3
PF29017	27
PF08369	32.5
PF21196	23.9
PF01884	23.9
PF03462	24
PF19501	22.1
PF21345	23.5
PF21346	23.8
PF18459	31.3
PF18464	26.1
PF18463	26.7
PF13798	25
PF01851	21
PF09310	25.7
PF07676	50
PF13739	29.1
PF14756	25
PF18295	27
PF06840	27.3
PF22063	25
PF20929	19.8
PF04194	30
PF30657	30
PF16021	27
PF07147	25
PF12705	22
PF07788	21.2
PF20472	23.7
PF20516	27
PF20796	27
PF24579	25
PF24608	27
PF25941	27
PF26295	25.1
PF26437	27
PF26553	27
PF12784	27.4
PF13366	22
PF14281	22.3
PF11645	26.1
PF04720	25
PF04411	22.1
PF08011	25.5
PF26115	27
PF21171	27
PF26710	27
PF18100	26.9
PF04868	25
PF08629	24.4
PF23198	29.6
PF28324	27
PF00233	24.8
PF02112	23.7
PF08499	27
PF30418	27
PF29092	27
PF29338	27
PF27764	27
PF25797	27
PF00341	27
PF04692	29.5
PF13190	27
PF20463	22
PF17831	23.2
PF28598	27
PF02153	26.5
PF08370	24.9
PF06422	20.5
PF20168	27
PF00800	25.2
PF10662	21
PF15953	27.6
PF28116	27
PF04166	27
PF22930	25
PF22937	29
PF03740	24.5
PF00595	23.2
PF26547	62
PF12812	28
PF13180	27
PF17815	22.8
PF17816	28.1
PF17817	23.6
PF17820	27
PF10600	27
PF23658	27
PF14685	25
PF30260	27
PF00934	22
PF20729	33
PF08237	21
PF08111	25
PF29090	28.7
PF29082	27
PF29081	27
PF05278	29.9
PF05041	27
PF12708	27
PF03211	25
PF14583	30
PF06917	26.6
PF00544	24
PF20585	24.3
PF01095	27
PF09492	22
PF04431	26
PF20207	27.1
PF08182	25.8
PF26596	23
PF30901	27
PF03732	33
PF08308	20.8
PF15275	34
PF18736	27.9
PF22842	51
PF16963	27
PF16933	29
PF04710	25
PF20723	22.6
PF15608	25
PF26356	27
PF17859	27
PF08166	25
PF25850	27
PF25849	27
PF02452	23.1
PF04191	25
PF10251	25
PF05927	25
PF03965	22.6
PF01804	21.3
PF00805	15
PF01469	26.4
PF13576	27
PF13599	38
PF00354	25
PF05524	24.4
PF00391	23.1
PF02896	22.8
PF17232	26.2
PF05131	23.1
PF23341	40
PF00311	22.4
PF14010	25
PF28766	27
PF01293	26.5
PF00821	23.8
PF17297	23.8
PF26300	27
PF29600	27
PF24393	27
PF18027	23.2
PF21216	27
PF28943	27
PF06394	21
PF03413	17.8
PF13670	24.3
PF11396	8
PF03929	28.8
PF16357	27
PF03566	25
PF04258	23.3
PF01478	26.5
PF03418	27.8
PF12384	21.2
PF12382	27
PF02160	21.3
PF21024	28.2
PF01828	22.3
PF01829	27
PF01252	25
PF00112	20.7
PF01640	26
PF16218	27
PF17222	25
PF03415	25.8
PF01088	27
PF01650	22.8
PF00656	21.4
PF01470	22.7
PF01831	27.7
PF03051	22
PF00648	23.8
PF05381	25
PF05379	27.9
PF03510	25
PF01364	23
PF03785	25
PF07722	20.5
PF05407	27
PF05408	27
PF00548	22
PF05409	27
PF05410	25
PF05411	22.1
PF05412	25
PF05413	22.4
PF05415	27
PF05416	20.2
PF03412	22
PF13529	24
PF12381	22
PF00863	27
PF05417	27
PF05533	25
PF05543	22.6
PF02902	20.7
PF00770	21.3
PF05550	27
PF03416	25
PF03290	24.5
PF03543	23
PF00851	25
PF12380	19.2
PF10275	24.3
PF03577	23
PF01830	27
PF12385	19
PF12386	22
PF12387	27
PF07910	29.1
PF03569	27
PF11713	23.8
PF01707	25
PF05708	27
PF06035	27
PF05903	29.2
PF15499	27
PF11962	25
PF26036	28.1
PF01433	27.7
PF00413	24
PF08548	20.7
PF05548	21
PF01431	24.5
PF05649	32
PF00246	21.6
PF01427	27
PF05951	27
PF08291	23.2
PF13539	25
PF00675	22.3
PF05193	23
PF16187	29.7
PF00883	25
PF02789	23.4
PF21337	27
PF02127	24
PF01244	26
PF17900	25.8
PF01401	23
PF01546	24.6
PF01551	28.7
PF18421	25
PF00557	23
PF16188	28.9
PF07580	27
PF05342	27.7
PF01742	27
PF26320	27
PF04389	21.3
PF02073	27
PF01432	27
PF10460	25.8
PF02074	25.1
PF02102	27
PF02128	23.3
PF08439	25
PF29194	27
PF01447	22.4
PF01434	29.9
PF05343	23.2
PF05572	23
PF03410	27
PF01435	20.3
PF16491	27
PF03571	21
PF02868	24.4
PF02163	27.2
PF13398	26
PF07998	24.4
PF04951	25
PF05569	31
PF12388	21
PF05547	22
PF13402	25.8
PF18630	26.2
PF05299	22
PF17899	23
PF09471	26
PF10462	20.6
PF02031	25
PF12389	22.5
PF03411	25
PF09375	23.5
PF09768	25.2
PF06114	22
PF01457	21
PF13678	23.8
PF01752	26
PF06167	26.2
PF14891	25
PF17033	27
PF17129	27
PF17130	27.5
PF08453	23.9
PF13485	32.4
PF15887	27
PF15890	25.6
PF04327	27
PF00450	21.9
PF00768	27.6
PF02113	22.8
PF02129	23
PF00716	27
PF00717	23.3
PF10502	22.9
PF05577	25
PF02907	25
PF00944	21.2
PF01577	20
PF05578	27
PF05579	24.7
PF05576	27
PF02122	21
PF03572	24
PF11918	6
PF10459	22
PF03574	27
PF01343	24.9
PF08496	27
PF03575	23.9
PF05580	25
PF03576	23.9
PF02395	27.7
PF08192	23.6
PF02016	25
PF17676	23.7
PF10461	31.9
PF00949	20
PF13884	22
PF13611	27
PF03420	27
PF04586	21
PF14550	24
PF00082	21.8
PF20034	27
PF16361	30.5
PF00326	22.6
PF02897	24
PF01136	22.4
PF16325	28.2
PF03419	28.4
PF10464	27
PF10463	27.6
PF05582	25
PF31181	27
PF30662	27
PF18294	25.9
PF21558	27
PF01195	27
PF08530	22.5
PF09168	25
PF01327	22.8
PF07589	18
PF09370	33.8
PF01562	23.7
PF13714	31.5
PF04080	25.3
PF21353	27
PF06590	25
PF06069	22.6
PF07054	24.4
PF03036	33
PF17316	30.1
PF12114	25
PF25234	27
PF00532	22.2
PF01497	27.5
PF13377	26.5
PF13407	35.1
PF13433	27
PF13458	31.7
PF18610	36.8
PF25493	27.2
PF25495	27
PF08259	9.7
PF19877	30.8
PF15629	23
PF28384	27
PF24388	27
PF22152	27
PF22260	27
PF00141	27
PF01328	26.9
PF11895	25
PF04088	22.3
PF12827	26
PF04882	27.6
PF03212	22
PF09275	25
PF09276	25
PF02917	21.3
PF02918	27
PF07149	22.9
PF06732	28.6
PF16754	25.8
PF21613	27
PF16329	27
PF06297	25
PF09803	24
PF15786	27
PF05476	22.3
PF08634	25
PF29116	27
PF10203	24.4
PF08692	21.4
PF30024	27
PF30023	27
PF28459	27
PF12740	28
PF02529	23.7
PF05115	30.1
PF08041	25.1
PF03742	20.3
PF09262	27
PF09263	30.5
PF05648	23.8
PF23020	23.2
PF04695	23.2
PF30033	27
PF08610	25
PF30744	27
PF25098	25
PF04614	22.2
PF06398	26.8
PF07163	28
PF04757	25.1
PF23315	27
PF23120	27
PF25394	26
PF27739	27
PF27740	27
PF26001	22
PF27812	27
PF22748	27
PF22315	27
PF21476	33
PF22353	27
PF02594	30.9
PF30062	27
PF30060	27
PF27588	27
PF27571	27
PF27589	27
PF27587	27
PF27586	27
PF29487	27
PF29485	27
PF30040	27
PF30042	27
PF30080	27
PF30188	27
PF18328	26.3
PF05714	27
PF11526	24
PF21940	27
PF29545	27
PF03011	23
PF21807	27
PF22250	24
PF22251	32.3
PF09216	28.1
PF22162	29.7
PF00365	30.9
PF00294	25.8
PF18468	26.8
PF02901	24.3
PF22365	27
PF17147	27
PF12367	24
PF29115	27
PF27878	27
PF09070	26.2
PF11567	25
PF25634	27
PF29361	27
PF10333	20
PF29647	27
PF07543	24.2
PF29052	48.3
PF29141	27
PF29143	27
PF29144	27
PF29113	27
PF21197	27
PF13994	27
PF07819	24.3
PF25141	25
PF24660	27
PF25140	25.3
PF30737	41.5
PF06162	24.4
PF09587	27
PF15437	25
PF15436	27
PF15549	32.3
PF18627	27.5
PF30262	27
PF16896	25
PF19304	27
PF14083	27
PF18204	18.8
PF13962	24.1
PF00342	22
PF00162	27
PF31060	35.6
PF17836	23.4
PF15864	25
PF27141	27
PF08665	25
PF25862	27
PF25861	27
PF25863	27
PF29799	27
PF29800	27
PF18105	22.5
PF24947	27
PF02878	22.5
PF02879	29.3
PF02880	20.7
PF00408	23.1
PF20857	27
PF20858	27
PF04608	28
PF09656	23.3
PF09419	20.4
PF30904	27
PF30905	27
PF21526	27
PF28460	27
PF21577	27
PF22013	27
PF21911	23.6
PF01471	23
PF08823	21.1
PF09374	24.6
PF12229	22.1
PF21398	24.1
PF18353	27
PF00169	25.1
PF21098	23.5
PF22167	30.2
PF09638	27
PF21103	27
PF06542	26
PF21017	24.4
PF21189	27
PF07167	23.7
PF03676	27
PF10653	27
PF09215	25
PF09077	25
PF09306	27.2
PF09097	27
PF09096	28.6
PF13550	22.7
PF18894	23.7
PF10145	33.2
PF09251	25
PF09584	27.8
PF09583	25
PF26872	27
PF10893	28.6
PF08010	36
PF06019	25
PF29383	27
PF25605	27
PF18066	27
PF26075	27
PF05930	20.5
PF06530	26
PF06323	27
PF26913	27
PF26917	27
PF17585	27
PF10554	26
PF05354	26
PF02304	27
PF30794	27
PF04717	23.8
PF30765	27
PF25181	25
PF26907	27
PF24647	27
PF29579	27
PF09356	22.9
PF12025	25
PF05065	24.2
PF19821	25
PF13252	23
PF25209	27
PF09018	25.3
PF03864	22.9
PF05125	27
PF22758	27
PF09956	24
PF23968	27
PF05269	21.3
PF16452	27
PF07022	22
PF16790	27
PF09063	25
PF19199	24.6
PF05357	20.8
PF05356	23.5
PF05352	25.6
PF05135	21.2
PF24829	24.3
PF10743	27
PF26850	27
PF06892	26
PF05144	21.7
PF26852	27
PF26074	27
PF25692	25
PF26810	27
PF02303	25
PF11126	27.9
PF05367	29.1
PF02305	25
PF03335	5
PF03406	22
PF06820	25
PF22337	15
PF05798	28.1
PF02306	25
PF23772	27
PF29422	27
PF10910	29
PF25742	27
PF23887	27
PF11108	25
PF07410	27.9
PF06854	23
PF25696	27
PF17549	25
PF09355	22
PF10669	29.3
PF22130	27
PF25690	27
PF13876	27
PF26826	27
PF11246	21
PF25745	27
PF26828	27
PF23794	27
PF26832	27
PF05840	31.4
PF05954	30.1
PF05926	27
PF05929	27
PF05521	25
PF25714	27
PF11113	27
PF11133	24.6
PF23874	24.2
PF06120	24
PF04531	22
PF23987	27.9
PF23778	32
PF04971	26
PF10746	25.4
PF16080	28.8
PF16082	30
PF05106	23.8
PF04550	25
PF16083	28.4
PF16085	27
PF07332	28.4
PF05449	25.4
PF05105	22.2
PF04020	28.8
PF06946	22.4
PF16079	29.2
PF09682	24.9
PF16081	28.6
PF16931	26.4
PF23809	27
PF16938	25
PF11031	22.2
PF10772	27
PF26890	27
PF11110	20.9
PF24214	27
PF25138	28.1
PF26098	27.8
PF26097	27.8
PF29559	27
PF00589	27.1
PF16795	27
PF30395	28
PF30405	27.1
PF22022	27
PF02899	22.3
PF12834	22
PF14659	22.6
PF13495	27
PF13102	22.3
PF18644	27.5
PF26912	27
PF26905	27
PF26893	27
PF26884	27
PF26898	27
PF25735	27
PF26900	27
PF06992	26
PF24052	33.8
PF03245	25.4
PF00959	22.3
PF18013	28.2
PF03863	25
PF06152	26.3
PF05939	39
PF11125	25
PF04233	29.6
PF07352	28.3
PF26885	27
PF26867	27
PF11985	28
PF07030	24.7
PF08873	25
PF06890	24.1
PF10076	37.4
PF26833	27
PF26891	27
PF26984	27
PF06322	29.8
PF25675	27
PF07471	30
PF26859	27
PF24653	28.2
PF26854	27
PF26853	27
PF20577	27
PF06194	27
PF26903	27
PF26868	27
PF26881	27
PF26866	27
PF26808	27
PF10765	22.6
PF27050	27
PF06528	23
PF06995	27.5
PF20962	27
PF26915	27
PF27008	25
PF21393	27
PF29565	27
PF29560	27
PF29563	27
PF29564	27
PF29580	27
PF29591	27
PF26845	27
PF09931	26
PF26844	27
PF26207	24.7
PF26211	26
PF26210	27
PF26221	27
PF26209	27.8
PF26208	24.6
PF26925	24.7
PF04860	39.1
PF05136	32.9
PF06381	33.8
PF09669	29.9
PF24203	27
PF16945	26.9
PF25760	27
PF21311	23.7
PF26815	27
PF25746	27
PF04492	28.7
PF09681	23.3
PF30394	27
PF29426	27
PF10789	25
PF06810	35
PF04984	31.4
PF17482	26.9
PF17481	31.4
PF26877	27
PF26927	27
PF26892	27
PF18715	28.2
PF18781	25
PF22188	27
PF26855	27
PF26856	27
PF16773	25
PF24083	27
PF11134	26.8
PF27028	27
PF25755	28
PF26944	27
PF26887	27
PF26809	27
PF06841	28.2
PF26869	27
PF06919	27
PF03903	26
PF26830	27
PF26874	27
PF26861	27
PF06591	27
PF26926	27
PF26831	27
PF26820	27
PF26837	27
PF26838	27
PF26878	27
PF26865	27
PF26806	27
PF26812	26
PF26863	27
PF26835	27
PF26871	27
PF26914	27
PF26897	27
PF26899	27
PF26908	27
PF26901	27
PF26864	27
PF26904	27
PF26834	27
PF26896	27
PF26873	27
PF26876	27
PF26875	27
PF26879	27
PF27001	24.9
PF26894	28.1
PF26870	27
PF26906	27
PF26862	27
PF26882	27
PF26911	27
PF26902	27
PF26895	27
PF26883	27
PF26888	27
PF26827	27
PF26819	27
PF26821	27
PF26886	27
PF26909	27
PF26889	27
PF26822	27
PF26847	27
PF26880	27
PF26848	27
PF26860	22.2
PF26851	27
PF08200	21
PF26858	27
PF26857	27
PF11247	28.1
PF05396	27.1
PF26807	27
PF11090	25
PF26212	27
PF25708	24.5
PF27024	27
PF03906	25.2
PF06222	27.9
PF10963	25.7
PF11836	27.8
PF12363	26.2
PF16459	28.1
PF16462	22.1
PF21822	22
PF23781	27
PF23803	27
PF23812	27
PF23857	27
PF06894	27
PF06896	22
PF08748	21.1
PF08890	27
PF09550	23.4
PF10109	25
PF10666	33.7
PF10876	25
PF06199	23.8
PF08813	24.2
PF16778	26.6
PF27114	27
PF24243	23.7
PF25670	27
PF12571	23
PF05100	25
PF08400	26.6
PF16532	27
PF05069	24.3
PF06223	25.9
PF23840	27
PF23841	27
PF23842	27
PF16807	27
PF13554	27
PF12691	23.8
PF23818	27
PF20765	24.2
PF23961	27
PF09327	22
PF23980	27
PF06141	28
PF05489	22
PF10668	22
PF07141	22.8
PF05944	29.4
PF04761	25
PF24229	22
PF04630	22
PF16460	28.4
PF16461	26.1
PF16463	25
PF23806	27
PF23971	27
PF25595	27
PF25681	27
PF23849	28.1
PF04985	22.4
PF18906	27
PF20608	24.1
PF11681	25
PF24144	27
PF25682	27
PF11041	23.5
PF09693	23.5
PF25693	27
PF27119	27
PF26818	27
PF27183	27
PF27092	27
PF27084	27
PF24591	27
PF23895	27
PF23903	27
PF24071	27
PF24128	27
PF24184	27
PF24230	27
PF24331	27
PF24623	24
PF03334	23.4
PF09602	28.3
PF05597	28.8
PF09361	24.9
PF29763	27
PF09246	21.5
PF26034	27
PF10258	25
PF09650	26.6
PF09712	25.7
PF12551	25
PF05233	27
PF07879	25
PF06850	27
PF16616	28.3
PF00628	24
PF23011	27
PF16660	27
PF23004	27
PF02604	29.8
PF13831	28
PF13922	25
PF16866	30.6
PF20826	27
PF21257	28
PF26054	27
PF31197	27
PF12910	27
PF22908	23.9
PF07227	28.8
PF23570	27
PF25054	29.8
PF27108	27.5
PF30811	29
PF28163	27
PF28075	27
PF02332	24.4
PF06099	25
PF13557	22
PF04663	27
PF09662	25
PF08015	22
PF18552	26.2
PF18554	25.9
PF18553	26.6
PF18262	26.8
PF07976	24.9
PF02912	22.3
PF08916	25
PF16737	27
PF12618	25
PF03660	26.7
PF09524	27
PF06720	27
PF05435	25
PF05464	27
PF20934	27.7
PF25622	27
PF17427	25
PF25655	27
PF26461	20
PF26537	27
PF30672	30.8
PF22387	27.7
PF25619	27
PF25621	27
PF20961	27
PF25616	35
PF25615	27
PF25617	26
PF25618	27
PF12699	27
PF25620	26.7
PF25614	27
PF04674	25
PF20474	23.7
PF07243	25
PF07245	22.9
PF07246	27.2
PF19019	25
PF14703	27
PF12621	22.1
PF06754	32.4
PF05845	25
PF05861	34.5
PF06007	25
PF01384	33.7
PF11124	29.3
PF10032	25
PF26732	24
PF09423	27
PF19050	22
PF16655	30
PF02562	27
PF16212	28.3
PF16209	29
PF10142	20.3
PF08918	22.9
PF11808	27.1
PF02114	23
PF15698	28.4
PF21234	27
PF10143	21.5
PF01663	23
PF04185	23
PF04272	25
PF26363	31.2
PF00068	32.1
PF05826	22
PF09056	29.4
PF08398	23.9
PF04916	27
PF12974	27
PF00922	25
PF00343	27
PF10195	25
PF13914	25
PF13916	23
PF08543	27
PF00124	27
PF01895	23.5
PF01865	24.4
PF05787	24
PF02811	26.3
PF13263	21.3
PF08005	23.6
PF28201	27
PF11131	25
PF28200	27
PF14727	28.6
PF12129	25
PF00360	27
PF00502	22.2
PF25630	27
PF30146	27
PF02972	22.5
PF05721	22
PF19281	27
PF30918	31.5
PF22233	27
PF22029	27
PF02333	21
PF13449	27.6
PF15438	25
PF05023	24.9
PF09328	25
PF27990	27
PF07124	22.3
PF05451	20
PF07236	23
PF30114	27
PF05878	27
PF03284	24
PF02567	27
PF15411	27.5
PF15413	30
PF16457	27
PF16652	27
PF17787	22.7
PF17339	27.5
PF17838	22.8
PF18012	22.4
PF18469	26.6
PF19057	23.2
PF08458	22.2
PF20399	27
PF23066	27
PF23732	27
PF24344	27
PF24345	27
PF25380	27
PF25381	27
PF25401	27
PF25402	27
PF25404	27
PF25353	27
PF14593	25
PF25405	27
PF25406	29
PF25407	24.1
PF25409	23.8
PF25410	27
PF25424	28
PF26278	27
PF26279	27
PF26289	27
PF26565	27
PF15404	27
PF26566	28
PF26660	27.4
PF26662	27
PF15405	30
PF15406	30
PF15409	30
PF15410	28
PF23218	27
PF25383	40
PF14844	27.5
PF25351	27
PF25348	27
PF25382	24
PF23634	27
PF30521	27
PF26246	27
PF26659	27
PF25345	27
PF25400	27
PF29445	27
PF23076	25.1
PF23074	24.4
PF25358	27
PF30698	25
PF23633	25
PF27000	35
PF25344	27
PF25328	27
PF26658	27
PF25359	27
PF25346	27
PF26663	27
PF25364	100
PF21877	27
PF26089	29
PF25625	27
PF25349	27
PF26661	27
PF25347	27
PF23142	22
PF25350	27
PF25321	27
PF12068	22.4
PF24823	27.8
PF24834	28.8
PF25357	27
PF25624	22
PF31014	27
PF24081	27
PF23065	27
PF28207	27
PF23207	27
PF24824	23
PF23040	27
PF31261	27
PF08567	27.1
PF23014	27
PF10272	27
PF25356	24.6
PF24818	24
PF25343	27
PF25352	27
PF16670	29.9
PF00388	23.1
PF00387	28.8
PF26146	22
PF18714	25
PF08577	28.2
PF11566	21
PF00613	31
PF10486	23
PF00792	26.4
PF02192	27
PF16454	31.5
PF00794	22
PF00454	27.1
PF21245	27
PF19274	22.4
PF26716	27
PF30528	33.7
PF06363	25
PF02226	21
PF00947	26
PF01552	27
PF00640	20.9
PF30115	27
PF29016	27
PF14719	25.4
PF29855	27
PF28310	27
PF25288	29.6
PF12166	26.9
PF24874	28
PF24871	28.8
PF15917	27
PF05092	25
PF05970	25.9
PF21530	23.9
PF04631	25
PF05006	22.2
PF05341	27
PF31182	27
PF30207	27
PF06699	24.2
PF10181	25
PF02585	28.2
PF08510	39.3
PF10510	26
PF06728	24.5
PF08320	23
PF15159	25
PF08288	27
PF23670	27
PF29752	27
PF29753	27
PF29754	27
PF17111	27.2
PF06324	20.3
PF04987	25.4
PF19316	27
PF08190	24
PF18201	23.3
PF18482	28.5
PF28731	27
PF28733	66.5
PF11522	25
PF28470	27
PF19710	27
PF22956	26.8
PF13805	27
PF18682	26.8
PF23989	27
PF23990	27.9
PF22436	27
PF10623	25
PF00114	22
PF16734	28.9
PF26380	27
PF07790	26.4
PF14245	28.5
PF11530	25
PF13675	26.6
PF18223	28.5
PF22473	28
PF07419	27
PF11104	27
PF05137	22.8
PF18222	27
PF04350	27
PF17499	25
PF28887	33.3
PF04351	25.6
PF08805	22
PF15453	27
PF09476	31.1
PF16074	26
PF22434	28.3
PF13681	27
PF14341	25.5
PF30258	27
PF28373	24
PF07238	22.5
PF22006	27
PF07317	23
PF18672	27.9
PF20424	27.4
PF12945	23
PF16765	24
PF28806	27
PF28804	26
PF28817	27
PF30055	27
PF30050	27
PF20799	22.9
PF01850	23.6
PF23002	27
PF20698	27.8
PF18475	34
PF27298	27
PF30274	27
PF30273	27
PF04696	25
PF04697	31.1
PF14324	27
PF18478	26.2
PF18479	26.6
PF16289	32
PF26499	27
PF10130	22.4
PF13470	27
PF13638	21.9
PF08745	27
PF17146	27
PF18476	26.1
PF18477	26.3
PF26425	27
PF24630	27
PF28638	27
PF12260	25.2
PF14875	21
PF01504	27
PF07108	25
PF21684	27
PF12058	25
PF00399	20.9
PF22799	27.6
PF20235	27
PF21510	27
PF14892	27
PF02678	26.1
PF05726	27
PF17954	22.9
PF15099	30.6
PF31207	27
PF06201	23.7
PF24695	27.7
PF02171	28.9
PF23278	27.6
PF12306	21
PF18365	25
PF18363	28.5
PF00224	30
PF20433	27.7
PF16808	35
PF21494	18
PF00801	23.5
PF16407	39.2
PF16820	26.3
PF18911	27
PF19406	20
PF19408	20
PF08016	22.4
PF18331	22
PF02827	25
PF02173	25
PF00069	31.7
PF00433	15
PF17667	24.1
PF06878	67
PF12474	25
PF16919	28.5
PF16918	27
PF14032	27
PF31220	27
PF08636	27.7
PF30823	27
PF18369	26.7
PF21089	27
PF02887	28
PF07714	23.1
PF22826	27
PF15903	31.4
PF02253	27
PF06951	34
PF01735	23
PF02988	22
PF08686	26.4
PF04749	34.4
PF15205	27
PF07595	25.5
PF10532	30
PF28193	27
PF06694	25
PF04827	22
PF01307	22.6
PF10533	23.5
PF27688	27
PF25882	28.7
PF01672	30.2
PF09686	23.1
PF10784	25
PF05403	45.8
PF05795	28
PF09715	27
PF07981	21.1
PF06247	26
PF12135	23
PF01477	23
PF04640	25
PF18759	26.3
PF08703	27.6
PF22631	27
PF14466	24.2
PF27783	27
PF00614	26.3
PF13091	27
PF13918	27
PF13396	23.3
PF00681	20.5
PF26346	30.4
PF25626	27
PF30911	27
PF08337	25
PF20170	27
PF16743	27
PF05506	24.4
PF25769	21
PF25765	22.7
PF18190	26.4
PF18409	26.9
PF18587	25
PF30524	27
PF16485	28.1
PF18751	27
PF27889	27
PF01690	27.4
PF28872	27
PF27464	27
PF08429	28.5
PF07715	23.9
PF10559	22.1
PF03126	27
PF18684	27
PF21480	27.9
PF30579	27
PF27385	27
PF11477	25
PF27390	27
PF27495	27
PF27496	27
PF27221	27
PF27186	27
PF27214	27
PF29734	27
PF29822	27
PF30254	27
PF29943	27
PF29821	27
PF27255	28.1
PF20812	27
PF15150	27
PF01523	20.9
PF19290	20.9
PF19289	22
PF09373	24.9
PF08066	23.3
PF10536	34.9
PF28968	43.8
PF04043	29
PF26141	27
PF27646	27
PF30947	27
PF30946	27
PF05287	29
PF21745	28.5
PF01238	21
PF20511	22
PF20512	23.4
PF25244	27.1
PF12126	23
PF03332	22.4
PF08114	22.3
PF00822	26.7
PF01679	22.9
PF14416	29.2
PF11183	28.6
PF28106	27
PF30138	27.2
PF30139	27.2
PF30753	27
PF15322	29.6
PF01625	23.7
PF02366	22.7
PF17987	28.2
PF13231	26.1
PF16192	32.4
PF20899	27
PF20900	27
PF16155	26.9
PF28188	27
PF17949	23.6
PF06436	25
PF05539	25
PF07380	27
PF03246	24.4
PF03438	27
PF02478	22
PF12222	25.3
PF25156	27.9
PF22252	27.6
PF15996	27
PF08645	22
PF16542	28.2
PF20847	27
PF14893	25
PF20846	27
PF03726	24.6
PF12111	25
PF18191	27
PF01243	28.1
PF10590	27
PF01048	25.1
PF15365	21
PF17464	25
PF28702	27
PF28701	27
PF28765	27
PF28784	27
PF31075	30
PF02233	31.7
PF12769	26.2
PF20301	25
PF17292	23
PF10450	27
PF10448	22.1
PF10114	23.9
PF05808	30
PF05894	25
PF24617	27
PF30049	27
PF22634	27
PF24055	24.1
PF30915	27
PF18765	26.9
PF22317	27
PF30237	27
PF24846	24.3
PF24844	24.3
PF03833	24.3
PF19705	25
PF21704	27
PF01620	28.3
PF01190	39.7
PF00659	23
PF18531	31.9
PF18544	28.3
PF22834	27
PF21099	27
PF28113	27
PF01743	23
PF12626	22
PF12627	22
PF20519	23.6
PF01518	25
PF00738	25
PF03364	23.4
PF10604	27.4
PF01736	27
PF00718	27
PF00761	25
PF06431	22.4
PF25627	30
PF00348	27
PF01522	23.1
PF04748	27.5
PF15421	28.5
PF14099	29.9
PF21340	27
PF21294	27
PF01943	28.2
PF02719	20.2
PF13440	23
PF14667	28.7
PF08485	25
PF19244	30.2
PF02563	28
PF08418	24
PF22936	27
PF17251	22.4
PF15229	27
PF09437	27
PF07442	25
PF08929	25
PF08928	22.4
PF29679	27
PF22770	24.3
PF06978	22.2
PF20976	27.2
PF27478	27
PF04831	28.1
PF08170	26.8
PF01558	27.4
PF11271	29.5
PF11565	27
PF00267	23.7
PF14121	27
PF02530	22
PF01459	28.4
PF13609	27
PF16930	22
PF16939	27
PF16956	26.6
PF16966	25
PF09381	26.5
PF16946	23
PF11389	27
PF07396	20.9
PF01379	22.1
PF03900	26
PF18206	27
PF27624	27
PF09697	25
PF11751	22.3
PF11955	22.3
PF06074	23.9
PF07230	22.9
PF19572	27
PF31085	27
PF21544	27
PF01855	27
PF18962	20.1
PF13797	25
PF02765	29
PF16686	27.2
PF21375	27
PF09604	21.2
PF00280	24.5
PF06184	25
PF07244	21.3
PF28813	27
PF25282	27
PF25280	27.5
PF08478	23
PF08479	24
PF17287	27
PF17243	26
PF13608	25.3
PF00767	27
PF08440	23.4
PF00157	27
PF17721	25
PF19536	27
PF07526	27
PF04395	27
PF13168	27
PF13169	25.8
PF06227	23.6
PF05061	27
PF04651	25
PF05767	27.7
PF05323	27
PF04848	22
PF31251	27
PF04584	27
PF06086	27
PF05771	22.4
PF04665	22.8
PF05288	25
PF04948	20
PF04924	21
PF04745	25
PF04835	27
PF03286	28.6
PF04508	21.4
PF07389	25
PF03336	25
PF03287	25.4
PF04701	27
PF04580	23
PF03288	21.4
PF04805	28.4
PF04497	27
PF04656	27
PF03394	28.4
PF12575	23.4
PF04943	24.5
PF03337	27
PF04596	27
PF04708	30
PF04767	27
PF04599	27
PF05503	27
PF03003	24
PF04787	28.2
PF03289	27
PF04661	27
PF04713	25
PF04595	27
PF12562	23
PF05718	22
PF03338	27.6
PF03339	27
PF04872	27
PF03356	27.6
PF04887	25
PF03341	27
PF05313	27
PF03213	22.3
PF03395	24.8
PF03292	25
PF03296	27
PF12629	32.1
PF12630	27
PF03294	25
PF03340	26.3
PF03293	27.8
PF05320	25.4
PF05273	27
PF03396	27
PF05445	19.7
PF04490	25
PF04491	25
PF03295	27.7
PF03355	27
PF04441	27
PF05566	22
PF04947	25
PF04498	27
PF00550	20.8
PF14573	32
PF07430	20.4
PF10488	26.1
PF15276	27
PF05361	22.4
PF14299	25
PF30836	27
PF10252	25
PF00481	20.3
PF13672	24
PF07830	28.5
PF04802	27
PF28004	27
PF02818	21
PF12577	25
PF04151	25.9
PF27121	27
PF15060	27
PF01326	27
PF00823	26
PF18878	27
PF12484	23
PF29896	60
PF29891	27
PF26564	20
PF22386	27
PF23322	28.3
PF18086	35
PF18154	26.1
PF13111	30.5
PF18156	26.7
PF18155	25
PF27883	27
PF28572	30.6
PF28716	27
PF07491	27
PF03976	22.3
PF18188	25
PF18168	26.2
PF11892	25
PF06865	25
PF12142	20.8
PF12143	26
PF09948	28.7
PF27915	32
PF21636	27.3
PF10212	25
PF15740	27
PF15691	27
PF15503	27
PF22646	27
PF09184	27.4
PF08321	23.5
PF22457	27
PF14895	25
PF01535	9.3
PF29826	27
PF29825	27
PF12854	23.8
PF13041	30
PF13812	15.7
PF17177	27
PF02006	26.4
PF01239	17
PF14427	25
PF00519	26.5
PF20450	25
PF00524	22.5
PF00511	25
PF00508	27
PF02541	27
PF21447	27.3
PF21697	27
PF02503	31
PF13090	25.8
PF17941	25.7
PF13089	23.8
PF03012	24
PF18165	26.3
PF18166	25
PF28273	27
PF04193	22
PF28767	27
PF04403	23.8
PF01011	26.7
PF08042	21.1
PF05402	23.4
PF22456	27.5
PF22455	27.9
PF13360	19.7
PF22454	27
PF01502	27
PF01503	21.3
PF03208	30.1
PF28046	30
PF00697	22.7
PF27089	27
PF27091	17.5
PF09372	25.8
PF15314	27
PF15798	27
PF22911	27
PF05239	21.2
PF22038	27
PF18118	24.2
PF14343	24
PF10253	24.3
PF03967	27
PF24986	27
PF00874	23
PF09214	25
PF11087	46
PF08949	25
PF08948	25
PF28641	27
PF28651	27
PF21549	27
PF08270	23
PF27656	27
PF27339	27
PF17832	23.5
PF17833	23.1
PF25376	24
PF05033	29.1
PF18604	27.5
PF18301	26.3
PF02996	23.2
PF01920	27.6
PF13758	23.4
PF04707	27
PF07156	27
PF00432	6
PF01255	27
PF25799	27.8
PF22516	27
PF09687	23.7
PF01080	34.3
PF09029	21
PF18264	23.3
PF07530	22.1
PF23789	27
PF06875	22
PF09480	25.8
PF12666	27
PF26592	27.6
PF09627	25
PF22459	27
PF07929	26.6
PF17764	22.7
PF18074	26.9
PF00156	26.3
PF13793	25
PF14572	27
PF07445	23.3
PF08708	21.1
PF08707	22
PF09250	22.8
PF16101	38.6
PF31174	27
PF00377	25
PF11587	24
PF03991	32
PF22917	27
PF03063	27
PF20873	27
PF18689	37.9
PF00485	22
PF06798	25
PF21160	27
PF21952	27
PF07915	27
PF12999	34.9
PF13015	23
PF15898	32.4
PF15937	32
PF27758	27
PF30226	27
PF06325	22
PF17827	23.4
PF05185	22.9
PF17286	30.3
PF17285	30.2
PF22528	27
PF26399	21
PF13010	27
PF08933	27
PF15174	27
PF09286	23.5
PF05824	24
PF07421	25.3
PF15240	30
PF15455	27
PF08082	25
PF08083	27
PF08084	23.6
PF18327	10
PF00235	25
PF02161	24.1
PF28662	27
PF29053	27
PF28835	27
PF28837	27
PF29048	27
PF12177	25
PF14457	25
PF14461	25.4
PF14459	25
PF14460	25
PF14462	25
PF14464	25
PF14446	29.1
PF14445	22.4
PF14447	27
PF09228	28.5
PF06607	21.6
PF20300	28.2
PF14454	25
PF15621	25.3
PF15172	27
PF05617	22
PF16015	44.9
PF05478	34.3
PF03759	27
PF30859	27
PF08127	32.7
PF08126	22
PF30659	27
PF02244	22.1
PF06605	27
PF18994	23.6
PF26674	25
PF21032	30
PF04352	27
PF17516	23.3
PF16953	39.1
PF09180	31.5
PF09181	25
PF07259	23
PF29004	27
PF29798	27
PF27936	27
PF07376	25
PF29089	27
PF08188	25
PF06382	21.3
PF00260	21
PF00841	27
PF00227	22.4
PF10584	27.7
PF10508	23
PF12283	25
PF04776	25
PF03247	23.9
PF08374	26.3
PF11563	25
PF01010	26.8
PF00361	21.5
PF00662	24.5
PF16450	23
PF17758	23.4
PF02428	22.3
PF05373	27
PF02983	23.4
PF00484	25.7
PF20393	30
PF28779	27
PF01619	27
PF14850	27
PF00160	21.7
PF28778	27
PF28777	27
PF30863	31
PF05544	27
PF18513	25
PF02840	32.5
PF08606	22.7
PF06424	22.4
PF12230	28.2
PF08572	31.4
PF09785	25.2
PF03371	22.4
PF12871	25
PF06544	27.6
PF08799	25
PF29376	77.5
PF12134	25
PF16958	27
PF04303	27
PF06506	29.1
PF28521	27
PF28520	27
PF15671	27
PF15708	27
PF15776	27
PF22049	27
PF07069	25
PF02340	27
PF25987	27
PF23900	27
PF13367	23.5
PF18995	26.2
PF24390	27
PF15609	28.8
PF15610	28.7
PF01366	24.6
PF19556	26
PF30880	45.7
PF08372	28.1
PF13765	27.5
PF12465	25
PF14765	23.7
PF00223	23.3
PF02531	22.4
PF17550	25
PF02605	25
PF07465	21.1
PF05479	21
PF22832	27
PF21462	27
PF08078	27
PF18341	27
PF03912	25
PF26394	35.8
PF26623	27
PF00737	24.6
PF02532	27
PF01788	30
PF02533	25
PF02419	33
PF05151	24
PF02468	25
PF01789	23.5
PF18933	27
PF05757	26.9
PF04725	22.5
PF01405	22.4
PF06514	24.5
PF07123	25.4
PF06596	25
PF06298	24
PF07635	22
PF07583	29.8
PF07627	27
PF27523	26.6
PF07587	28.5
PF22037	27
PF07624	25.8
PF07626	23
PF07631	23.3
PF07637	34.2
PF12588	23.4
PF01416	23.3
PF00849	26.8
PF24997	27
PF25005	27
PF22466	27
PF14610	30.1
PF07276	17.4
PF01437	23.1
PF06952	27
PF06290	25.2
PF31236	27
PF06146	23.9
PF07769	21
PF00421	25
PF14870	26
PF13326	25
PF18240	27
PF05969	24
PF00796	19.8
PF27934	34
PF17205	27
PF24317	27
PF24479	25
PF02427	27
PF02507	27
PF03244	25
PF01701	22.4
PF01241	23.2
PF30612	27
PF06404	25
PF29724	27
PF07704	28.3
PF22160	26
PF22159	26
PF17063	23
PF05480	27
PF22241	27
PF19693	25
PF11919	22.5
PF04046	19.6
PF04468	27
PF28472	27
PF05825	22
PF22743	27
PF22742	27
PF04012	33.9
PF06667	25.6
PF04024	25
PF04839	25
PF28578	27
PF03034	25
PF22869	27
PF07455	27
PF20895	27
PF22408	27
PF22415	27
PF22376	27
PF29439	49.6
PF16836	25
PF02666	22
PF04230	25.3
PF04886	26.2
PF07591	27.7
PF14449	23.5
PF04829	20.3
PF28807	27
PF20984	27
PF28808	27
PF28805	26
PF28816	27
PF06130	25
PF28712	27
PF28711	27
PF28667	27
PF28676	27
PF28675	27
PF12703	27
PF11468	22
PF01515	24
PF08416	27
PF12738	22
PF15028	23.1
PF02126	22.4
PF22918	25
PF10409	27.1
PF14251	29.6
PF01329	26
PF00809	25.5
PF01981	23
PF23339	27.9
PF14728	27.4
PF23338	27
PF23337	24.7
PF26696	27
PF21902	27.4
PF21743	27.2
PF16599	32
PF01091	25.3
PF05196	20.4
PF22741	27
PF22784	27
PF17022	27
PF29840	27
PF29842	27
PF29841	27
PF29844	27
PF03095	27
PF25516	27
PF04387	27
PF14566	27
PF15713	28.3
PF26755	27
PF26155	26.9
PF01242	22.4
PF10131	26.4
PF12453	21.9
PF18861	26.3
PF12789	7
PF00854	27
PF29536	29.4
PF15237	30.5
PF00381	23
PF03829	25
PF03830	27
PF01885	26
PF00358	27.2
PF00359	27
PF00367	27
PF25554	27.4
PF02378	30.7
PF13303	28.9
PF02255	27
PF02302	23.6
PF29497	27
PF27838	27
PF26206	27
PF01472	24.8
PF24405	27
PF14306	27
PF17785	22.6
PF20260	23.9
PF26292	27
PF25378	25
PF09409	34.3
PF25368	32.6
PF25240	29.5
PF23112	27.1
PF18486	31.2
PF29845	27
PF03209	21
PF07905	33.5
PF25906	27
PF03714	25
PF18457	28.8
PF00806	5.1
PF16553	29.5
PF05398	22.1
PF22493	27
PF29335	27
PF27124	27
PF08324	25.5
PF21653	26.7
PF17999	27
PF18494	27.4
PF17967	23.2
PF11852	29.7
PF15826	26.4
PF24627	30.1
PF16913	30.6
PF05639	27
PF03136	25
PF04845	25
PF17769	22.6
PF16904	27
PF02700	22.2
PF21244	26.7
PF16656	30
PF02245	27
PF09182	24.6
PF21238	27
PF21237	26.5
PF22023	28
PF23943	27
PF16872	22
PF17426	25
PF22696	27
PF21775	27
PF18083	25
PF29014	27
PF06971	27
PF06888	27
PF06637	30.1
PF29434	27
PF29433	27
PF29373	27
PF14065	27
PF01862	22.7
PF07768	27
PF21598	27
PF12433	25
PF31155	27
PF01480	22
PF26051	27
PF26091	27
PF26084	27
PF20886	27
PF20887	27.4
PF00855	25.6
PF22988	27
PF00787	21.6
PF02194	27
PF12828	27
PF29685	27
PF29614	27
PF29615	27
PF29612	27
PF29620	27
PF17362	30.8
PF17443	25
PF29778	27
PF27438	27
PF12778	17.5
PF15214	27
PF24428	27
PF18967	27.2
PF02436	27
PF20305	26.9
PF21360	27
PF21455	27
PF31240	27
PF07831	27
PF11112	24.2
PF06958	22.5
PF25129	27
PF08052	25
PF01948	25
PF00282	27
PF12766	26
PF12900	27
PF16242	28.8
PF02758	22.9
PF02748	23.4
PF00719	23.5
PF22338	36.2
PF03013	23
PF00070	22
PF07992	26.1
PF13738	30
PF02852	25.3
PF09690	25
PF09689	27
PF06640	28.7
PF14974	27
PF06321	21.4
PF01483	21
PF20898	27
PF21630	27
PF28980	19.7
PF28083	27
PF09796	27.5
PF19297	27
PF08992	25
PF15884	26.6
PF08880	23.8
PF14930	27
PF09099	22
PF09100	25
PF18874	10
PF25561	30.8
PF01729	23.1
PF02749	27
PF18226	25
PF22220	27
PF18108	23
PF13652	28.3
PF12843	22
PF12038	25
PF16274	29.3
PF16551	22.9
PF06508	22
PF14489	27.3
PF14819	25.6
PF08331	25.1
PF02677	23.5
PF14027	27
PF06177	33.7
PF02547	25
PF17064	27.3
PF04484	33.4
PF10343	25
PF11463	25
PF29046	27
PF29332	27
PF29123	27
PF29339	27
PF23321	27
PF29741	27
PF18299	26.2
PF14243	26.3
PF01424	26.8
PF13902	25
PF25094	27
PF00788	21
PF25450	31.9
PF15208	27
PF19533	27
PF13890	26.1
PF25555	21.4
PF14656	25
PF14655	26.6
PF09311	33.6
PF03528	26.7
PF00566	25.2
PF23436	27
PF07711	24
PF16704	27
PF04698	23
PF09632	25
PF14574	27
PF17650	26.2
PF17651	26.8
PF16717	27
PF02144	24
PF03834	28.1
PF03215	23.8
PF04824	22.7
PF04825	23.1
PF25812	27
PF21046	27
PF12331	29.9
PF21048	27
PF08730	21.7
PF03835	27
PF04423	24.3
PF08423	22
PF21794	27.3
PF15696	25
PF04098	20.3
PF08658	27.5
PF11976	23.8
PF13881	12
PF04139	25
PF08605	22
PF04002	22.1
PF29401	27
PF29404	27
PF04712	25.7
PF06098	26.4
PF04055	29.5
PF19238	26.7
PF16199	31.9
PF08497	25
PF19864	29
PF17659	28.4
PF31100	27.4
PF31101	28.1
PF31102	27.5
PF22603	27
PF18579	27.3
PF18578	26.8
PF05691	20
PF15250	29.4
PF12940	25
PF26105	25
PF26024	25
PF12560	23.3
PF26025	25
PF26100	25
PF26101	25
PF26104	25
PF03089	21
PF13341	27
PF03913	25
PF08652	26.8
PF10257	24.9
PF11058	25
PF05498	22
PF30214	27
PF18248	25
PF27567	27
PF20412	27
PF15320	25
PF18755	35.2
PF25816	27
PF04901	27
PF06624	24
PF03787	22.1
PF19402	24.3
PF05508	25
PF30031	27
PF07834	25
PF18278	26.8
PF00638	23.2
PF08373	24.2
PF03085	25
PF21022	27
PF07218	26.3
PF09197	22.4
PF18602	27.7
PF11626	24.2
PF21411	27
PF18282	27.3
PF12137	26.8
PF31076	27
PF18801	25
PF10579	23
PF14538	27
PF03668	25.4
PF02145	27
PF00071	21.6
PF00616	28.3
PF00617	23.1
PF00618	28.3
PF14663	27
PF21712	27
PF27976	27
PF14847	27
PF12234	27
PF22469	27
PF22225	27
PF24600	27
PF16207	33.5
PF27892	27
PF12768	28.8
PF20842	27
PF20843	27
PF28050	27
PF21989	27
PF23010	27
PF08169	25
PF30896	27
PF12338	25
PF02341	27
PF02196	25.7
PF09457	23.3
PF06593	32
PF25015	27.5
PF24475	28.4
PF24099	27
PF24810	27
PF24572	27
PF25322	27
PF23057	27
PF23058	27
PF02033	34.7
PF08081	22
PF15519	23
PF28453	27
PF28333	27
PF22021	27
PF13397	25
PF30515	27
PF14752	25
PF17208	24
PF31010	27
PF05025	25
PF11464	26
PF31021	27
PF18113	22.1
PF01858	25
PF01857	26.9
PF08934	21
PF10657	23.5
PF28220	27
PF26200	34.6
PF23666	27
PF00415	21.7
PF13540	22
PF06405	24.9
PF04078	27
PF15725	27
PF02517	22.4
PF21960	27
PF28285	27
PF29153	27
PF11776	25.9
PF16971	21
PF16976	28.8
PF12273	27.8
PF07326	25
PF30372	27
PF09456	25
PF05177	27
PF16359	27
PF30417	27
PF30408	27
PF16358	29
PF11826	27
PF14473	27
PF06271	24.1
PF15828	27
PF09187	25
PF21811	27
PF04381	25
PF11002	27
PF23348	20
PF24577	27.5
PF05183	23.8
PF00680	23.9
PF00978	27
PF00998	27
PF02123	22
PF07925	19
PF26253	21
PF26252	21
PF09231	25
PF10262	22.6
PF27323	27
PF16814	27
PF22558	27
PF21559	27
PF11747	24
PF29287	27
PF18501	27
PF21736	27
PF17378	27
PF15165	27
PF04084	25.1
PF21096	27
PF16786	26.9
PF00154	27
PF27451	27
PF17946	22.6
PF04257	25
PF21185	22
PF24896	27
PF11465	21
PF11548	29.7
PF01030	22.1
PF30430	27
PF19833	26.8
PF17190	23.1
PF17191	23
PF22047	30
PF20748	25
PF17768	27
PF22961	27
PF07508	21.1
PF02565	22.1
PF11967	27
PF13114	27
PF21220	27
PF06959	25
PF16124	25
PF21175	22
PF21176	27
PF02132	22
PF03837	24
PF03838	25
PF21982	26
PF02631	26
PF21981	26
PF27462	27
PF29871	27
PF07964	25
PF21761	27
PF15089	27
PF08534	26.6
PF14759	25
PF07807	27
PF07808	22
PF02014	21
PF21471	27
PF05755	25
PF30030	27
PF30029	27
PF28928	27
PF10715	27
PF18561	25.7
PF07494	15.1
PF02010	25
PF03432	24.6
PF11083	30
PF20874	28.3
PF19296	23.8
PF28438	27
PF04607	27
PF04221	22.4
PF18506	27
PF27535	27
PF16180	27
PF25734	27
PF16181	27
PF30359	42.4
PF31023	27
PF30357	42.4
PF06296	27
PF12606	25
PF27490	27
PF04025	26
PF03763	29.7
PF03766	23.2
PF07850	27.8
PF25294	39.4
PF08978	21
PF20830	27
PF00979	27
PF21062	27
PF21060	27
PF21061	27
PF06016	27
PF21063	27
PF21065	27
PF21066	27
PF21064	27
PF05993	25
PF07781	25
PF20790	27
PF20831	27
PF20832	24
PF08864	27
PF06043	27
PF01664	27
PF04582	28.1
PF17750	25
PF04057	26.7
PF29797	27
PF21205	21.1
PF01051	22.4
PF08048	25
PF04796	26
PF06970	30
PF16900	27
PF07506	30
PF10723	27.8
PF21861	27.3
PF16793	24.3
PF22448	26.1
PF06504	22.8
PF22477	25
PF05732	20.3
PF03090	27.8
PF13814	25.3
PF21860	27
PF21859	27.6
PF11423	20.9
PF27763	27
PF01421	20.8
PF13574	27
PF13582	22.4
PF13583	22
PF13688	27
PF20199	34
PF01446	33.2
PF17873	25
PF05797	27
PF27691	27
PF08661	23.2
PF08646	28.5
PF08542	23.6
PF08724	27
PF01719	24.6
PF23343	27.8
PF06926	27
PF02486	29.6
PF03248	23.9
PF08808	23.2
PF05140	24.6
PF26179	27
PF26230	20
PF25477	27
PF26170	27.5
PF26188	27
PF26165	27
PF26172	27
PF26229	27
PF26228	22
PF15395	27
PF04851	22.5
PF06954	25
PF00239	23.3
PF14948	25
PF00072	30.2
PF19192	27
PF16684	27
PF11407	25
PF11487	25
PF20878	27
PF18528	26.4
PF11891	25
PF02453	31.8
PF15449	27
PF04527	22.2
PF29013	27
PF28197	27
PF20167	45
PF14223	35
PF14244	24.1
PF17241	23.5
PF02813	25
PF29000	27
PF17756	26.4
PF17812	25
PF17813	25
PF22540	26
PF00424	22
PF16727	26.5
PF24065	29.9
PF28843	27
PF28865	27
PF15969	25
PF15968	27
PF28365	27
PF09545	22
PF09665	23.1
PF09491	23.1
PF09499	27.7
PF18062	27
PF24447	24.6
PF26568	24
PF09549	25
PF18643	31.5
PF09504	25
PF09552	25
PF09516	27
PF09517	30.8
PF09553	25.9
PF14511	22.5
PF19778	23.4
PF09554	25
PF09556	25
PF30263	27
PF09518	25.3
PF09519	27
PF09561	25
PF09563	23.6
PF09562	25
PF09567	25
PF09568	27.8
PF09564	27
PF09565	23.8
PF20731	23.8
PF09521	27
PF09522	25
PF29187	28.1
PF09566	27.5
PF09569	25
PF09570	22
PF09573	26.1
PF09572	27
PF09571	25
PF00472	35
PF28994	27
PF16658	40.1
PF11109	25
PF08519	23
PF22534	27
PF04506	23.8
PF04589	25
PF14621	27
PF18326	25
PF15289	26.1
PF02257	27
PF15151	27
PF27951	27.9
PF21259	27
PF10843	25
PF18370	27.8
PF21348	27
PF28395	27
PF06534	27
PF06535	24.2
PF03214	23.8
PF08737	31
PF05045	25
PF25308	27
PF00615	23.9
PF09128	27
PF16613	30
PF16611	27.2
PF16612	28
PF28461	27
PF18148	22.5
PF31161	27
PF09744	24
PF22180	27
PF18515	27
PF20859	27.8
PF06134	22
PF24833	27.2
PF00974	22
PF03342	27
PF04785	25
PF03397	27.7
PF00945	26
PF03216	25
PF02484	25
PF21557	28.1
PF05336	23.4
PF06045	22.8
PF11316	23
PF06379	27
PF05879	42.4
PF16179	28.3
PF00554	27
PF24456	27
PF22286	27.7
PF24235	27.7
PF19518	27
PF09284	27.2
PF01402	23
PF23807	27
PF26048	27
PF26688	27
PF12651	21.6
PF13467	25
PF07878	26
PF16762	28.4
PF16777	27
PF17723	25.4
PF19839	23.4
PF25806	27
PF27136	27
PF22336	27
PF21887	27
PF12721	6
PF15319	25
PF27724	27
PF30943	27
PF12300	28.4
PF00581	22.2
PF12368	26.9
PF11511	27
PF10413	27
PF31159	27
PF00620	24.5
PF16512	30.1
PF30386	27
PF00621	27.6
PF16615	27.2
PF16614	26.8
PF01694	22.6
PF20401	27
PF12122	26.2
PF22808	27
PF08912	23
PF02115	26.5
PF07498	24.9
PF07497	27
PF03527	27.9
PF30813	27
PF30814	27
PF28810	27
PF07999	25
PF26352	23
PF20445	21
PF05593	22
PF00073	20.7
PF22663	27
PF13901	28.1
PF08428	20
PF05914	28.9
PF01872	24.1
PF28794	27
PF04950	25.8
PF18957	27
PF00545	24
PF00636	27
PF00825	22.3
PF00445	26
PF11469	25
PF14622	35
PF06479	23.3
PF01042	27.3
PF08584	24
PF08471	22.2
PF02867	23.9
PF00317	28
PF00268	33.6
PF04597	25
PF05817	23.4
PF23861	23.4
PF23860	23.4
PF25147	27
PF00428	28.1
PF07754	33.2
PF22078	27.7
PF00687	32.2
PF00466	22.8
PF00298	21.4
PF03946	32.9
PF00542	25.9
PF16320	25
PF00572	23.8
PF01294	24.9
PF00238	23.6
PF01929	30.5
PF00827	27
PF27056	27
PF00252	27.9
PF01196	27
PF17135	28
PF01775	22.9
PF00861	27.8
PF14204	23
PF01245	22
PF01280	25
PF25476	25
PF00453	30.8
PF01157	27
PF00829	27
PF00237	28
PF01776	23.6
PF00276	30.8
PF03939	27
PF17136	23.7
PF01246	27
PF01386	23.6
PF16906	28.8
PF01016	20.5
PF00828	21.5
PF01777	24
PF18471	27
PF00830	27
PF01778	33.2
PF00831	24.5
PF01779	27
PF03947	33.7
PF00181	23
PF00297	22
PF00327	23
PF08079	31.6
PF01197	27
PF01198	25
PF01655	25
PF01783	21.3
PF00471	25
PF00468	25
PF01199	27
PF01247	27
PF01632	28.9
PF00444	26.1
PF01158	27
PF08561	21
PF01780	21.9
PF01907	27.6
PF01781	27
PF00832	21.6
PF00573	25.8
PF01020	23
PF05162	22.3
PF00935	25
PF00281	34.9
PF10501	25.1
PF17144	27
PF00673	27.8
PF00347	27
PF01159	21.4
PF03868	25
PF01248	22.1
PF03948	23.2
PF01281	20.7
PF00338	21.2
PF00411	25.1
PF17487	27
PF00416	31
PF08069	25.4
PF00253	27
PF00312	31
PF00886	27
PF00366	25.9
PF00833	22.8
PF16205	27
PF01084	21
PF00203	27
PF01090	29.4
PF00318	26.1
PF01649	29.5
PF01165	27
PF01249	25
PF01282	25.2
PF03297	28.8
PF01283	27
PF01599	22.3
PF01667	24.5
PF01200	25
PF04758	27
PF02482	23.7
PF01015	29.3
PF00189	34.1
PF00163	23
PF00900	25
PF00333	27.1
PF03719	21.5
PF01250	27
PF01092	26
PF00177	24
PF01251	33.5
PF00410	24
PF01201	30.2
PF00380	22.5
PF14693	27
PF29471	27
PF22682	29
PF21251	27
PF00164	22.3
PF16321	25
PF14374	27
PF04034	29.9
PF00834	21.1
PF06026	26
PF02267	25
PF22330	27
PF05104	25
PF07064	27
PF15361	28.9
PF10165	25.7
PF05062	23.2
PF14200	25.6
PF00652	29
PF22179	27
PF22189	27
PF05433	24.2
PF14666	27
PF14664	28.5
PF14665	27
PF14668	27
PF00355	20.3
PF13806	27
PF18465	25
PF22543	28.4
PF12231	23
PF21449	27.6
PF21450	27
PF18187	25
PF18189	25
PF02009	32
PF18119	23.2
PF11648	25.6
PF08454	28.5
PF02197	22.4
PF10522	18.8
PF11461	24.8
PF29989	27.8
PF29992	27
PF29980	27.8
PF22601	27
PF05618	27
PF25566	28.5
PF17716	25
PF08443	21
PF18030	26.4
PF01782	23.5
PF17384	26.3
PF02576	22.7
PF23268	27
PF27679	27
PF06116	27
PF26191	22
PF12906	21.6
PF06001	25
PF00848	24.9
PF00866	27
PF31263	27
PF24921	50
PF25447	27
PF04437	30
PF01163	22
PF09202	27
PF00161	21
PF14998	27
PF27875	27
PF29973	27
PF29991	46.9
PF29979	27
PF29974	27
PF29990	46.9
PF29999	30.2
PF29972	27
PF29970	27
PF29995	27.3
PF22238	27
PF16524	27.5
PF17184	27
PF17066	29
PF08167	27.4
PF29521	34.6
PF19322	27
PF17797	22.8
PF17777	29.1
PF27436	21
PF11088	25
PF14401	25
PF10127	23
PF17720	25
PF20924	24.5
PF10036	24.6
PF26049	27
PF22020	22.9
PF18125	22.2
PF21239	27
PF21016	24
PF13707	31.5
PF31157	27
PF29908	27
PF22981	27
PF25065	22
PF22935	27
PF25067	22
PF22984	27
PF22983	27
PF07035	26.9
PF21029	27.3
PF21033	32
PF29162	27
PF28745	27
PF28771	27
PF28753	27
PF29707	25.4
PF29708	25.4
PF19432	25.4
PF04957	27.9
PF16099	27
PF08585	23
PF21000	23
PF16100	29.4
PF29495	27
PF04321	27
PF07521	21.6
PF04989	23.2
PF14996	27
PF20945	27
PF15719	28.6
PF02646	26
PF27669	27
PF10443	27
PF00074	23.1
PF21293	25
PF09293	25
PF27608	27
PF04308	25
PF13032	25
PF25488	27
PF18497	26.8
PF18431	27
PF10150	25.5
PF20833	26.8
PF00075	25.8
PF09468	25.2
PF08615	20.8
PF01351	25.8
PF27457	22.7
PF13482	22
PF18614	26.6
PF22505	27
PF17770	23.8
PF01868	27
PF01138	25.5
PF03725	20.8
PF01876	35
PF08228	22
PF01900	23
PF30520	27
PF00929	24
PF12072	32
PF11977	23
PF14626	23
PF08675	27.9
PF01877	26.9
PF03035	27
PF00910	21.5
PF21210	27
PF26026	27
PF09414	27
PF09511	28.3
PF00940	22
PF08203	25
PF08208	31.7
PF11705	30.2
PF29140	27
PF01000	33.9
PF03118	23.8
PF16857	27
PF06870	27
PF01193	24
PF13656	27
PF01194	26.9
PF08292	25.1
PF06883	27
PF04997	39.7
PF00623	25.3
PF04983	28.9
PF05000	24.8
PF04998	28.5
PF04992	23
PF04990	23
PF05001	10
PF04563	28.2
PF04561	21.7
PF04565	10.3
PF04566	28.7
PF10385	28.2
PF04567	21.1
PF00562	23.4
PF04560	32.1
PF03874	25.6
PF01191	23.5
PF03871	27
PF01192	26
PF03870	25
PF16992	27
PF05158	28.4
PF05132	26.5
PF05645	25
PF12136	25
PF03431	25
PF00773	29.3
PF25967	22
PF02508	23.8
PF15303	27
PF19325	27
PF26192	26.3
PF19332	27
PF28894	27
PF28830	27
PF30696	27
PF28565	27
PF28408	27
PF15926	26
PF22968	27.5
PF25914	27
PF13375	25.6
PF29280	27
PF21274	27.5
PF31260	30.3
PF12647	24
PF14760	23.7
PF19034	27
PF15935	27
PF19417	24
PF15933	27
PF18768	26.5
PF27793	36
PF21995	27
PF17975	26.4
PF08591	23
PF08343	29.4
PF03259	23
PF08477	27
PF10135	25.1
PF25848	27
PF13464	23.9
PF10493	24
PF15201	27
PF19220	60
PF24504	27
PF07073	27.6
PF10259	29.4
PF05633	21.5
PF00480	22.9
PF08067	19.9
PF26513	27
PF02027	27
PF26432	27
PF18106	23.7
PF10247	27.6
PF12334	26.9
PF29441	27
PF15035	36
PF06830	27
PF01815	25
PF05082	27
PF30486	27
PF30487	27
PF30489	36.8
PF21206	27
PF18386	25
PF10727	23
PF10079	27
PF25413	27
PF21534	26.8
PF05443	25.4
PF10681	23.2
PF00639	21.7
PF13145	27
PF13616	22.5
PF12289	30
PF25649	27
PF06929	27
PF05868	24
PF00980	25
PF01525	25
PF02509	27
PF21067	27
PF00981	22.4
PF04866	28.5
PF01665	25
PF01452	27
PF05087	25
PF17477	25
PF25657	27
PF06020	25
PF10074	26.4
PF08633	25
PF21419	26.7
PF03428	24.4
PF11800	32.6
PF27156	27
PF29661	27
PF12042	25
PF29731	27
PF17542	25
PF17460	25
PF28369	27.7
PF28352	27
PF10134	27
PF17875	27.6
PF08620	27
PF08621	25.3
PF04181	33
PF13877	23
PF08784	22.6
PF14768	25
PF14767	25
PF14766	28.8
PF20912	27
PF04801	23.1
PF19725	27
PF03055	27
PF02755	23
PF11574	21.2
PF18111	22.9
PF27448	27
PF08579	27.6
PF23594	27
PF04683	25
PF16550	39.3
PF18051	26.1
PF17781	22.4
PF18004	26.8
PF21505	27
PF08375	30.2
PF18098	22
PF18503	25.8
PF18055	26.5
PF10602	29.6
PF21154	26.9
PF18261	26.5
PF12415	27
PF12410	27
PF21668	27
PF14700	30.1
PF07288	25
PF12328	24.6
PF04032	29.3
PF17067	32.5
PF13446	12.6
PF05659	30.4
PF09382	21.6
PF03737	24.5
PF06877	23.3
PF01765	29.7
PF02082	30
PF12614	28.3
PF28561	27
PF29574	28
PF10356	22
PF17068	27.4
PF10378	21
PF00076	20.7
PF22976	27.8
PF28441	27
PF04059	25
PF08777	22.9
PF10598	23.5
PF13893	10
PF16367	27
PF11835	26.2
PF18444	25.9
PF28976	27
PF24637	27
PF15628	34.6
PF25121	27
PF25061	27
PF26088	27
PF11608	27
PF29309	27
PF29326	62.8
PF29325	27
PF24435	27
PF05172	24
PF29450	28.1
PF16842	30
PF28940	31
PF23222	27
PF23245	27
PF23085	24
PF28975	27
PF26250	27
PF17799	25.7
PF28978	27
PF22877	23
PF25701	35
PF04090	20.2
PF05327	25
PF10214	23.1
PF20640	26.4
PF20639	26.1
PF20645	22.4
PF20644	24.1
PF10680	25
PF00398	24
PF27238	27
PF06962	22.7
PF08524	23
PF08161	26.8
PF15459	22.4
PF07890	27
PF06102	27.1
PF18311	26.9
PF21261	27.4
PF21262	27.1
PF17216	22
PF17215	23
PF12923	23.3
PF04939	25
PF17075	27
PF27657	27
PF14239	25
PF30550	27
PF06459	25.1
PF08071	27
PF30347	70
PF30344	27
PF30342	27
PF14615	27
PF19198	27
PF27842	27
PF26005	27
PF28144	27
PF28448	27
PF14361	26
PF08678	27
PF08673	25.5
PF16294	27.1
PF08586	25
PF22994	24.2
PF29015	27
PF07547	25
PF16751	26.7
PF04353	35
PF03873	23
PF03872	24
PF04246	27
PF14876	30.4
PF02410	21.6
PF03193	30
PF16745	27
PF30257	27
PF23750	25.3
PF12791	25
PF22802	27
PF29609	27
PF10099	29.4
PF22618	27
PF25524	27
PF09243	23
PF30072	27
PF30073	27
PF27063	27
PF29340	32.7
PF22458	27
PF17126	27
PF23016	27
PF04378	27
PF02714	28.7
PF13967	27
PF31168	27
PF30877	27
PF17069	27
PF11757	25
PF12174	22.7
PF03113	27
PF22660	27
PF04479	24
PF06361	25
PF06216	25.6
PF01137	27
PF14474	23.7
PF01139	27
PF06956	23.1
PF29400	27
PF05189	23
PF05608	29.4
PF09357	25.3
PF04641	27.4
PF23566	27
PF16297	24
PF02334	26.7
PF10363	25.9
PF10304	21.1
PF07809	27
PF28970	27
PF31194	27
PF09510	28.3
PF29694	27
PF18215	27.6
PF16770	27
PF16771	27.8
PF14726	25
PF08512	24.6
PF02382	26.8
PF07634	5
PF21735	5
PF08339	30.2
PF17917	24.8
PF17919	29.8
PF14616	27
PF21054	24.3
PF05750	27
PF05748	27
PF05749	27
PF09273	21.6
PF21228	27
PF18087	25
PF00016	30.1
PF02788	15
PF00101	27
PF12601	25.4
PF00301	23
PF18267	25.9
PF02915	22.8
PF21349	26.5
PF25366	27
PF30839	27
PF02759	22
PF26030	27
PF00853	27
PF08504	27
PF24162	29.9
PF05866	22.8
PF07499	24
PF01330	23.6
PF05496	27
PF02075	22.2
PF18516	26.2
PF18541	26.2
PF03652	29.2
PF18993	27.4
PF29599	30
PF27466	27
PF27179	27
PF24553	27.2
PF24551	27
PF27066	27
PF11307	33.5
PF27548	27
PF27098	27
PF29644	27
PF27128	27
PF30402	27
PF27105	27
PF27329	27
PF27609	27
PF27111	27
PF29518	28.1
PF20381	26
PF27076	27
PF27075	27
PF27463	27
PF27099	27
PF28507	32.1
PF23706	27.5
PF26178	40
PF18367	26.4
PF21531	27.1
PF16473	27
PF27150	27
PF29823	27
PF22234	27
PF08924	27.2
PF27168	27
PF29757	27
PF08962	25
PF31074	27
PF25587	27.7
PF01947	22
PF10370	21.3
PF29473	27
PF29657	27
PF27314	27.6
PF23714	28.2
PF21043	31.1
PF18621	28.5
PF18007	25
PF26563	27
PF27101	27
PF27131	27
PF27209	27
PF27503	27
PF24764	26
PF00665	32.6
PF24904	27
PF13333	22
PF13683	26.5
PF00077	20.7
PF08284	20.3
PF00078	29.6
PF07727	31.6
PF13456	21.6
PF06815	27
PF13655	28.1
PF06817	27.6
PF05773	22.8
PF02042	29.3
PF16810	26.4
PF29635	27
PF30123	27
PF29073	30.5
PF18634	26.7
PF08595	22.3
PF08642	29.9
PF24785	27
PF24786	25
PF18052	27.7
PF28939	27
PF01365	22.3
PF21119	27
PF02026	27.4
PF23674	27
PF06085	27.9
PF28595	27
PF05526	28.4
PF23780	28
PF02773	25
PF02772	29
PF00438	33.1
PF05756	27
PF07752	30
PF18316	26.6
PF20906	27
PF06032	27
PF02574	22
PF00575	22
PF14444	25.2
PF02265	29.5
PF15427	26.4
PF03501	26.9
PF22708	27
PF22707	27
PF04689	21
PF13509	21.8
PF21266	27.3
PF23459	27
PF29192	27
PF01479	22.8
PF07422	24
PF13275	24.6
PF15676	27
PF05116	20.3
PF08472	34.4
PF16470	25.5
PF28288	27
PF00277	30.8
PF28174	27
PF04382	27
PF18304	27
PF12209	28.3
PF03399	27
PF24765	27
PF24791	25.5
PF24790	30
PF24789	27
PF04455	23.5
PF16653	31
PF03435	25.1
PF07894	21.4
PF25794	32.8
PF07738	22
PF02182	30.7
PF08573	17.1
PF25831	28.1
PF27062	27
PF08666	23
PF09460	25
PF04502	27.8
PF29676	27
PF17073	27
PF18303	27
PF30644	27
PF04092	21
PF12767	31
PF01259	20
PF25229	27.1
PF29534	27
PF12115	27.8
PF09506	27
PF19227	27
PF10806	22
PF16568	27.7
PF24971	27
PF21524	24.5
PF30809	27
PF05924	19.6
PF21965	27
PF00536	23
PF07647	20.5
PF18016	22.6
PF18017	23.6
PF21872	27
PF23395	27
PF30784	26
PF27750	27
PF26701	27
PF02961	25
PF21907	26
PF01536	22.2
PF18255	28.2
PF22993	27
PF18609	28.9
PF13932	27.1
PF20257	25.5
PF01887	26.3
PF23307	27
PF13543	22.5
PF20406	23.1
PF01698	25.2
PF30467	27
PF28886	32.8
PF04445	26
PF04904	24.3
PF02198	24
PF09597	23.7
PF25317	27
PF09235	21
PF22931	25
PF01342	22
PF23292	25
PF09133	21
PF16282	29.1
PF02037	23.9
PF28314	27
PF16014	27
PF06487	27
PF21438	27
PF15476	27
PF13867	22.2
PF02199	22
PF05184	25.2
PF03489	21
PF07277	28.9
PF25825	27
PF16560	25
PF16722	27.4
PF20825	27
PF04499	25.6
PF18953	30
PF23632	27
PF03058	31.7
PF11409	25
PF06682	30.5
PF11979	25
PF26316	27
PF04790	32.5
PF05510	24
PF20989	24.1
PF21898	27
PF05366	26.4
PF15385	27
PF12383	25
PF03343	31.5
PF21518	27
PF22331	27
PF22216	27
PF22218	27
PF21503	27
PF16531	25
PF09368	25
PF04000	30
PF15460	24.4
PF28998	27
PF18594	26
PF03629	24.8
PF17041	25
PF26285	27
PF00269	22
PF04259	28.4
PF27780	27
PF15160	27
PF16073	22.8
PF06426	21
PF16264	29
PF17485	27
PF31034	27
PF06106	27
PF11256	25
PF18145	26.2
PF11561	27.8
PF16719	28
PF05217	26.5
PF28881	27
PF15373	27
PF10340	21
PF10260	25
PF18167	27
PF06739	20.5
PF21265	27
PF13558	27
PF12320	24.4
PF17882	16
PF20268	27
PF09377	27.2
PF01172	24.6
PF07005	22
PF17076	27.5
PF22874	27
PF22876	27
PF01758	24.3
PF12335	22.1
PF13593	25
PF11621	25
PF05992	24
PF25373	24
PF03110	27
PF05694	34
PF01547	26
PF07596	23.3
PF13531	25
PF00497	26.4
PF30778	27
PF00496	32.4
PF13343	24.6
PF13416	27
PF18058	27
PF22360	26
PF21009	23.6
PF25031	27
PF18094	25
PF05982	27
PF22203	27
PF08313	23
PF29662	27
PF16711	25
PF16709	27.6
PF17684	26.4
PF22596	27
PF16712	25
PF17200	25
PF17203	28.4
PF17202	25
PF09984	22.1
PF16736	27
PF23030	27.8
PF20142	24.6
PF11418	25
PF12070	25
PF04144	27
PF02023	27
PF16501	25
PF24006	27.9
PF27569	76.7
PF21767	27
PF21581	27.5
PF30610	27
PF27823	27
PF04405	32.5
PF02404	21
PF02667	27
PF09856	24
PF20490	27
PF04486	24.2
PF10148	23.5
PF27660	27
PF13165	27
PF15050	27
PF05463	27
PF10384	24.3
PF27840	38
PF15805	27
PF28290	27
PF02630	22.8
PF28020	27
PF31167	27
PF28005	27
PF28097	27
PF28103	27
PF28694	27
PF31124	27
PF14026	28.5
PF26606	25
PF28009	27
PF26136	28.1
PF28833	27
PF26345	23
PF29530	27
PF14866	27
PF05483	23
PF14428	25
PF02036	21.3
PF13530	23.2
PF25451	28.2
PF22143	28.7
PF05229	22.4
PF17844	38
PF03803	25.4
PF15162	27
PF15224	27
PF06876	23
PF18312	25.8
PF28957	27
PF05802	26.5
PF17619	26.2
PF28068	52
PF28892	27
PF02982	27
PF28230	27
PF08970	22.6
PF21638	27.5
PF05285	27.8
PF08158	26.4
PF20856	27
PF29859	27
PF21027	27
PF07632	26.8
PF22782	16
PF13297	26.6
PF22781	27
PF13019	16
PF00375	27.9
PF19633	27
PF03937	27
PF14290	25
PF29034	27
PF27931	27
PF28897	27
PF03313	26.4
PF03315	26
PF18317	25.8
PF01127	25.8
PF31084	27
PF01972	31.3
PF06977	21
PF28788	27
PF17418	25
PF13630	28.2
PF12278	25
PF23441	27
PF21777	24.7
PF17210	29.7
PF10425	28.8
PF08598	25.4
PF14082	27
PF21407	27
PF08491	20.1
PF12390	22
PF01390	22
PF27845	27
PF07322	28.7
PF27843	27
PF25643	27
PF27844	27
PF25644	27
PF27841	27
PF07407	27.2
PF07387	20.3
PF25645	27
PF25307	29
PF15432	27
PF02810	20.4
PF00995	30.7
PF07393	26
PF20667	27.4
PF04091	28.3
PF12932	23
PF12935	27
PF03908	27
PF25970	27
PF08033	33.5
PF04815	27.8
PF04811	27
PF06428	30.2
PF15277	24.1
PF11549	25
PF08314	22
PF20654	23.7
PF09763	27.1
PF15278	27
PF15469	22.7
PF06046	29.7
PF03911	27
PF03839	27.8
PF02889	25
PF09802	22.1
PF01369	22
PF09324	23.5
PF12783	27.3
PF20652	25
PF04048	26.8
PF17521	25.9
PF07517	24.6
PF01043	23.5
PF07516	26.7
PF02556	26
PF13721	30.5
PF22599	27
PF21760	27
PF02355	20.5
PF00584	22.7
PF03840	29.2
PF05364	27
PF06558	25
PF10818	26.1
PF00263	27.5
PF03958	28.2
PF07655	23.4
PF05281	25
PF28747	27
PF28742	27
PF04856	22
PF00344	32.2
PF27872	21
PF07549	12
PF27880	27
PF04628	23.1
PF14797	28.7
PF15357	27
PF06443	22.8
PF08357	23
PF29507	27
PF19835	24.2
PF21978	27
PF06775	25
PF30096	27
PF08238	2.4
PF03841	22.8
PF22153	26
PF22154	26
PF21580	27
PF11524	27.9
PF06936	29.8
PF05938	24
PF10961	23.3
PF02696	22.8
PF04593	28.8
PF04592	23.2
PF01641	24.9
PF04328	25
PF01403	23.7
PF19428	27
PF05474	27.2
PF01118	26
PF02774	26
PF22698	27
PF09631	22
PF23576	27
PF12726	24.7
PF22502	26
PF06911	24.6
PF04520	22
PF19722	27
PF13796	28.2
PF28326	27
PF13755	26.6
PF14577	26
PF14576	27
PF08059	27
PF08806	26
PF17080	27
PF03568	49.1
PF09873	23
PF04472	27
PF06622	22.9
PF28396	27
PF18006	27.7
PF05889	21.1
PF00735	26.2
PF19647	27
PF13845	25
PF06066	27.3
PF03925	25.5
PF17206	23
PF21825	24.8
PF27756	27
PF05482	35
PF04419	22.3
PF04360	30
PF06873	22
PF03348	24
PF08824	26.9
PF18231	25
PF29915	27
PF03383	22
PF00079	27
PF05540	22.9
PF12066	27.3
PF06031	25
PF00273	34.4
PF02403	28.2
PF06821	22
PF17107	26.3
PF17046	22.1
PF00856	22.4
PF21569	27
PF22648	4.7
PF30519	27
PF11767	24.1
PF25556	25.6
PF08138	25
PF20428	24
PF11823	25
PF06705	30.6
PF25753	27
PF16275	29.3
PF27383	27
PF16835	27
PF16837	27
PF12108	22.3
PF11931	30.7
PF08920	25.1
PF07189	27
PF20901	27
PF29078	27
PF08457	22
PF10638	21
PF30858	47.6
PF11139	35
PF04252	27
PF27188	27
PF27725	27
PF03749	22.8
PF17746	25
PF30871	27.9
PF15210	27
PF25647	27
PF25648	27
PF03820	22
PF18329	26.4
PF16324	29.2
PF29074	28
PF08209	26.4
PF18519	26.2
PF07039	23.8
PF15467	27
PF08450	26.3
PF26157	27
PF28099	27
PF19040	27
PF18873	25
PF20623	27
PF17228	26.7
PF22312	27
PF12793	24
PF15894	27.9
PF05002	23.9
PF16347	29.3
PF07093	30
PF16546	26.8
PF01445	27
PF00017	21
PF21990	27
PF14633	27
PF23048	24
PF23043	22
PF23044	21
PF16609	26.6
PF16618	25
PF04908	21
PF23637	27
PF05276	25
PF25606	27
PF24246	27
PF20287	27
PF00018	22.9
PF17902	22.8
PF18103	25
PF18129	26.2
PF18335	41
PF18343	28.6
PF18346	24
PF18348	25.8
PF18350	27.7
PF18354	25
PF18597	25
PF07653	21.8
PF26085	24
PF08239	27
PF06347	21.1
PF08460	22
PF12913	27
PF12914	21.3
PF14604	30
PF26205	27
PF26014	27
PF26738	27
PF28930	27
PF23214	27
PF26090	27
PF24680	27
PF25446	27
PF23587	29.2
PF25092	27.9
PF24556	27
PF29330	27
PF25597	27
PF27170	27
PF24626	30
PF24912	27
PF29249	27
PF25369	27
PF23795	27.4
PF14999	27
PF11601	23
PF16764	27
PF23328	24.4
PF23762	27.1
PF03983	23.7
PF28997	27
PF28954	27
PF11435	27.9
PF17078	30
PF05546	22.2
PF10934	32.9
PF29058	27
PF06128	25.6
PF01488	24.3
PF08501	27
PF07004	9.1
PF18655	15
PF27717	27
PF13908	22
PF01549	10
PF31099	27
PF26756	23.9
PF03865	22.7
PF15021	27
PF15793	27
PF21669	26
PF23661	27
PF00464	27
PF10516	21
PF29297	27
PF28629	27
PF17825	23
PF29917	25
PF28630	27
PF29906	25
PF28664	27.4
PF09851	15.3
PF22746	27
PF20612	24
PF30360	27
PF25628	27
PF03579	27
PF21325	27
PF21324	27.6
PF04925	22
PF21413	27
PF07550	22.3
PF08229	25
PF02491	25.4
PF03876	24.8
PF29923	27
PF29629	27
PF04917	27.5
PF07557	23.3
PF07558	30
PF28670	27
PF17512	27
PF09345	24.5
PF28112	27
PF09032	23.5
PF09264	25.8
PF02973	26
PF22585	27
PF24907	28.3
PF03482	25
PF29958	27
PF12887	23
PF12878	27
PF12879	22
PF09119	25
PF11778	28.4
PF13965	28.7
PF17204	27
PF30108	27
PF20875	27
PF20892	27
PF18219	25
PF21513	27
PF21511	27
PF24895	27
PF19049	24.2
PF19048	27
PF12252	27.6
PF20988	27.1
PF26375	27
PF20879	27
PF20851	27
PF26849	27
PF14163	26
PF06767	29.5
PF28856	27
PF27822	27
PF00158	20.2
PF14532	25
PF00309	23.8
PF04963	22.9
PF04552	22.8
PF07638	21.1
PF04546	29.7
PF03979	22.5
PF00140	22
PF04542	24
PF04539	25.3
PF04545	24.1
PF08281	25.7
PF02454	21
PF03084	25
PF17453	25
PF13791	25
PF13800	26.3
PF05769	24.3
PF16782	35.5
PF29875	27
PF28415	29.6
PF03842	26.8
PF04402	25.2
PF30353	27
PF30352	27
PF30354	27
PF06621	27
PF05422	27.5
PF16979	27
PF16879	26.8
PF08295	25
PF21362	29.3
PF03145	24.8
PF21361	32
PF30271	27
PF08671	31.4
PF04954	26.3
PF04938	27
PF27641	27
PF09052	25
PF22163	27
PF17985	7.5
PF05565	28.6
PF14594	26.2
PF05709	24.2
PF12673	23.6
PF11603	24
PF02146	24
PF13289	24.5
PF22344	27
PF16991	27
PF10747	26
PF04247	30.9
PF22440	27
PF14823	24
PF14824	25
PF01380	25
PF26753	23.3
PF13580	27
PF15330	27.6
PF28107	27
PF05458	26.2
PF16878	27.4
PF07160	29.6
PF16740	30.1
PF28417	27
PF28418	27
PF28427	27
PF27876	27
PF29481	31.3
PF08693	30
PF01202	22.1
PF21409	27.9
PF30547	27
PF17911	23.1
PF21921	27
PF21920	27
PF17751	23.4
PF28649	27
PF28612	27
PF28568	27
PF02731	25
PF02437	24.5
PF03935	30
PF01466	22.3
PF03931	21.9
PF25685	27
PF03530	31.8
PF17618	28.1
PF28202	27
PF27413	27
PF29294	27
PF27416	27
PF29295	27
PF29262	27
PF03595	27.9
PF15301	27
PF06214	25
PF18181	26.3
PF18183	25
PF18184	26.3
PF18186	27
PF18160	29.5
PF18169	27
PF18142	26.5
PF10531	15
PF22461	27
PF15247	27
PF03522	27
PF18405	34.5
PF06027	21
PF16028	27
PF06237	27.9
PF18523	25
PF08639	24.9
PF05916	22.3
PF16922	27
PF18596	23.2
PF18636	27.9
PF12140	25
PF09848	24
PF04326	25.3
PF21026	27
PF29488	33.8
PF00395	14.5
PF09111	24.8
PF04575	22
PF30890	27
PF27178	27
PF27138	27
PF27130	27
PF16818	27
PF22276	27
PF22614	24
PF21014	24.2
PF03843	22.5
PF03217	15.6
PF21620	26.9
PF22797	24.5
PF22796	27
PF07333	22.7
PF26643	23
PF27148	27
PF19526	27
PF20778	23.4
PF20776	24.4
PF01464	21.3
PF13406	23.9
PF18896	27
PF19489	27
PF02258	27
PF14718	25
PF27553	31.7
PF11708	27.9
PF30379	29.5
PF21202	27.2
PF09494	24.8
PF30092	27
PF30091	27
PF15341	27
PF04102	30
PF14438	29.8
PF29133	27
PF23784	27
PF09057	25
PF28228	27
PF17411	27.3
PF15127	27
PF27862	27
PF27746	27
PF27910	27
PF15477	29.5
PF28823	27
PF27711	27
PF16785	29
PF22899	27
PF27968	27
PF27109	30.9
PF06470	22.5
PF02463	40
PF07574	23.3
PF02616	24.6
PF04079	27.4
PF21941	27
PF15785	27
PF17229	25
PF03467	24
PF10220	22.5
PF09346	25.4
PF29500	27
PF28796	27
PF30960	27.2
PF17307	25
PF30955	27
PF29919	27
PF29122	27
PF21976	27
PF15831	29.3
PF27938	28
PF27958	28.3
PF21415	27
PF21414	27
PF22427	26
PF22426	27
PF20636	22.2
PF06003	22.7
PF20635	21.3
PF17885	25
PF18144	30
PF12510	23
PF04927	22
PF27999	27
PF01668	27
PF10144	28.9
PF18696	26
PF17047	27
PF25669	35
PF01713	23
PF29576	27
PF15181	27
PF27568	24.4
PF21138	27
PF18615	25
PF16243	27.6
PF06695	30.7
PF14619	27
PF22710	27
PF22717	27
PF22716	27
PF22719	27
PF22718	27
PF22720	27
PF22711	27
PF22713	27
PF22712	27
PF22714	27
PF22715	27
PF18744	25
PF18745	25
PF18749	27
PF18750	50
PF14938	25
PF00835	25
PF09808	23.8
PF11035	25.5
PF12251	23.8
PF15497	23.6
PF14712	29.6
PF05739	33.5
PF00565	21
PF16700	27
PF30010	27
PF00209	27
PF29490	27
PF00176	24.9
PF08455	27
PF04855	21.8
PF03357	27.3
PF28650	27
PF28645	27
PF13250	27
PF09051	25
PF09050	25
PF09049	25
PF01174	27
PF07366	28.4
PF12680	27
PF13474	22
PF13577	24
PF20409	24.1
PF26528	27
PF28927	27
PF08648	23.1
PF19097	25
PF24826	28.4
PF24825	28.4
PF07192	25
PF11538	22.1
PF21273	26.7
PF21271	27
PF18116	22.9
PF19566	27.3
PF22237	27
PF16533	25
PF15279	35
PF16855	27
PF13274	25.7
PF26318	27
PF12610	23.7
PF07525	23.5
PF16848	25
PF00080	28.9
PF02777	20.9
PF00081	27
PF09055	25
PF04158	25
PF21248	27
PF30936	27
PF10428	26.9
PF11365	31.1
PF14818	26.6
PF21250	27
PF21270	27
PF21958	27
PF26512	27
PF06136	24.3
PF03619	24.9
PF22750	26
PF01033	23.1
PF03002	20.3
PF17081	27
PF13981	28.6
PF13979	28.7
PF18090	27
PF11047	25
PF07487	25
PF07682	26.7
PF30218	27
PF02208	27
PF30891	27
PF25220	27.4
PF09666	23
PF04203	26.6
PF15902	33
PF15901	27
PF03700	28
PF22496	27
PF01680	27
PF22697	27.7
PF20882	27.3
PF28057	27
PF15925	27
PF17079	27
PF04832	27
PF29834	27
PF29832	27
PF29835	27
PF12067	25
PF21342	27
PF04267	27
PF06525	21
PF22852	27
PF04268	21
PF12336	22.1
PF13501	28.4
PF08770	25
PF12444	23.1
PF14313	22
PF17806	23.1
PF20304	27.5
PF20306	27.2
PF23932	27
PF27520	27
PF03014	20
PF16504	27
PF20752	25
PF20751	25
PF07354	23.1
PF29018	27
PF08616	22
PF18218	27.6
PF17802	23.1
PF19403	15
PF20674	10
PF24514	27.3
PF28922	27
PF30691	30.3
PF27947	27
PF28690	27
PF15307	27
PF15120	25
PF16077	27
PF02090	35
PF02510	27.7
PF07458	22
PF26294	27
PF22004	27
PF10591	22
PF19160	25
PF11881	25
PF31032	30
PF13186	21.5
PF15212	29.1
PF15743	27.8
PF15175	27
PF15218	27
PF21388	27
PF15662	27
PF27952	27
PF15073	27
PF14909	27
PF15824	27
PF14649	25
PF15256	27
PF07139	25
PF07780	25
PF30899	27
PF28143	27
PF28142	27
PF30956	27.6
PF18520	25
PF06645	23.6
PF04573	25
PF08286	25.3
PF06703	24.3
PF29749	27
PF30019	27
PF29997	31.7
PF30022	27
PF17082	31
PF11544	25.6
PF08317	34.5
PF28859	27
PF28488	27
PF29722	27
PF29723	27
PF29784	27
PF05122	25
PF29628	27
PF27080	30
PF03771	25
PF25892	27
PF29406	27
PF29125	27
PF29136	27
PF29137	27
PF29138	27
PF15795	27
PF10136	24.6
PF18680	38.4
PF00435	24.2
PF26996	27
PF23160	27
PF18373	26.4
PF21019	24.4
PF21020	24.2
PF23289	27
PF23323	27.9
PF25101	27
PF24611	33.2
PF24615	28
PF23729	27.6
PF24915	27
PF25034	35
PF25803	27
PF26583	27
PF24082	27
PF22946	27
PF10940	25
PF16650	33.1
PF15670	27
PF29307	45.2
PF15059	27
PF15058	27.9
PF27987	32
PF01564	22.9
PF17284	22.1
PF08250	18
PF05324	20.1
PF15754	27
PF15171	27
PF30128	27
PF17325	25
PF14764	25
PF28298	27
PF20909	27
PF31089	27
PF05541	25
PF12138	30.2
PF30680	27
PF15678	27
PF12485	25
PF11260	25
PF16763	27
PF22464	26
PF22465	26
PF17072	35
PF02513	25
PF09431	27
PF08234	22.3
PF28219	34.3
PF05215	15
PF29218	27
PF29216	27
PF28023	27
PF04435	22.1
PF20903	27
PF11132	25
PF26745	31
PF15075	27
PF22589	32.1
PF14983	27
PF22593	27.6
PF15093	27
PF22573	21
PF22574	27
PF17950	25
PF21974	27
PF22953	27
PF08769	25
PF07070	23
PF03533	24
PF05032	20.5
PF21698	27
PF19225	27
PF25749	27
PF08631	27.5
PF22044	28.1
PF03907	27.5
PF30148	27
PF15407	25
PF14689	28.1
PF14682	27
PF07744	25
PF20918	27.1
PF23121	28.1
PF28898	27
PF11964	25
PF08486	23
PF07228	25
PF19732	27
PF31108	27
PF06686	24
PF27550	27
PF12685	30.6
PF12116	27
PF01944	26.9
PF07454	24.4
PF14171	27
PF28902	27
PF28064	27
PF14185	27
PF08680	25.6
PF09547	26.6
PF20439	25
PF20438	25
PF27653	27
PF06468	24
PF09388	23
PF05036	21
PF11122	22
PF10612	24
PF26301	27
PF14153	23
PF27663	27
PF10957	20.7
PF28051	27
PF05504	23.6
PF25198	27
PF27777	33
PF09671	25
PF19568	27
PF09548	27
PF09546	27
PF09581	28.3
PF09551	25
PF03845	23.4
PF09575	25
PF09578	27
PF14147	27
PF09580	26.3
PF09577	24
PF09579	25
PF14034	27.2
PF09560	25
PF05642	28.9
PF12164	25
PF07084	21
PF02590	27
PF14419	28.4
PF00588	29.7
PF12105	25
PF08032	22.8
PF22655	27
PF08183	20.6
PF13782	25
PF03862	25
PF07451	22.1
PF14097	27
PF04026	29.6
PF14069	27
PF04293	27
PF24755	27.6
PF04232	24
PF15714	27.5
PF28172	27
PF06550	23.9
PF07448	26
PF31218	27
PF22768	25
PF20787	27
PF05133	25.5
PF15356	27
PF30259	27
PF12118	27.3
PF14349	27
PF13573	20
PF10218	22
PF05210	25
PF14820	32.2
PF10263	25.6
PF22934	27
PF00622	21.9
PF08644	25
PF21091	27.1
PF08243	24
PF12090	27.1
PF25603	27
PF22878	26
PF06093	25
PF17734	29.5
PF03439	22.4
PF11942	24.2
PF14632	24.4
PF21710	27.5
PF11779	29.8
PF18033	26.3
PF03539	21
PF21915	27
PF25635	27
PF25646	27
PF03534	22
PF05563	25
PF03779	31.5
PF28024	27
PF03105	27.8
PF28059	27
PF11357	25
PF30820	27
PF21642	27
PF08999	25
PF16845	31
PF13243	26.1
PF13249	26.2
PF00494	26
PF00299	22
PF10500	40
PF13790	26
PF18491	30.2
PF07304	23.3
PF02586	27.1
PF08136	27
PF26348	22
PF08832	25
PF00530	26.1
PF15494	27
PF03125	22.9
PF00319	26
PF30036	27
PF24296	27
PF07520	27.1
PF02118	22
PF08236	23.5
PF04086	25.4
PF02290	27
PF01922	25
PF00660	25
PF05022	28.6
PF00448	22.7
PF02881	22.4
PF16969	26.1
PF08492	25
PF05486	21
PF19307	22.8
PF09439	25
PF02978	27
PF17004	35
PF07709	2.3
PF07985	24
PF15230	27
PF15872	27
PF09201	29.9
PF27015	27.3
PF21097	27
PF27378	29.8
PF28280	27
PF28283	27
PF06378	22.3
PF00436	26
PF22657	27
PF24120	27
PF17878	27
PF18361	25
PF10141	26.4
PF18333	25
PF18272	26.4
PF04503	27
PF28282	27
PF07179	21
PF14581	22.5
PF04888	30.2
PF28311	38
PF24688	25
PF00474	22.8
PF14723	25
PF21181	27
PF04686	25
PF00720	23.9
PF04056	27
PF27515	27
PF20067	16.8
PF09199	27
PF27720	28.6
PF27229	27
PF27250	27
PF29606	28.6
PF22445	27
PF30147	27
PF06933	35
PF04386	27
PF08141	25
PF14098	27
PF08176	25
PF28063	27
PF08177	25
PF08175	23.7
PF08179	25
PF30239	27
PF03531	21.9
PF21092	24.1
PF18877	27
PF15836	27
PF04722	25.3
PF11966	10
PF20940	27
PF07935	22
PF09514	23
PF05030	26.2
PF30502	27
PF04184	24.3
PF16664	27.8
PF08514	25
PF31007	27
PF18185	24
PF03298	23
PF14731	27
PF09022	24.1
PF09023	25
PF04022	19.7
PF02821	25.1
PF10100	25
PF22381	27
PF01123	23
PF02876	27
PF01852	22
PF19569	23.6
PF28956	27
PF16544	26.3
PF01740	22.6
PF13466	29.2
PF12162	21.6
PF12188	27
PF14596	25
PF18214	27
PF24629	27
PF03875	25
PF00836	24.7
PF01017	27.5
PF02864	27
PF02865	26
PF21354	27
PF16482	27
PF12638	27
PF28231	30
PF10330	25
PF25995	27
PF28167	27
PF06406	24.6
PF09075	25
PF12898	22
PF20944	27
PF17235	25
PF02200	25
PF02116	27.2
PF02076	29.2
PF11610	26
PF12194	25
PF31262	27
PF12555	26.4
PF17101	27.2
PF11380	39.4
PF17102	24.2
PF17103	27.4
PF29776	27
PF25809	27
PF03385	27.8
PF21058	26.6
PF03015	35.4
PF02544	22.6
PF12349	22.3
PF08498	21.7
PF17410	25.4
PF31090	27
PF15809	27
PF17830	29.1
PF04885	24.1
PF15253	27
PF12400	22
PF13756	29.8
PF15009	27
PF23417	28.1
PF11202	28.7
PF09061	26.6
PF22405	27
PF08960	27.9
PF21881	27
PF21878	27
PF21876	27
PF21879	27
PF10494	27
PF11485	28
PF27373	27
PF31165	27
PF21369	27
PF29987	27
PF09598	23
PF28093	27
PF07660	28.4
PF10451	21.5
PF09170	27.2
PF12659	25
PF12191	24.9
PF16851	27
PF11585	25
PF12016	25
PF21109	27
PF16891	26.8
PF21107	27
PF28687	27
PF30980	40.7
PF28616	27
PF06638	25
PF04270	5
PF14404	25
PF06696	26
PF01657	25
PF29936	27
PF29935	27
PF08232	29.4
PF10266	25
PF03088	25
PF28249	27
PF02516	24.5
PF21436	23
PF18527	27
PF21042	27
PF21527	24.2
PF26585	27
PF09177	29.4
PF17562	27
PF24175	27
PF17236	24.1
PF23899	30
PF18179	25
PF03481	22.9
PF01300	25.1
PF18213	25
PF19151	26.9
PF30120	27
PF24178	27
PF11420	25
PF13607	27.4
PF02910	20.8
PF29127	27
PF29111	27
PF06999	34.9
PF09244	28.2
PF02140	31.4
PF05843	24.7
PF01458	27
PF19295	23.5
PF02657	27
PF05076	25
PF12470	25
PF04198	27
PF11471	25.7
PF00083	22.3
PF06800	26.3
PF01253	25.5
PF16619	34.1
PF14433	23
PF14435	25.5
PF14567	27
PF14568	26
PF03846	23.1
PF08257	10
PF00884	25
PF14707	30.9
PF00916	23.2
PF05584	25
PF00685	22
PF03567	22
PF13469	27
PF17784	22.8
PF19798	23.2
PF12193	25.2
PF04143	27
PF09037	22
PF29864	27
PF03856	25
PF28790	27
PF29118	27
PF29117	27
PF22157	27
PF11414	25.4
PF11479	26.9
PF06687	29.6
PF09312	30.8
PF13623	28.5
PF13624	27.2
PF01975	22.1
PF02104	23.4
PF05477	25
PF02077	27
PF04935	23.1
PF22343	27
PF01617	22
PF11054	25.2
PF09006	22
PF07712	25
PF01805	21.1
PF12741	27
PF12771	27
PF14322	27
PF07980	23.1
PF14292	25.2
PF17142	28
PF16411	25.3
PF23915	27
PF20756	24
PF00084	17
PF09014	22.1
PF19904	36.7
PF24862	27.7
PF24861	25.4
PF20661	29.3
PF28655	27
PF28619	27
PF28652	27
PF12513	27
PF18147	22.5
PF18114	24.2
PF26734	24
PF12752	25
PF12901	21.1
PF29098	27
PF29102	75
PF05326	23
PF08622	25
PF15811	27
PF12113	27
PF20888	27
PF29091	27
PF17381	25
PF10578	2
PF15430	27
PF22081	27
PF25123	27
PF24707	26.3
PF26242	27
PF17330	25
PF20497	22
PF08549	27
PF18766	26.7
PF07962	25
PF07061	22.1
PF18530	33.8
PF02201	25
PF26291	28
PF29592	27.8
PF04434	7.5
PF31082	27
PF04433	28.6
PF16495	27.2
PF16496	25
PF16498	27
PF17083	25
PF13753	20.4
PF29448	27
PF30048	27
PF17423	25
PF21693	28.3
PF19588	24.4
PF04099	25
PF15233	27
PF18581	27.8
PF18584	26.5
PF07348	25
PF08231	23.5
PF02383	27
PF30450	27
PF08845	29
PF11935	25
PF12295	25
PF28215	27
PF29057	27
PF05835	27
PF02078	23.9
PF02750	22.5
PF10581	18.4
PF00957	27.2
PF15191	27
PF15138	32.8
PF01034	24.9
PF10474	38.4
PF25035	27
PF25804	30
PF25999	27
PF15290	25
PF00804	26.7
PF10496	30.6
PF11416	15.7
PF14523	26.5
PF29732	27
PF11421	22
PF23012	27
PF01387	23.3
PF11089	27
PF09801	22.3
PF29849	27
PF29853	27
PF29851	27
PF22421	27
PF01023	22
PF18159	26.9
PF05124	23.9
PF05123	27
PF00954	24
PF14928	23.8
PF00907	26
PF16176	22.8
PF29683	27
PF29684	27
PF27870	27
PF30189	31.7
PF30186	27
PF28734	27
PF11867	26.8
PF30170	27
PF22679	27
PF22092	27
PF22265	27
PF28867	27
PF30180	27
PF13629	23
PF16537	28.4
PF11356	27
PF00437	24.9
PF30792	27
PF00482	25.2
PF28597	27
PF08334	21
PF02501	25
PF11612	28
PF03934	24.2
PF21687	26.2
PF05134	25.5
PF04612	26.7
PF10741	21.7
PF28880	37
PF01203	29.6
PF12528	22.5
PF16549	25
PF28037	27
PF27877	27
PF28042	27
PF09691	25
PF18273	25
PF11439	29.1
PF16535	31
PF18269	22.7
PF22342	27
PF28030	27
PF18286	27
PF16937	28
PF13327	25
PF08988	22
PF09392	28
PF09025	25
PF06416	25.3
PF06635	23.3
PF06511	25
PF21304	27
PF09198	27
PF16724	25
PF12293	25
PF11393	27.7
PF12608	27
PF28241	27
PF05567	28.1
PF07996	24.7
PF02534	20.1
PF28177	27
PF16943	27.9
PF28186	27
PF28185	27
PF28181	27
PF28182	27
PF28184	27
PF28183	27
PF28175	45
PF28187	27
PF18895	26.6
PF16932	26.1
PF12322	24.5
PF25623	27
PF24050	27.7
PF00837	27
PF08994	25
PF08993	25
PF23618	25
PF07880	25
PF24070	24.4
PF11649	25
PF24210	27
PF20819	27
PF18043	27
PF25676	27
PF11091	20.2
PF25671	27
PF21134	28.3
PF25721	27
PF24448	27
PF24449	24.9
PF25744	27
PF26092	27
PF10544	20
PF25747	27
PF26823	27
PF21141	26.7
PF18572	25
PF12790	27
PF20232	23.7
PF05638	23.5
PF08906	27.4
PF21576	27
PF22137	28.4
PF09994	27
PF29616	27
PF22115	28.4
PF22120	27.2
PF21643	27
PF05947	25
PF06996	24.6
PF05936	23.4
PF16989	26.2
PF13296	22.4
PF21277	27
PF05591	24
PF18002	25
PF10922	28
PF17570	25
PF10911	25
PF28108	27
PF21545	27
PF05108	27
PF10824	23.5
PF21725	27
PF24072	27
PF17116	23.9
PF11494	27
PF11513	25
PF19020	27
PF15401	17.3
PF20429	28.2
PF06485	25
PF08681	21
PF05010	29.9
PF02202	10
PF14517	29.8
PF11406	25
PF11478	25
PF09305	22.9
PF18551	32
PF20772	36
PF13400	22.3
PF18521	27
PF11195	25
PF25185	27
PF30953	27
PF25186	25
PF25190	27
PF25188	27
PF25189	27
PF22941	27
PF19360	27
PF07811	22.9
PF16964	27.3
PF22439	26
PF21194	27.4
PF16968	26.4
PF09977	22.1
PF14113	27
PF05596	31.9
PF02969	21
PF03540	28
PF20641	27.1
PF20643	22.5
PF20642	24.8
PF15333	27
PF14929	31.8
PF25316	27
PF05236	33
PF07571	27.1
PF10406	21
PF12020	25
PF07531	27
PF10610	25
PF04719	27
PF04658	25
PF22786	27
PF22787	27
PF20775	28
PF12561	25
PF09867	27
PF22096	27
PF22269	27
PF20691	27.5
PF16695	28.3
PF21519	27
PF11367	24.5
PF09684	20.6
PF18668	25
PF10618	23
PF04822	28.1
PF22856	27
PF21896	27
PF09141	25
PF21692	27
PF25177	24.2
PF15324	27
PF03377	13.1
PF00923	27
PF21899	28.1
PF28428	27
PF09139	24
PF04357	21.4
PF27051	31.1
PF11640	27.1
PF30821	29.7
PF05742	22.6
PF25267	27
PF15327	27
PF07519	29.8
PF15386	32.8
PF09162	24
PF28921	35.4
PF07265	27
PF04177	26
PF09718	23
PF15251	27
PF28146	27.8
PF03943	21.3
PF09281	25
PF12950	26.5
PF30913	27
PF25050	27
PF27855	27
PF27850	27
PF02203	23
PF21951	27
PF21731	27
PF18674	28
PF22377	27
PF22181	27
PF05296	22.2
PF22378	26
PF21487	27
PF29750	27
PF07708	22.4
PF15133	27
PF23314	27
PF31001	27
PF00539	22.5
PF02416	21
PF27442	27
PF00902	25.1
PF01026	27
PF03430	27
PF16811	26.5
PF10518	22.7
PF07706	23
PF09734	23.7
PF17682	23.1
PF02668	27
PF01925	32.6
PF01361	22
PF21420	28.7
PF14552	28
PF14832	25.7
PF02959	27
PF09728	30.3
PF28483	27
PF14541	23.9
PF14543	30
PF31211	27
PF22332	27
PF31149	27
PF17574	27
PF00683	22.2
PF03134	27.2
PF19430	26.5
PF30895	27
PF30337	27
PF30334	27
PF02970	30.3
PF25541	27.8
PF07986	24.8
PF16752	27
PF30095	29.7
PF12845	27
PF18394	25.9
PF18396	31
PF00352	22.9
PF09247	25
PF22721	27
PF17484	27
PF01298	26
PF17483	27.8
PF21664	27.2
PF15517	27
PF19138	27.1
PF03558	25
PF20627	20
PF12598	25
PF20054	23.2
PF22785	27
PF15063	27
PF22813	26
PF22820	27
PF22819	23.6
PF19971	27
PF19972	27
PF19973	24
PF19974	40
PF27027	27
PF27016	27
PF18518	32
PF18276	25
PF21963	27
PF21968	27
PF12919	23.6
PF12920	27
PF12918	27
PF12255	25
PF12256	24.8
PF12104	20.6
PF04910	24.2
PF16967	29.4
PF01840	25
PF10452	21.1
PF03634	17
PF07202	24
PF05794	27
PF05946	25
PF21497	28.4
PF12648	29.9
PF06340	25
PF10671	27
PF17456	28
PF03638	23.5
PF14944	27
PF11628	25
PF01970	28.9
PF07331	29.1
PF03401	27
PF03645	22.8
PF07773	22
PF00838	24.3
PF17084	27
PF29527	27
PF16135	23.6
PF03347	27
PF21229	27
PF20910	27.9
PF18694	27.1
PF30318	27
PF27500	27
PF15683	27
PF01285	25.1
PF15238	26
PF22884	27
PF24236	27.1
PF22889	27
PF07404	26.6
PF22236	27
PF21696	27
PF09300	25
PF19193	30
PF08341	22
PF29364	27
PF26764	27
PF14970	27.4
PF20610	27
PF07678	22
PF29496	28.2
PF29491	28.2
PF29169	27
PF12818	26.9
PF03848	20.4
PF09313	23.1
PF03148	34.3
PF05816	30
PF09470	25
PF20849	27
PF22853	28
PF20818	27
PF25320	27
PF12009	25
PF10193	23.6
PF24784	27
PF12658	25
PF15490	27
PF03070	22
PF23538	27
PF05733	25
PF04876	27
PF05310	25
PF03300	27
PF06656	25
PF06484	27
PF25021	27.1
PF11474	25
PF25023	26.2
PF21412	27.6
PF05386	25
PF05472	22
PF05099	24.4
PF15101	27
PF15615	26.3
PF13208	25
PF03741	27.8
PF02342	25.3
PF16772	27
PF03354	23.7
PF20441	24
PF22530	27
PF03592	26.1
PF04466	23.2
PF17288	26.7
PF05119	24.7
PF06056	20.3
PF23931	28.4
PF17289	22.6
PF03237	22
PF25673	27
PF29551	27
PF01397	37.6
PF03936	26.3
PF19086	23.7
PF22412	28.1
PF21434	27
PF21201	27
PF21399	27
PF17984	25
PF15616	28.4
PF08034	24
PF08076	25
PF13972	25
PF21626	27
PF11401	27
PF08187	25
PF00335	32.1
PF02909	21
PF16295	28
PF16859	32
PF16914	27
PF16925	27
PF21993	27
PF17754	22.7
PF17918	26.8
PF17920	26.2
PF17922	26.1
PF17923	33.1
PF17924	26.8
PF08361	22
PF17925	26.5
PF17926	26.2
PF17928	26.4
PF17931	29.1
PF17932	26.4
PF17933	26.4
PF17934	25
PF17935	26.1
PF17937	26.4
PF17938	26.2
PF08362	25
PF17939	26.3
PF17940	27.4
PF19344	27
PF13305	26.8
PF17929	26.3
PF18556	26.7
PF18598	33.7
PF18665	27
PF19352	23.9
PF21303	27
PF08359	21
PF21306	27
PF21351	27
PF21542	28.4
PF21597	27
PF21776	24.4
PF21935	27
PF21943	27
PF08360	21
PF21256	27
PF13977	27
PF14246	22
PF14278	26.1
PF14514	25.3
PF22604	27
PF00440	24
PF22568	27
PF12851	34.9
PF08050	27
PF26846	27
PF15219	27
PF15186	27
PF15326	27
PF15553	27
PF28911	27
PF15839	27
PF30385	27
PF15400	27
PF24787	25
PF28972	27
PF31275	27
PF17819	26.6
PF22706	27
PF09371	32
PF16921	27
PF24614	27
PF22254	23.8
PF18121	26
PF03849	34.5
PF18307	23.2
PF03850	27
PF06331	23.5
PF17110	21
PF12612	22.4
PF03153	36.2
PF02751	27
PF02268	33
PF00382	23.6
PF18542	25
PF22108	26
PF02269	27
PF02291	29
PF03847	27
PF04494	22
PF11521	22
PF02002	22.9
PF02186	28.1
PF05793	27.1
PF02270	23
PF17683	25
PF22110	27
PF12657	27
PF10419	22.7
PF07500	29.2
PF31031	27
PF04994	23.1
PF04993	30.1
PF27470	27
PF04253	27.1
PF07812	30
PF14601	27
PF03299	24.6
PF28539	27
PF03529	25
PF16683	25
PF02495	27
PF26060	27
PF00688	25.8
PF00019	27
PF08515	21.3
PF18250	27
PF20085	23.7
PF11476	28
PF11992	30
PF02824	22.2
PF01702	26.3
PF14809	25.3
PF14810	25.3
PF04858	24
PF15514	25
PF05485	23.9
PF08768	25
PF22824	27.6
PF00314	27.4
PF18362	25
PF25444	27
PF22767	27.7
PF14789	25
PF14790	25
PF14805	25
PF24756	27
PF14912	8
PF15834	27
PF20754	24
PF10015	52.8
PF05317	25
PF00763	32.8
PF02882	27
PF04446	29.2
PF14413	26.3
PF06454	25
PF01946	26.2
PF22141	27
PF22156	27
PF01910	24.9
PF09515	25.8
PF13667	27
PF01964	25
PF17792	23.5
PF00899	28.1
PF05690	23
PF02568	20.5
PF22025	25
PF17124	30
PF10120	25
PF00975	26.4
PF02803	27
PF22691	28
PF00108	26.4
PF01289	25
PF17440	28.2
PF00321	23.6
PF28677	28.1
PF19409	23.5
PF00085	23.5
PF26957	27.1
PF26973	26.2
PF26968	25.8
PF26959	27
PF26981	27
PF17991	27.1
PF18078	22.9
PF18400	26.1
PF18401	26
PF18402	30
PF18403	27.4
PF18569	26.5
PF21873	24.8
PF13098	27
PF13192	24.8
PF13462	23.2
PF13743	27
PF13848	27
PF13899	27
PF13905	27
PF14595	25
PF03190	27
PF24541	27
PF24470	35
PF02597	22.5
PF14453	26
PF28077	27
PF09512	30.3
PF21275	27
PF18592	26.8
PF11262	23.1
PF11732	27
PF16134	27
PF05615	28.7
PF09432	28
PF24857	27
PF15440	27
PF06738	26.3
PF12821	27
PF09396	27
PF29901	27
PF00585	27
PF29903	27
PF29904	27
PF14821	25
PF20016	25
PF08937	21.2
PF24310	27
PF24311	27
PF24306	27
PF04163	21
PF06283	33.4
PF02926	20.6
PF18096	26
PF23188	27.2
PF17070	29.7
PF02511	24.8
PF11264	27
PF02223	27
PF00303	24.3
PF08198	28.6
PF01290	24.8
PF00086	20.6
PF16597	27.2
PF29239	27
PF21417	27
PF29894	27
PF18385	25
PF08489	21
PF22641	27
PF21129	27
PF16940	27
PF16166	28.6
PF04278	23
PF06200	27
PF01833	19.7
PF31230	27
PF29968	27
PF29966	27
PF18020	23.4
PF17960	22.7
PF20144	24
PF01826	24.5
PF12714	27
PF09179	21
PF22132	30
PF11734	22
PF28558	27
PF22897	16
PF25962	24.6
PF00121	20.1
PF23916	27
PF25506	27
PF23845	27
PF30912	109.2
PF29083	27
PF30914	29.7
PF02466	32.7
PF08294	24.1
PF10171	25
PF04280	29.6
PF11711	34.7
PF04821	25
PF05029	23.8
PF00965	23.1
PF30542	27
PF28340	27
PF28643	27
PF14973	29.4
PF08623	25.9
PF14980	27
PF04176	25
PF06068	23.8
PF17856	24.5
PF16753	26.6
PF07739	23.8
PF28027	27
PF16972	26
PF12457	22.2
PF01582	21.3
PF13676	28
PF18567	26.1
PF07489	25
PF03549	25
PF07490	25
PF04553	22.5
PF24154	27
PF13939	25
PF01108	27
PF09042	21.5
PF00265	20.6
PF18237	26.5
PF15041	27
PF20995	28
PF11394	28.7
PF03219	21
PF07534	24.5
PF10908	30.1
PF24322	27
PF11678	23
PF03920	32
PF24316	27
PF18426	25
PF18443	26.5
PF11845	24.1
PF21865	27
PF19824	25
PF06088	27
PF18313	26.1
PF17968	25
PF00429	22.5
PF26978	27.1
PF26971	27
PF21699	27
PF14985	30
PF08973	27
PF14512	27
PF05154	27.9
PF25452	27
PF10149	23.2
PF17685	25
PF13886	29.2
PF11176	22.7
PF26729	26.6
PF09072	27
PF07810	25
PF08351	22.1
PF15844	27
PF14992	32.2
PF30746	94.2
PF24357	27
PF24097	27
PF16311	34
PF15111	27
PF07092	24
PF21002	24.5
PF14995	26
PF15759	27
PF30689	43.8
PF15113	27
PF15724	27
PF07851	29.8
PF15109	27
PF07114	25
PF23408	24
PF20517	25.3
PF20479	23.9
PF29721	27
PF29720	27
PF12371	28.8
PF23039	27
PF15706	27
PF15705	27
PF15982	27
PF14935	27
PF15110	27
PF07857	26.2
PF21892	28.1
PF14857	27
PF15102	30.3
PF15106	27
PF27962	27
PF27853	28
PF14808	25
PF15052	27
PF10190	29.5
PF15471	27
PF15029	27
PF06736	25
PF29156	34.8
PF14770	26.9
PF21885	27.5
PF27923	27
PF15100	27
PF15431	25
PF15194	32.7
PF14802	25
PF15122	27
PF05620	22.9
PF15195	27
PF15192	27
PF10151	27
PF15746	27
PF25810	27
PF14940	27
PF15071	27
PF15877	27
PF10639	30.1
PF15383	28.1
PF15125	27
PF15841	27
PF15207	27
PF15444	27
PF15158	25
PF15190	27
PF15664	27
PF14934	26.1
PF09772	22.2
PF28495	27
PF11028	24.2
PF15837	27
PF28754	27
PF29362	27
PF03661	24
PF15108	31.7
PF15817	27
PF07787	23.3
PF15345	25.5
PF14979	26.4
PF15105	30.1
PF24394	21
PF10507	25
PF06979	22
PF15121	27
PF16054	29
PF29006	27
PF15816	27
PF21901	24.9
PF27917	27
PF15098	27
PF31127	27
PF15203	27
PF28128	27
PF03647	24.8
PF10268	18.5
PF10269	23.1
PF09771	29.9
PF10160	25
PF09788	30
PF05434	28.6
PF10267	32.8
PF11044	25
PF05915	26.8
PF12329	35
PF12325	29.1
PF16038	27
PF28919	27
PF06234	25
PF05017	2.9
PF02581	27
PF10271	28
PF06791	30.2
PF20155	41
PF24622	27
PF24165	27
PF24164	27
PF25904	24.6
PF08409	27
PF00721	26.5
PF21314	27.1
PF04982	27.2
PF16296	31.4
PF25471	37.1
PF26083	27
PF08721	23.4
PF08722	26.5
PF11426	27.9
PF09035	22.9
PF08053	25
PF00229	23
PF05527	22.5
PF28896	27
PF18422	25.6
PF00020	20.6
PF23091	33.2
PF28791	27
PF25314	20
PF28883	27
PF05621	22.4
PF27887	27
PF06527	27
PF21788	24.8
PF21789	24
PF21787	24.6
PF05717	26.6
PF28119	27
PF14198	27
PF14202	25
PF17490	22.2
PF17489	22.2
PF30517	27
PF14706	24
PF30413	27
PF30445	27
PF30461	27
PF30374	27
PF12017	23
PF12596	22.6
PF27736	27
PF16608	25
PF29687	27
PF29688	35.8
PF27165	27
PF15978	32.4
PF18623	27
PF14021	27
PF03898	30.8
PF22744	27
PF17115	27.7
PF03459	22.3
PF08402	21
PF12857	27
PF05271	22.5
PF11886	25
PF14249	26.6
PF04765	21.4
PF22050	27
PF27581	27
PF27592	27
PF27570	23.7
PF28295	49.2
PF12549	21.1
PF06519	25
PF16331	30.1
PF15869	29.2
PF04052	22.4
PF03349	29.7
PF08219	25
PF06552	20.6
PF04281	28.7
PF10568	25.1
PF11801	27.9
PF10642	26.1
PF27930	35
PF17112	18.8
PF15184	27
PF08038	27
PF05318	21.3
PF03220	25
PF08500	28.2
PF20896	27
PF13103	22
PF03544	24.6
PF00593	27
PF16031	33
PF21338	27
PF21180	24.1
PF18000	28.6
PF21298	27.5
PF09239	24
PF21616	27
PF01131	35.1
PF01028	23.7
PF02919	25
PF22409	27
PF28728	27
PF14370	25.1
PF20768	23.6
PF01751	23.1
PF13155	22.1
PF13362	27.2
PF13662	25
PF16898	29
PF13342	32
PF13368	22.3
PF19310	27
PF21376	27
PF24713	27.8
PF24714	43.3
PF29414	27
PF12886	26
PF12885	27
PF12884	25
PF06309	27
PF21689	48.2
PF16131	29
PF23006	25
PF21468	27
PF03231	25
PF01533	27
PF29128	27
PF05518	27
PF09121	25
PF15633	25
PF15634	25
PF15636	25
PF15635	25
PF15656	28.3
PF15657	25
PF15637	26.1
PF15638	25
PF15639	27.9
PF15640	25
PF15641	27.3
PF15642	25
PF13665	31
PF15643	25
PF15645	28.4
PF15646	28
PF15647	25
PF15648	25
PF15649	25
PF15650	28.1
PF15651	25
PF15652	28.5
PF15653	20
PF15654	25
PF22771	27
PF20178	27
PF18224	28.4
PF14424	29.6
PF15659	29.3
PF05431	28.6
PF07473	25
PF07740	27.5
PF07822	21
PF07829	25
PF07906	25
PF07945	25
PF08086	25
PF08087	24.3
PF08088	23.2
PF00451	25.1
PF08089	25
PF08091	21
PF08092	25
PF08093	22.2
PF08094	25
PF08095	25
PF08097	25
PF08099	25
PF08115	25
PF08116	25
PF00537	21.5
PF08117	24.5
PF08119	25
PF08120	25
PF08121	25
PF08396	21.1
PF10530	26.8
PF10550	25
PF11415	25
PF00706	27
PF05294	25
PF05453	25
PF05980	27
PF07365	21.6
PF02819	21.3
PF22133	52.2
PF21947	25.3
PF10753	27
PF07951	25
PF07953	23.8
PF26137	27
PF00087	21.2
PF11584	25
PF07952	25
PF26319	27
PF11663	35
PF13958	25
PF21609	27
PF17323	27
PF22404	27
PF29212	27
PF30314	27
PF30731	27
PF29224	27
PF29223	27
PF29245	27
PF29184	27
PF29215	27
PF20740	27
PF29230	27
PF29243	27
PF29205	27
PF29206	27
PF29199	27
PF27299	27.8
PF29248	27
PF29246	27
PF29193	27
PF29296	34.1
PF27489	27
PF02079	27
PF01254	25
PF15331	27
PF04406	26
PF29225	27
PF12642	27
PF28826	27
PF14811	27
PF24068	27
PF04201	25
PF24480	27
PF13868	27
PF16823	25
PF15338	27
PF04265	22
PF04263	30.7
PF28631	27
PF28665	27
PF05724	26
PF04536	22.1
PF30510	27
PF10341	26.5
PF12580	29.7
PF12583	27.7
PF21316	27.3
PF21223	27
PF02775	21.9
PF00205	30.4
PF16582	30.1
PF02776	26.8
PF25785	27
PF27737	27
PF27738	27
PF20308	27.6
PF21889	27
PF00515	27.8
PF13374	14.7
PF13414	26.8
PF13424	30.1
PF13428	23.5
PF13429	26.2
PF13432	15.5
PF13431	21.9
PF13512	21.9
PF14559	25
PF07719	22.9
PF14561	25
PF09976	25.5
PF18833	27.2
PF23275	27
PF23276	22.4
PF23279	27
PF23280	27
PF23310	27
PF23325	27.8
PF07720	11
PF24603	29.7
PF07721	10
PF12688	10
PF13174	12.2
PF13176	14
PF13181	11.8
PF13371	35
PF27483	27
PF25773	27
PF25153	27
PF25154	27
PF25245	27
PF25360	27
PF26719	26
PF26717	27
PF25575	42.2
PF25782	32.8
PF23914	42
PF25571	27
PF25439	27
PF25503	27
PF23953	33
PF26718	27
PF26167	26.6
PF25570	27
PF25757	27
PF23554	27
PF28208	27
PF24601	26.6
PF26706	31.9
PF24597	26.7
PF24293	27
PF23723	27
PF23878	28
PF22890	27
PF26103	27
PF26573	27
PF26106	25
PF25110	27
PF25113	27
PF29931	27
PF23774	33
PF23758	27
PF23757	27
PF24762	26.8
PF24760	27.4
PF25768	27
PF25295	75
PF23387	25.6
PF25574	27.6
PF25756	27
PF26722	27
PF26725	27
PF25758	27
PF25780	26
PF25808	27
PF23557	27
PF17874	45
PF07926	36
PF26720	27
PF29814	27
PF25789	27
PF26702	27
PF24885	100
PF23354	27.2
PF23347	27.1
PF23558	27
PF25761	27
PF23356	27.5
PF26724	27
PF30216	27
PF30261	27
PF31234	27
PF25573	27
PF25580	27
PF25576	27
PF25766	27
PF26713	27
PF30047	27
PF12931	22
PF24575	35.2
PF28151	27
PF28559	27
PF25567	27
PF25563	31.4
PF25577	27
PF25781	27
PF25474	27
PF24138	27
PF24140	27
PF24139	27
PF26251	24.7
PF25579	33.7
PF25150	27
PF25151	27
PF24176	27
PF26245	27
PF24181	27
PF24173	27
PF01347	24
PF23556	28.8
PF12816	27
PF25066	26.2
PF23753	27
PF25170	27
PF26714	31.9
PF25795	27
PF30154	27
PF30153	27
PF25569	27
PF25572	27
PF05860	33.5
PF03151	30
PF06886	13.2
PF12214	29.5
PF27194	27
PF27388	27.5
PF27362	27
PF29795	27
PF29796	27
PF27340	27
PF29827	27
PF27359	27
PF27487	27
PF30234	27
PF30233	27
PF27208	27
PF29817	27
PF27414	27
PF30105	27
PF29801	27
PF27399	27
PF27476	27
PF29701	27
PF27335	27
PF29812	27
PF29227	27
PF29226	27
PF29228	27
PF30168	27
PF27395	27
PF29670	27
PF27485	27
PF29818	27
PF29788	27
PF30112	27
PF30315	27
PF30313	27
PF27420	27
PF27400	27
PF29819	27
PF27497	27
PF27498	27
PF29810	27
PF29940	27
PF30316	27
PF27332	27
PF29747	27
PF17131	30
PF27435	27
PF27427	27
PF27421	27
PF27440	27
PF27392	27
PF29783	27
PF27391	27
PF26342	27
PF00590	27.8
PF18202	11.1
PF11052	20.9
PF21985	27
PF02343	27
PF20175	27
PF20206	27
PF27591	27
PF27573	27
PF27590	27
PF27572	27
PF05513	22.6
PF28214	27
PF22807	30
PF29196	27
PF01963	26.8
PF07820	27.7
PF26593	27
PF11130	28.1
PF06412	22.3
PF20694	23.7
PF09034	25
PF27712	27
PF27461	27
PF12615	25
PF05309	24.8
PF13728	23
PF21355	27.4
PF21341	27
PF21363	26.9
PF18048	27.4
PF21366	27
PF13729	25
PF16673	30.5
PF23651	27
PF12696	22
PF07916	36.1
PF06122	25
PF06871	26.3
PF22351	27
PF22287	28
PF07514	23.9
PF18340	27.6
PF07515	27.3
PF07057	27
PF22232	27
PF22863	27.6
PF27685	27
PF20739	25
PF23536	28.5
PF06586	24.8
PF07178	24.4
PF13150	27
PF01938	21
PF18693	27
PF03798	24.6
PF11507	21
PF04949	27.5
PF01709	27
PF02458	22.7
PF00405	20.3
PF06495	26.7
PF27668	27
PF00927	26.6
PF01841	23
PF13369	23.5
PF13471	26
PF14400	25
PF00868	27
PF09017	25
PF00912	27
PF06737	27
PF04226	25.3
PF02780	25.9
PF22613	27
PF00456	22
PF02779	27
PF01818	25
PF01997	25.9
PF09799	26
PF00905	22.1
PF28576	27
PF28574	27
PF11431	24.3
PF01359	24
PF02371	21.3
PF02992	28.6
PF02994	22.4
PF03017	21
PF03004	28.7
PF04195	26.2
PF21804	27
PF04754	21
PF00872	21
PF12508	25.1
PF13963	27.7
PF02133	23.5
PF18791	29
PF04236	26.4
PF00576	25.3
PF16805	25
PF00486	26.2
PF20109	23.8
PF10626	25
PF07296	25
PF05404	25
PF07074	25.2
PF04051	27
PF23652	28
PF15806	27
PF12739	26.7
PF30303	24
PF23036	27
PF12584	22.5
PF29907	27
PF23643	27.9
PF23647	27.7
PF06159	25.3
PF08626	24.7
PF03896	24.7
PF05753	22.4
PF09679	25
PF12988	27
PF10624	27.4
PF31086	27
PF24273	27
PF24900	27
PF05818	31
PF06834	26.5
PF08164	20.3
PF09676	21
PF28212	27.4
PF12477	22.7
PF05857	25
PF28070	27
PF05509	21.3
PF05261	28
PF04956	27.9
PF09673	24.2
PF11100	25
PF07283	25
PF03743	35
PF09677	27.4
PF20084	23.9
PF04610	25.9
PF19478	27
PF19590	27
PF19597	27
PF19511	25
PF07424	21
PF13705	27
PF03461	25
PF29544	27
PF06242	22.2
PF03546	23
PF00088	21
PF01204	21
PF29200	27
PF07492	25
PF02358	27
PF06151	21
PF19291	23.1
PF28092	27
PF09710	25.3
PF09605	28.7
PF15292	27
PF21854	26.5
PF21855	24.2
PF27036	27
PF24691	27
PF21269	27
PF08558	25
PF07042	22
PF05438	27.8
PF24465	27
PF24533	27
PF22664	27
PF06609	23.2
PF07428	23.5
PF23135	27.8
PF06330	25.2
PF08195	25
PF03973	21
PF05197	25.9
PF05892	27
PF26550	102.5
PF14684	24
PF26549	70
PF17798	23.1
PF05698	22.7
PF05697	22.2
PF08954	27
PF25600	30
PF23563	27
PF23134	27.7
PF15168	27
PF26750	27
PF30864	27
PF28914	27
PF24689	27.8
PF02080	27
PF02254	22.8
PF18613	25
PF02386	27
PF13146	25
PF02005	27
PF27381	27
PF27379	27
PF27369	27
PF27368	27
PF27710	27
PF03966	22
PF05206	26
PF02475	28
PF01994	25
PF18093	22.7
PF26523	27
PF30361	27
PF01978	25.6
PF31112	27
PF11495	22.2
PF10396	29.8
PF14801	24
PF30410	27
PF04816	27
PF18389	27.1
PF01980	26.8
PF26958	27
PF00133	22.7
PF00579	21.1
PF00749	23.4
PF03950	23.9
PF20974	23.9
PF00750	23.3
PF01406	27
PF01921	27
PF09334	20.1
PF13603	25
PF00152	25
PF00587	29.3
PF01411	30.3
PF01409	19.8
PF02091	27
PF16995	26.8
PF13393	25
PF08915	30.2
PF17654	27
PF01336	27
PF12869	23.5
PF13742	27
PF01588	27
PF13725	27
PF17176	27
PF18490	30.1
PF04414	33.6
PF04073	25.5
PF01974	27
PF02778	21
PF12928	24
PF22355	26
PF08302	23
PF08303	22.7
PF01746	27.3
PF03054	20.6
PF20258	20.6
PF20259	27
PF13735	27
PF09249	27
PF07973	24
PF17759	22.4
PF04558	28.6
PF04557	25.1
PF02092	29.2
PF05958	23
PF28111	27
PF02583	22.8
PF03250	23.3
PF00261	38.6
PF00992	26.2
PF11636	26
PF05731	23
PF06011	28.5
PF02081	21.3
PF25508	27
PF28284	27
PF16519	26.6
PF17099	27.2
PF08344	27
PF03301	34.9
PF11991	25
PF04820	21
PF08055	27.9
PF08056	27
PF14558	27
PF09534	29.6
PF01371	27
PF18669	27.1
PF00290	27
PF03222	22
PF24965	25
PF12500	25
PF09157	21
PF09142	28.7
PF16198	29.3
PF01509	27.3
PF01142	27
PF10412	20.5
PF08751	25
PF29573	27
PF29572	27
PF00913	22.1
PF10659	4.6
PF05887	100
PF19493	24.6
PF19631	24.2
PF00089	20.6
PF13365	27.6
PF00234	21.7
PF08248	17.7
PF17983	25
PF12319	22.8
PF03249	27
PF00814	24.8
PF02367	26.6
PF27846	35
PF30965	27
PF15217	25
PF01166	30
PF15079	27.7
PF23767	27
PF12637	22.8
PF27716	27
PF07342	27
PF17881	26.5
PF25218	27
PF26577	27
PF04668	25
PF14994	27
PF07771	22.6
PF23782	25
PF23046	22.4
PF21565	27
PF22211	26
PF18660	27
PF11876	25
PF27447	27
PF20889	28.4
PF15358	27
PF15216	27
PF22012	27
PF15739	27
PF04705	27.7
PF26315	27
PF27986	27
PF23260	27
PF19030	23.8
PF19035	27
PF22195	27
PF19028	41
PF23308	27
PF20894	25
PF18884	10
PF06300	25
PF11493	25
PF30661	27
PF03073	24
PF00090	12
PF02412	13.6
PF05735	25.6
PF20745	27.9
PF17804	26.4
PF18487	25
PF11061	25
PF22298	27
PF17541	25
PF15264	27
PF29553	25
PF29554	24
PF17642	25.8
PF17555	30.3
PF17561	29.2
PF17643	28
PF20781	25.7
PF20780	27
PF20782	25.7
PF23949	27
PF17397	25.8
PF22925	27
PF22150	27
PF22149	27
PF24650	27.6
PF30989	27
PF30990	27
PF26117	27
PF24525	27
PF24905	27
PF19179	26.9
PF16669	30
PF19440	27
PF18807	27.4
PF12148	29.1
PF22190	27.4
PF18197	26.6
PF21547	27
PF10521	25.2
PF03133	20.1
PF28682	27
PF01060	24.9
PF14203	27
PF25020	27
PF22082	27
PF02956	27
PF02957	24.3
PF08197	22.1
PF01167	27
PF23728	24.6
PF18563	26
PF17212	22.3
PF12198	25
PF03542	27
PF00091	33
PF00418	27
PF25779	22
PF13809	27
PF14881	30
PF03953	26.6
PF22453	26
PF21493	28.3
PF22334	27
PF22340	27
PF16322	28.4
PF00567	23
PF11717	20.8
PF18339	26.3
PF18104	31.4
PF18115	25.8
PF18358	25.8
PF18359	31
PF23086	27
PF29221	27
PF18336	25.9
PF22987	27
PF24047	27
PF18337	26.4
PF30463	39
PF11470	23.3
PF17840	27.7
PF20126	23.4
PF30082	27
PF21954	27.9
PF08581	28.7
PF07240	27.6
PF01206	28.6
PF28489	37
PF15000	25
PF19088	25.8
PF16631	25
PF25827	27
PF27354	27
PF04906	31.8
PF20868	40.3
PF06110	23.1
PF18711	28.1
PF26234	27
PF24509	27
PF24510	27
PF24508	27
PF22551	27
PF22553	27
PF22552	27
PF19259	29.1
PF29703	27
PF29829	27
PF29702	27
PF01021	22.9
PF09059	21.1
PF05711	23
PF03251	25
PF00983	25
PF12564	25
PF21665	27
PF09477	32.1
PF09474	27
PF21305	27
PF18135	25.9
PF06087	22
PF26213	27
PF00264	22.6
PF18132	26.9
PF29409	27
PF16714	30.6
PF02580	24
PF21391	27.2
PF30198	27
PF26683	24.7
PF25132	27.8
PF25133	27.7
PF02676	27
PF02217	25
PF15128	27
PF12261	27
PF04564	21.4
PF25998	27
PF12220	23
PF12397	34.4
PF08640	24.7
PF08297	27.4
PF10597	33
PF10596	29.8
PF17442	25
PF17474	25
PF03064	27
PF17465	25
PF22040	28.2
PF08449	26.2
PF14732	30.8
PF05234	20.8
PF14451	23
PF03658	23.7
PF14814	27
PF00627	22.4
PF16195	25
PF21267	27
PF20513	27.8
PF28191	29
PF12478	22.2
PF26286	23.8
PF08587	23
PF09288	20.4
PF14555	21.8
PF16577	27
PF18039	23.5
PF22562	27
PF22566	26
PF22567	27
PF21235	26.9
PF26000	22.9
PF24767	27
PF21290	27.2
PF21115	27
PF23149	27
PF24899	27
PF27513	27
PF10585	21
PF31077	27
PF16678	22.4
PF19026	27
PF21594	27
PF23053	27
PF23054	27
PF28512	27
PF24932	27
PF28552	34.1
PF28528	39.5
PF24975	27
PF24559	27
PF28551	27
PF26112	27
PF25163	27
PF28508	27
PF23312	27
PF28526	26.5
PF28540	27
PF27606	27
PF23009	27
PF16455	27
PF01040	34.2
PF27517	27.9
PF27536	27
PF01977	23.3
PF20696	24.2
PF20695	24.3
PF01209	20.1
PF29219	27
PF09145	27
PF09165	22.9
PF00240	21.2
PF14560	13
PF14836	24
PF18036	22.8
PF18037	24.6
PF23092	27
PF25565	27
PF25510	30.4
PF26214	27
PF23567	22
PF25525	27
PF25442	27
PF23603	27
PF25242	27
PF25985	22.2
PF03981	21.5
PF22932	24.3
PF26960	27
PF26970	27
PF23164	27
PF29299	27
PF23326	27
PF25822	23.2
PF11816	35
PF25327	27
PF14377	5
PF14075	25
PF23195	23.6
PF24079	27
PF30857	27
PF30838	23
PF30837	25
PF31011	27
PF29959	27
PF00789	21
PF23187	24
PF15750	25
PF29147	27
PF29146	27
PF00443	23.9
PF13423	22.2
PF18031	26
PF16674	25
PF22900	24
PF17085	27.6
PF27690	27
PF27658	27
PF27701	27
PF27702	27
PF27703	27
PF27705	27
PF27707	35
PF27709	27
PF27664	27
PF27713	27
PF27714	27
PF27715	27
PF27718	27
PF27721	27
PF27723	27
PF27726	27
PF27665	31
PF27727	27
PF27728	27
PF27729	27
PF27730	27
PF27731	27
PF27732	27
PF27733	27
PF27747	27
PF27752	27
PF27754	27
PF27755	27
PF27765	33
PF27766	27
PF27768	27
PF27683	27
PF27770	27
PF02939	25.2
PF02271	27
PF08997	24.5
PF10399	24
PF02320	27.2
PF02921	23
PF05365	27
PF03456	21.5
PF03167	24.3
PF20763	24.1
PF18880	25
PF06427	26.2
PF01704	22
PF00201	19.5
PF00984	25.4
PF03720	28.3
PF03721	27
PF15456	28.8
PF05743	27
PF08694	25
PF03152	29
PF24842	37
PF10408	20.4
PF23659	27
PF25041	24
PF03671	27
PF26560	27
PF20908	25.6
PF22084	27
PF29480	27
PF29508	27
PF24696	25
PF28746	27
PF02809	2.9
PF23625	2
PF02512	25
PF11094	21.4
PF25700	25
PF25733	27
PF16758	35
PF25719	27
PF25726	27
PF17622	25
PF17640	25
PF08196	27
PF17582	27
PF17636	27
PF10682	27
PF17591	29.7
PF17638	25
PF05473	27
PF12522	20.3
PF25727	27
PF25707	50
PF06734	25
PF16534	27
PF22893	24.5
PF22947	27
PF26374	27
PF26377	27
PF25841	27
PF25840	27
PF05685	27
PF30297	27
PF29109	27
PF29110	27
PF04817	25
PF08064	23.2
PF05348	26
PF28671	31.7
PF05822	23.7
PF07593	23.4
PF05216	22.1
PF14776	36
PF05978	22.9
PF15435	27
PF27629	27
PF27630	27
PF11701	25
PF25609	27
PF19424	22.7
PF20262	22.1
PF15778	27
PF29149	27
PF29152	27
PF29142	27
PF27700	27
PF15972	27
PF09720	23.3
PF11543	21.9
PF17217	27
PF23679	27
PF00021	10
PF16975	31.5
PF17809	22.7
PF23640	27
PF00919	27
PF03649	22.6
PF01170	22.3
PF01893	25
PF02694	24.9
PF03653	34.2
PF02021	23.6
PF03657	23.8
PF03350	23.1
PF04297	22.7
PF03673	21
PF03677	34
PF03686	26
PF03685	23.6
PF03695	25
PF21748	27.3
PF03672	27.1
PF03682	21.1
PF03687	21.4
PF03691	25
PF03665	24.4
PF03683	27.9
PF17773	26.2
PF03684	25
PF03698	25.4
PF03701	23.5
PF03699	27
PF03670	21.5
PF05250	23.3
PF05254	27
PF05255	25
PF05256	25
PF05728	21
PF05727	25
PF06062	25
PF06782	24.3
PF06783	25.4
PF06784	25
PF06785	33.5
PF06786	27
PF06788	25
PF06790	48.7
PF06792	27
PF23189	27
PF06793	25
PF06794	25.6
PF08594	25
PF26303	30
PF26132	27
PF13980	28.1
PF27791	27.6
PF22583	27
PF26369	27
PF15475	27.6
PF15136	27
PF15744	27
PF11703	23.2
PF29080	27
PF28623	27
PF28625	27
PF28624	27
PF15135	29.8
PF15823	27
PF29453	27
PF15086	27
PF10571	29
PF10574	22.2
PF10572	25
PF10573	25
PF15114	27
PF29516	50
PF17065	27
PF15772	27
PF15117	27
PF17094	27
PF15092	27
PF15827	25
PF14982	27
PF19785	27
PF20582	27.1
PF15990	27
PF18141	28.5
PF09416	25
PF04050	29.8
PF28951	27
PF14681	27
PF28173	27
PF06603	27
PF20180	27.9
PF15141	33.6
PF28735	27
PF00179	27
PF06181	26.9
PF10441	27.1
PF00449	23
PF00699	25
PF00547	23.9
PF18473	26.3
PF01774	27
PF05194	23
PF02814	26.9
PF01730	23.3
PF07168	27
PF04115	23
PF25496	27
PF25683	55
PF26773	27
PF01014	25
PF09138	21.8
PF01208	23.9
PF01175	23.2
PF17392	23.6
PF17391	23.2
PF07353	21.3
PF02083	18.6
PF17617	27
PF28936	27
PF29341	27
PF02476	25
PF02393	35
PF25728	27
PF17624	27
PF17616	27
PF30006	27
PF30004	27
PF30008	27
PF30009	27
PF09753	38.3
PF06233	27
PF21219	27
PF10506	24.5
PF00577	27.1
PF17271	25
PF04871	28.4
PF04869	28.2
PF28829	27
PF00582	24
PF24543	27
PF16602	30
PF25265	27
PF21246	27
PF19718	27.3
PF14533	29.4
PF12436	27
PF08969	24.6
PF08941	25
PF18792	16
PF10625	28.6
PF21909	27
PF05722	28.1
PF11807	25
PF03253	25
PF01099	24.8
PF03998	25
PF04003	31.5
PF08625	25.9
PF04615	30.2
PF09384	33.1
PF20416	27
PF23099	27
PF07539	27.6
PF04192	30.8
PF24779	15
PF06862	32.8
PF22916	27
PF24892	27
PF10395	26
PF22542	22.9
PF07702	23.8
PF28458	27
PF29782	27
PF27360	27.1
PF29768	27
PF27304	27
PF24160	20.7
PF04884	28.3
PF03851	24
PF02151	21.5
PF17755	23.2
PF17760	23.3
PF12344	27
PF27431	27
PF17757	22.9
PF27096	27
PF22920	24.3
PF08459	22.3
PF00580	23
PF13361	25.6
PF13538	27.4
PF20867	23.8
PF11637	27
PF21241	25.3
PF11056	22.8
PF02614	25
PF16257	27.1
PF11803	30.1
PF03786	23.7
PF23683	27
PF03223	23.1
PF03179	28.6
PF16999	28
PF11698	27.2
PF03224	25.7
PF23489	27
PF21608	27
PF07686	26
PF15910	28
PF08204	21
PF05008	25.9
PF12352	27.1
PF01639	25
PF21507	27
PF03402	25
PF08983	25
PF02830	31
PF29876	27
PF12755	22.1
PF11916	25
PF17321	27
PF12751	28.7
PF02691	27
PF03077	27
PF29188	27
PF02346	27.6
PF09783	27
PF15310	26
PF26829	27
PF10458	25.9
PF11437	25
PF19112	23.5
PF19018	23.4
PF04294	27
PF02557	25
PF04892	30.1
PF23719	27
PF02697	27.9
PF09957	23.4
PF26343	27
PF05272	25
PF29905	27
PF05316	33
PF14383	21.2
PF05827	26.9
PF15337	27
PF11319	26.5
PF12486	27.3
PF14822	24
PF08776	25.8
PF16016	27
PF20249	27
PF18716	26.6
PF01992	29
PF01991	24.2
PF01505	27
PF17794	23.6
PF17795	28.8
PF17796	22.9
PF18495	25.9
PF08913	21
PF23742	27
PF11993	25
PF04018	26
PF20792	27
PF18315	26.7
PF19437	27
PF22778	27.7
PF17897	29.3
PF27193	27
PF15231	27
PF08476	25
PF07137	25.7
PF31273	27
PF09733	23
PF06257	25
PF27240	27
PF21339	27
PF17988	25
PF22854	35.4
PF14554	40
PF24700	27.7
PF12107	20.8
PF10339	23
PF11754	25
PF28379	27
PF11386	25
PF25272	27.2
PF30298	27
PF28388	27
PF06546	23
PF06529	25
PF28973	27
PF28221	27
PF29327	27.9
PF12785	22
PF06326	27.9
PF05332	27.7
PF15505	25
PF12632	22.3
PF09905	27
PF08432	27.3
PF28034	27
PF25310	26
PF25743	27
PF24684	50
PF08473	22
PF12052	25.1
PF30994	27
PF15245	27
PF16799	28.9
PF07545	27
PF01847	21
PF17211	22.4
PF02209	27
PF04001	25
PF00790	29.8
PF30736	27
PF30376	27
PF04702	26.7
PF22364	27
PF08553	22.1
PF17748	27
PF17747	23.2
PF30130	27
PF30127	27
PF00559	27
PF14773	21
PF23380	27
PF01044	38.1
PF21124	27
PF14623	27
PF18234	25
PF12495	25
PF05943	27
PF18945	27
PF22140	27
PF20876	27
PF22575	29.5
PF01771	20
PF04530	23.2
PF00729	23
PF08008	27.8
PF02236	28.1
PF00747	25
PF03728	25
PF11050	25
PF26255	27
PF25741	27
PF01443	21
PF03225	25
PF05515	23
PF04521	25.9
PF02407	26
PF12187	20.1
PF05101	23.9
PF27097	27
PF17413	25
PF04335	23.2
PF07015	24
PF07181	25
PF07328	28.2
PF09266	27
PF12189	25
PF07229	27
PF06661	20.3
PF11653	25
PF06057	22
PF06903	28
PF13769	25
PF13310	33.7
PF10139	28.1
PF03631	33.7
PF10400	22.4
PF15912	27.7
PF08487	26.5
PF01988	28.1
PF09164	27
PF10542	25
PF29934	27
PF02621	26
PF13757	23
PF09175	27
PF09172	23.7
PF22777	27.7
PF07884	27.5
PF26571	27
PF29012	27
PF07122	27
PF11712	25.5
PF09446	29.5
PF21730	28
PF20028	27
PF19916	25.9
PF19963	25
PF20015	27
PF20018	27
PF20017	27
PF20021	27
PF20022	27
PF19965	27
PF20019	27
PF19966	27
PF19967	27
PF19968	27
PF19969	27
PF19970	27
PF01660	27
PF08456	25
PF27639	27
PF17055	27
PF00695	29.1
PF24397	27
PF25216	35
PF03517	22.1
PF00654	24.8
PF29321	27
PF03762	25
PF27963	27
PF27964	42.7
PF20793	27
PF29201	27
PF28235	27
PF21416	27
PF22024	27.7
PF22210	27
PF00740	27
PF20855	27
PF06281	25
PF23370	27
PF28910	27
PF23371	27
PF23369	27
PF05801	25
PF26064	27
PF18965	25
PF08935	22.2
PF00426	25
PF17478	27
PF20807	22.4
PF00434	25
PF09625	27
PF28121	32
PF28206	27
PF18205	25
PF27847	27.7
PF20915	27
PF00522	25.5
PF12451	25
PF23266	27
PF25037	21
PF25033	50
PF12624	80
PF25036	22.6
PF04840	21
PF04841	23.4
PF26148	22.1
PF28736	27
PF28737	35
PF09454	26.8
PF03643	27
PF21356	27
PF03997	24.5
PF03635	35
PF30377	27
PF27614	27
PF16988	27
PF11605	24.1
PF17649	25.2
PF12955	27
PF10366	22
PF29745	27
PF29748	27
PF09336	21.3
PF09325	27
PF08700	24.2
PF20655	24.1
PF04129	26.5
PF16854	24.7
PF04100	26
PF07928	27
PF10475	27
PF04133	24.6
PF06101	22.1
PF29961	27
PF25157	27
PF02204	27
PF20161	23.7
PF21155	27
PF00558	24
PF26597	21.7
PF11475	27
PF05678	20.5
PF27762	27
PF28153	27
PF17412	25
PF21769	29.1
PF21867	28.5
PF21624	29.4
PF03538	22
PF08774	23.8
PF29633	27
PF13206	25
PF03302	31.4
PF27192	27
PF27213	27
PF03852	27
PF25011	27
PF28389	27
PF04652	26.8
PF18097	26.3
PF09359	23
PF29060	27
PF22100	28.4
PF22280	27
PF25479	27
PF09335	33.9
PF20973	27
PF27761	29.9
PF02592	27.2
PF28055	27
PF29436	27
PF00092	23.8
PF10138	29.4
PF23610	27
PF25107	27.5
PF14624	23.5
PF13519	27
PF13768	5.2
PF18571	25.8
PF25106	27
PF05762	26.4
PF31243	27
PF12257	26.2
PF29976	27
PF08399	34.7
PF16164	27
PF25045	27.7
PF30231	33
PF24909	27
PF00093	27.6
PF23333	27
PF23334	27.4
PF23331	27
PF28672	28.6
PF00094	22.9
PF26129	27
PF23244	27
PF12450	25
PF01496	30.7
PF18670	27
PF18274	27
PF05575	27.9
PF24413	27
PF02020	30
PF06176	20.3
PF27901	33
PF29874	27
PF10537	25
PF12264	24.8
PF08488	22.1
PF14380	20
PF00095	20.8
PF16997	29.1
PF24716	27
PF07814	24.6
PF29050	54.7
PF31000	27
PF14745	25
PF14746	25
PF14744	25
PF11945	24.2
PF25243	39.1
PF07507	27
PF22537	27
PF11669	28.1
PF09429	24.3
PF30497	27
PF08889	21.3
PF15164	27
PF12589	21
PF20053	24
PF30438	27
PF27321	27
PF27800	27
PF18588	29.2
PF03716	22.4
PF19913	23.4
PF05562	25
PF25583	23.9
PF20493	19.1
PF00400	12.1
PF19056	22.5
PF16300	10
PF23405	27.6
PF23407	27
PF24807	200
PF23184	26.9
PF25391	150
PF17005	40
PF24780	496.3
PF24782	290
PF24814	320
PF23419	47
PF25390	150
PF24817	109.9
PF15390	25.3
PF25311	27
PF14077	25
PF25602	27
PF21031	26.6
PF24796	200
PF24795	28.2
PF23123	20
PF23342	50
PF21030	27
PF23215	30.7
PF19914	27
PF22814	27
PF05701	35
PF28419	27
PF29072	27
PF29104	27
PF10273	26.8
PF05406	22
PF26166	23
PF14903	11.5
PF00568	22.4
PF02205	13.7
PF15920	27
PF22977	27
PF21458	27.6
PF14465	22.2
PF09105	25
PF23236	28.2
PF25793	27
PF09106	22.3
PF21214	27.1
PF29171	27
PF23235	27.7
PF09107	23.2
PF23234	27
PF24913	27
PF21296	27
PF23589	27
PF19368	23.8
PF22166	26
PF17778	22.8
PF25791	27
PF26109	27
PF09079	25.1
PF22094	27.9
PF25239	27
PF25880	27
PF17783	22.9
PF23216	27
PF29290	27
PF22164	27
PF26076	27
PF25888	27
PF17782	22.9
PF23559	27
PF21084	24.1
PF22665	27
PF02319	25.7
PF23713	27
PF25304	27
PF22194	28
PF25889	27
PF25318	27
PF22939	27
PF24101	30
PF23704	27
PF04408	21
PF25947	27
PF25894	27
PF03444	21
PF22982	27
PF03882	22.1
PF19306	27
PF26288	27
PF25879	27
PF25873	27
PF21100	21.2
PF23669	27
PF22207	27
PF23191	27
PF21128	26
PF18263	23.7
PF24901	25
PF25051	26
PF21136	27
PF30651	27
PF22524	27
PF17779	23.1
PF21906	27
PF25469	27
PF18137	26.4
PF21312	20.8
PF24882	27.3
PF24356	27
PF28603	33
PF21782	27.8
PF25895	27
PF25874	27
PF22536	30
PF21213	27
PF28729	27
PF25875	27
PF28752	27
PF27612	27
PF23582	27
PF21233	27
PF25255	27
PF08461	21.4
PF23159	27.6
PF23282	24
PF20514	22
PF05491	24.7
PF21320	24.1
PF28722	27
PF23445	27
PF25877	27
PF22165	26
PF10264	27
PF25521	27
PF07106	22.8
PF21552	21
PF24812	27
PF22960	27
PF25870	23
PF31145	27
PF30336	27
PF18972	27
PF00458	32.5
PF14414	25.1
PF26763	34.2
PF08528	25
PF10298	23.4
PF02467	23.6
PF31153	27
PF15612	19.1
PF08536	23
PF24408	27
PF24410	23
PF24409	27
PF30176	27
PF28553	27
PF26491	27
PF26462	27
PF26433	27
PF10357	25
PF07107	27
PF02019	25
PF21662	27
PF21663	27
PF28487	27
PF29412	27
PF26581	27
PF23017	27
PF22532	27
PF22533	27
PF10440	27
PF10180	25
PF20853	24.7
PF26605	25
PF08325	26
PF06664	28.3
PF21883	27.9
PF07861	27
PF00110	20.3
PF26484	27
PF08186	25
PF13943	25
PF08879	28.6
PF03106	21
PF30196	66.5
PF30195	27
PF15017	27
PF10206	26.5
PF22772	27
PF21374	27
PF01822	27.8
PF15613	25.4
PF03832	25
PF20023	27
PF02206	21
PF12175	24
PF06974	20.7
PF03007	23.6
PF02165	27
PF17098	35
PF03303	25
PF14043	27
PF00397	26.9
PF08258	2.8
PF25802	27.8
PF02825	21.1
PF22005	27
PF23463	25.3
PF23464	24.5
PF23466	24.5
PF23467	24.9
PF26920	27
PF18507	25
PF23518	27
PF16623	33.7
PF17890	37.8
PF23517	70
PF20625	23.8
PF09688	25
PF06013	27.3
PF25547	27
PF13731	25
PF11797	28.9
PF06030	27.3
PF12779	7.5
PF13280	21.8
PF10902	26.7
PF18488	25.3
PF08608	22
PF18412	25.8
PF23607	27
PF14524	30.4
PF06899	25
PF04932	31.7
PF11846	28.5
PF02706	25.5
PF07483	26.2
PF00739	27
PF20410	24.9
PF22058	27
PF07983	25.7
PF30217	27
PF30215	27
PF26642	27
PF28133	27
PF18608	25.8
PF29501	30.3
PF29079	27
PF00860	27
PF04921	25
PF13478	29.7
PF02625	24.3
PF09412	32.3
PF27453	27
PF06955	31.3
PF03894	22
PF09363	23.4
PF09364	23.7
PF03254	23.4
PF03469	22.2
PF10779	34.7
PF04555	25
PF08043	20
PF27132	27
PF27551	27
PF08814	25
PF08869	25
PF09815	24.8
PF29755	27
PF27308	28.5
PF09636	24.6
PF31027	27
PF09302	24.6
PF21928	27
PF00193	27
PF23982	27
PF21041	27.1
PF09109	25
PF09108	25
PF14440	27
PF28067	27
PF20817	27
PF28169	27
PF20800	27
PF05181	25
PF01286	27.1
PF24482	27
PF18458	26
PF09280	26.4
PF22139	27
PF00867	24.9
PF12813	24.2
PF00752	22
PF08389	22.7
PF28490	47.2
PF28060	32
PF01834	21
PF06632	26.2
PF21925	27
PF21924	27
PF20432	25.8
PF23125	27.8
PF23124	28.6
PF09722	24.5
PF27749	27
PF18332	26.2
PF18334	21.8
PF18245	27
PF17846	23.8
PF03159	22.9
PF28783	27
PF19977	23.7
PF28117	27
PF28242	27
PF03468	25
PF11952	27.6
PF14298	25
PF27526	27
PF12529	25
PF06505	23
PF02162	5
PF01797	23
PF27527	27
PF27539	27
PF04986	20.9
PF28637	27
PF30988	27
PF27345	30.9
PF27477	27
PF27501	27
PF29790	27
PF14455	25
PF27262	28.5
PF27146	27
PF27260	27
PF29744	27
PF29937	27
PF27295	27
PF27210	27
PF27160	27
PF27176	27
PF29938	27
PF27494	27
PF27207	27
PF27203	27
PF29756	27
PF27402	27
PF27403	27
PF29185	27
PF27437	27
PF27155	27
PF29760	27
PF23893	27
PF27811	27
PF14175	27
PF28473	27
PF06156	30
PF04690	28.6
PF24868	28.6
PF30421	28.5
PF07873	27
PF10686	28.2
PF03884	25.5
PF03895	22.7
PF05658	10
PF05662	10
PF09811	27.5
PF07152	25
PF17219	22.4
PF13957	27.6
PF15738	30
PF25851	27
PF26434	27
PF27151	27
PF11726	25.8
PF16362	28
PF19413	23.9
PF30452	27
PF02699	28.2
PF04461	23.2
PF21987	26
PF29455	27
PF29454	27
PF30311	27
PF13308	27
PF02575	25.5
PF10757	25
PF26610	27.5
PF07949	22.3
PF07102	29.9
PF17725	23
PF02130	25
PF30169	27
PF21015	27
PF13982	27
PF13985	27
PF08173	26.2
PF23495	27
PF11076	27.4
PF11045	27
PF10722	22
PF10767	27
PF01906	23
PF23025	29.1
PF23028	27
PF29268	27
PF17104	24.7
PF10338	28.2
PF29033	27
PF30121	27
PF29700	27
PF23484	27
PF29160	27
PF29267	27
PF23485	28
PF30201	27
PF30199	27
PF30200	27
PF29621	27
PF02624	25.7
PF18381	26.1
PF08664	27.4
PF03733	27
PF13993	28.1
PF08755	22.8
PF29186	27
PF30474	27
PF02620	33.2
PF02618	32.4
PF14266	25
PF04264	23.7
PF21378	27
PF05758	29.4
PF10705	25
PF30135	27
PF05695	29.2
PF10718	25
PF02392	34.7
PF10674	25
PF07444	22.3
PF17382	25
PF31141	27
PF27675	27
PF01737	22.3
PF17088	27
PF05666	27
PF05166	25
PF06071	27
PF17775	22.7
PF21612	29.3
PF30369	27
PF03795	24
PF29766	27
PF26518	27
PF23675	27
PF30172	27
PF27516	27
PF29506	27
PF14317	23.3
PF26310	24.7
PF29602	27
PF27493	27
PF15943	30
PF06254	27
PF29405	27
PF11739	26.3
PF09159	23
PF27300	27
PF27667	27
PF29813	27
PF29733	27
PF27484	27
PF27223	27
PF27432	27
PF27430	27
PF14001	27
PF18657	25
PF07338	27
PF28593	27
PF23502	27
PF08803	27.1
PF30338	27
PF27195	27
PF27264	27
PF15930	27.8
PF04794	29.7
PF04307	29
PF14169	27
PF27149	27
PF29929	27
PF29100	27
PF29779	27
PF29704	27
PF27522	27
PF21652	27
PF28950	27
PF28949	27
PF17745	25.2
PF29175	27
PF29870	27
PF29581	29.8
PF09207	23
PF03366	22
PF13995	28
PF07130	27.5
PF13974	27
PF21150	27
PF10709	21
PF06185	25
PF13992	28.9
PF23680	27
PF13987	28.5
PF27174	27
PF27347	27
PF27694	27
PF19279	27
PF29395	27
PF30238	27
PF31033	27
PF30366	27
PF30365	27
PF30392	27
PF13989	27
PF29692	27
PF29323	27
PF29308	31.9
PF29492	27
PF29493	27
PF14150	28
PF20730	26.5
PF04634	21.7
PF09906	27.6
PF30407	27
PF07437	23
PF12034	25
PF30162	27
PF27222	27
PF30107	27
PF30106	27
PF12917	25.9
PF03887	25
PF08891	25
PF27133	27
PF27127	27
PF29660	27
PF29769	27
PF30451	27
PF10938	26.6
PF07037	22.9
PF14151	27
PF14152	27
PF09586	28.5
PF29897	27
PF29898	27
PF27145	27
PF13525	25
PF30287	27
PF30227	27
PF30286	27
PF24911	28.6
PF25425	27.8
PF30459	27
PF20494	27
PF27224	28.2
PF28002	27
PF08756	25
PF14167	27
PF29773	27
PF11181	26.2
PF10787	27.5
PF14118	28.6
PF14182	27
PF29608	27
PF11127	25.3
PF11756	25
PF02542	26.7
PF30390	28
PF21130	27
PF04320	27
PF27458	27
PF21152	27
PF01863	26
PF28567	27
PF29869	27
PF28989	27
PF23480	108.2
PF27147	27
PF29887	27
PF30149	27
PF30150	34.2
PF30204	27
PF08438	24.7
PF29270	27
PF22339	27
PF25847	24.7
PF29759	27
PF30414	27
PF30412	27
PF30471	27
PF06250	32.5
PF14148	27
PF13116	46
PF17444	25
PF10086	24.2
PF10832	22.6
PF14149	27
PF26353	29
PF22475	27
PF10797	26.1
PF21279	27
PF14503	35
PF07947	25.6
PF30439	27
PF23514	27
PF26325	27
PF23530	27
PF29266	27
PF30126	27
PF30125	27
PF29807	27
PF04945	30.3
PF14240	25
PF14120	27
PF26302	28.2
PF05360	26.6
PF30368	27
PF30446	27
PF07907	27.2
PF29902	27
PF22870	27
PF23515	27
PF08340	27
PF03755	25
PF29281	27
PF27428	27
PF20159	24.3
PF14849	24
PF01809	27
PF27265	28.3
PF14045	27
PF21835	24.1
PF03878	27.6
PF04220	25
PF09500	27
PF03475	22.7
PF30028	27
PF30026	27
PF30202	27
PF29693	27
PF04893	28.6
PF29331	28.5
PF28233	27
PF03226	26.6
PF02588	24.3
PF27185	27
PF27200	27
PF11106	27.9
PF11102	25.9
PF06082	24
PF01894	27
PF04237	30.1
PF17089	27
PF15940	27
PF27204	27
PF09639	23.3
PF13990	27.5
PF09680	21
PF27479	27
PF03831	23.2
PF28054	27
PF03853	24.9
PF15922	27
PF14070	27
PF14588	35
PF09857	27
PF06568	23.3
PF27205	27
PF29791	27
PF30458	27
PF27201	27
PF30425	27
PF27116	27
PF11230	23
PF30348	27
PF29691	27
PF30329	27
PF10287	27
PF10290	27
PF29918	27
PF30291	27
PF30290	27
PF30281	27
PF14168	25
PF30225	27
PF29944	27
PF24878	27
PF28062	27
PF23686	27
PF23521	28.4
PF23488	28
PF23478	28.6
PF25989	40
PF26313	27
PF07615	21
PF22790	27
PF28449	27
PF28450	27
PF17447	27.7
PF30210	27
PF30070	27
PF30069	27
PF03734	23.4
PF13645	27
PF10388	26
PF12996	31.5
PF10368	28.8
PF14177	28.4
PF27419	27
PF29789	27
PF27544	27
PF29627	27
PF27074	27
PF29726	27
PF27189	27
PF05764	29.2
PF08265	22.6
PF10777	27.5
PF14036	27
PF20303	26.7
PF14071	27
PF14003	27
PF23688	27
PF23689	27
PF22009	27
PF10799	20.4
PF29279	27
PF29523	27
PF29524	27.2
PF21278	27
PF17774	23
PF02757	5
PF11068	27
PF31206	27
PF29129	27
PF23482	27.3
PF29276	27
PF29085	27
PF29269	27
PF04296	26.9
PF14035	27
PF12788	27
PF29611	27
PF15939	27
PF23641	27
PF27184	27
PF13277	27
PF21232	27
PF29161	27
PF02326	22.6
PF06449	25
PF30251	27
PF10798	27.3
PF16456	27
PF28058	27
PF28591	27
PF28592	27
PF23691	27
PF23693	28.1
PF22868	27
PF23694	47.2
PF23497	27
PF23692	27
PF29278	27
PF28871	29.9
PF29360	27
PF29570	27
PF25108	30.5
PF27163	27
PF25846	27
PF14157	27
PF27475	27
PF27331	27
PF23677	27.4
PF23676	27
PF21783	27.1
PF28073	27
PF23695	27
PF27263	27
PF14158	27
PF23696	27
PF17452	25
PF30161	27
PF23697	27
PF23499	27
PF28012	27
PF23642	27
PF14002	27
PF28032	27
PF29101	27
PF29001	27
PF29002	27
PF27169	27
PF27137	27
PF27380	27
PF11503	25
PF29816	27
PF28021	27
PF22867	43
PF14268	25
PF27157	27
PF13996	27
PF20693	27
PF27134	27
PF23504	27
PF14191	20.8
PF27175	27
PF30264	27
PF27191	27
PF06769	27
PF28102	27
PF25659	27
PF28594	27
PF30256	27
PF14122	27
PF28364	27
PF29045	27
PF29271	27
PF27433	27
PF26328	24.7
PF08863	27.5
PF27069	27
PF27068	27
PF27067	27
PF24049	27
PF29933	27
PF27376	28.8
PF27287	42.4
PF27455	27
PF27173	27
PF27211	27
PF30166	27
PF27256	27
PF27197	27
PF27289	27.9
PF30289	27
PF30165	27
PF30103	27
PF30104	27
PF27364	27.8
PF30164	27
PF30102	27
PF27290	29.4
PF30177	27
PF29658	27
PF27316	27
PF27269	27
PF27387	27
PF27386	27
PF09642	28.4
PF29824	27
PF27199	27
PF29654	27
PF16697	33.2
PF16693	24
PF21937	27
PF21934	24.3
PF27216	27
PF26308	27
PF05844	25
PF03545	25
PF27611	27
PF09020	27
PF09013	25
PF30242	27
PF26333	27
PF26811	28
PF27699	27
PF09467	25.5
PF09643	22.4
PF30312	27
PF30243	27
PF26349	27
PF30229	27
PF14037	27
PF27459	27
PF29273	27
PF29041	27
PF29912	27
PF29275	27
PF27492	27
PF27337	27.6
PF09629	25
PF08571	27
PF17880	30.5
PF30228	27
PF27286	27
PF30109	27
PF29811	27
PF30288	27
PF27196	27
PF27057	27
PF14162	27.5
PF06855	25
PF27090	27
PF28022	27
PF20769	27.3
PF14620	31.7
PF23644	27
PF14976	27
PF26378	27
PF28148	27
PF24124	28
PF27610	27
PF29285	27
PF14005	27
PF29274	27
PF30230	27
PF30323	27
PF30005	27
PF28749	27
PF28750	27
PF27673	27
PF27671	27
PF09144	25
PF17431	25
PF21747	27
PF29158	27
PF29151	27
PF29148	27
PF14178	24.7
PF14179	27
PF29911	27
PF29272	27
PF06908	27.7
PF27401	27
PF27078	27
PF14139	27
PF14140	27
PF17448	31
PF09466	27.8
PF09588	22
PF14553	27
PF21488	27
PF24032	27
PF08892	27
PF19842	27.6
PF21516	27.7
PF30431	27
PF27292	27
PF09424	27
PF27722	27
PF06898	25.2
PF23690	28.8
PF14181	27
PF27481	27
PF11036	24
PF17430	25
PF14639	35
PF23505	32.5
PF23506	27
PF29607	27
PF06014	25
PF21101	27
PF11079	25
PF23678	27
PF11085	27
PF21001	23
PF07290	25.4
PF23507	27
PF29284	27
PF13997	28.1
PF29775	27
PF29653	27
PF14038	27
PF14164	29.1
PF14006	27
PF14141	27
PF26160	24.5
PF10707	31.5
PF28071	27
PF29830	30.5
PF26653	27
PF14143	27
PF14145	26.1
PF15493	25.5
PF14184	27
PF17449	27.8
PF14142	27
PF27112	27
PF13983	28.1
PF04366	25.1
PF01514	24.4
PF08345	23.8
PF06578	22
PF07321	28.8
PF16789	27
PF09619	22.6
PF27140	27
PF23700	27
PF28199	27
PF28018	27
PF04650	20
PF27064	27
PF17090	28.8
PF09695	24
PF04146	22.1
PF27103	27
PF23516	27
PF23685	27
PF13115	25.9
PF10355	25
PF14007	29.4
PF26347	27
PF26768	27
PF27468	27
PF07639	21
PF08812	33.1
PF12732	37.5
PF21106	24.3
PF14165	27
PF28013	27
PF26326	27
PF27278	28.1
PF30159	27
PF27363	28.1
PF20788	27
PF27407	27
PF30110	27
PF30111	27
PF14166	27
PF08868	25
PF14068	27
PF10140	27.4
PF08817	27
PF24585	27
PF15934	28
PF27320	27
PF14039	27
PF06265	25
PF26344	27
PF29626	27
PF26135	27
PF26149	27
PF14115	27
PF11724	22
PF23317	30
PF27181	27
PF09628	25
PF30712	27
PF12841	29.5
PF27474	27
PF17368	27
PF14293	24.4
PF08741	25
PF30320	27
PF14256	25
PF27472	27
PF14183	28.1
PF16888	33.7
PF14431	25.9
PF27152	27
PF26359	27
PF26162	25
PF27171	27
PF27172	27
PF24715	25
PF24711	27
PF24712	27
PF14176	27
PF27554	27
PF31267	27
PF29643	27
PF25184	40
PF29772	27
PF29646	27
PF27120	27
PF14174	27
PF22659	27
PF22658	27
PF29809	27
PF07435	27
PF09648	29.7
PF27801	27
PF30101	28
PF14116	27
PF29498	27
PF29494	27
PF00102	20.9
PF03162	27
PF13350	22.2
PF07495	26.6
PF02295	21
PF10593	25
PF30278	27
PF21816	27.2
PF18217	27.7
PF05164	23.8
PF06005	33.1
PF28907	27
PF07126	27
PF21083	27
PF07072	27
PF06295	33.5
PF27041	27
PF27039	27.5
PF27969	27
PF30935	27
PF28918	34.1
PF23490	27
PF08632	25
PF05928	20.8
PF28575	27
PF01559	24.6
PF04576	23.1
PF17646	27
PF22964	27
PF06414	22.3
PF10497	22.7
PF01754	21.6
PF07776	28
PF01428	27.9
PF12861	25
PF25112	27
PF02892	20.6
PF26664	27
PF00643	24.1
PF25287	27
PF25993	27
PF25431	29.5
PF00096	15.8
PF18658	25.4
PF16588	26.2
PF16622	20
PF23230	27
PF23330	27
PF23561	27
PF23611	27
PF12756	18.7
PF23224	25
PF13878	27
PF18868	30.8
PF13894	19.8
PF21225	27
PF13912	12.4
PF15269	27
PF23225	27
PF15909	30
PF16293	29
PF17017	27
PF26082	27
PF26748	27
PF25909	27
PF16606	26.1
PF16624	25
PF16637	27.3
PF30018	27
PF30020	27
PF26743	27
PF30733	32.1
PF30903	27
PF24485	27
PF23165	24
PF24537	27
PF24666	27
PF12171	22.6
PF24560	27
PF23573	27
PF24540	27
PF23115	27
PF23118	27
PF27058	20
PF27065	27
PF27047	27
PF27088	27
PF25414	22
PF25403	27
PF24056	27
PF23612	27
PF25420	27
PF23574	27
PF23108	29
PF23101	27
PF23102	30
PF23103	27
PF23104	27
PF23107	30
PF23223	27
PF23075	27
PF23077	27
PF25412	27
PF29652	27
PF01530	32.3
PF06221	25.8
PF10782	16
PF13913	10
PF25017	24
PF16278	30.1
PF10650	20.9
PF17122	27
PF07967	22.2
PF13891	20
PF00097	20.7
PF13923	27
PF13920	27
PF15227	30
PF17121	27
PF25454	26
PF00105	18
PF10146	34.5
PF14260	28.9
PF06689	27
PF02928	22
PF15801	30
PF00642	20.5
PF22628	27
PF23261	27.2
PF25542	27
PF14608	8
PF21457	27
PF15663	31
PF18044	24.6
PF18585	26.7
PF18586	25
PF18633	34.6
PF22623	27
PF25512	27
PF25585	30
PF24863	26.8
PF25586	25
PF25261	27
PF25584	53
PF25543	24
PF25427	31.1
PF23035	27
PF00098	16.7
PF13696	27
PF13917	10
PF14392	6
PF14787	27
PF15288	22
PF10283	22.7
PF09360	29.5
PF11706	24
PF10276	27
PF26601	21
PF26600	21
PF12172	23.2
PF05495	31.3
PF17979	26.3
PF07496	27.5
PF02008	26.5
PF07535	24.8
PF05605	27.5
PF08996	25.7
PF05180	27
PF22912	21
PF01258	24.9
PF06467	22.4
PF21319	26.6
PF04570	23.4
PF06827	21.3
PF09337	25
PF13465	40
PF13909	27
PF16721	26.7
PF13490	22.2
PF16827	25
PF13771	29.1
PF13832	27
PF04770	27
PF05551	27
PF04438	24.7
PF07503	23
PF13005	27.3
PF31216	27
PF26235	26
PF04071	27
PF10601	23.8
PF06943	20.2
PF08790	20.7
PF12874	13.3
PF12907	27
PF02891	33.5
PF13824	27
PF01753	22.7
PF17772	28.8
PF05741	27
PF01422	2.2
PF15906	30
PF05020	25
PF11789	27
PF21905	27
PF03854	25.6
PF13008	27
PF00645	39.3
PF15446	27
PF05715	30
PF25429	27
PF09329	28.8
PF10426	22
PF12678	31
PF08746	26.6
PF16685	31
PF17123	27
PF17976	25
PF17977	25
PF17978	26.6
PF16744	30.8
PF17120	27.4
PF13639	27.3
PF14570	27
PF14634	27.9
PF14835	35
PF26037	27
PF13445	18
PF23555	30.3
PF08080	22
PF17026	28.9
PF13966	27.5
PF13866	25
PF15803	27
PF04810	25
PF02135	25
PF23475	23.2
PF14952	31.2
PF12660	23
PF02953	22.3
PF13842	24
PF02176	21.6
PF15965	27
PF11722	20.9
PF06220	22
PF05253	21.1
PF02148	22.7
PF17807	22.6
PF02207	25.2
PF30802	27
PF14569	27.1
PF10367	24.7
PF23015	27
PF18279	26.4
PF03470	22
PF29867	27
PF29863	27
PF29712	27
PF28332	27
PF04704	25
PF16696	25
PF23145	25
PF30355	27
PF18414	25.6
PF18508	27.3
PF26177	22
PF26176	22.5
PF18450	39.2
PF29314	36.2
PF29318	36.2
PF18387	27
PF26218	27
PF23208	27
PF18574	25
PF18345	29
PF18384	25
PF18423	28.4
PF23250	27.4
PF18408	26
PF23146	27.5
PF27771	30
PF23228	27
PF17915	25.5
PF25080	27
PF23412	27.3
PF23413	25
PF13451	24
PF23477	27
PF26647	27
PF26648	27
PF30716	27
PF23550	27
PF21359	27
PF18439	25.6
PF23293	27
PF25813	27
PF24906	27
PF18366	26.3
PF10382	23
PF06262	22.4
PF10103	25
PF17034	27
PF14599	27
PF09223	27
PF02535	35.1
PF31229	27
PF30140	27
PF18292	26.3
PF04354	23
PF16583	26
PF29519	27
PF29022	27
PF29680	27
PF30027	27
PF29038	27
PF29310	30.1
PF18028	28.9
PF23461	27
PF23460	27
PF18112	23.2
PF16503	34.9
PF24747	26
PF26625	24
PF27528	27
PF27978	27
PF23406	28
PF27966	32
PF21276	27
PF21367	27
PF27627	27
PF27556	23.5
PF27597	27
PF25396	27
PF27082	27
PF20173	27
PF23663	27
PF25219	27
PF23580	27
PF21373	27
PF18212	26.2
PF01297	29
PF00172	21
PF00882	26.8
PF19242	30.1
PF04228	23.2
PF04298	27
PF13240	25
PF10058	24.2
PF11682	27.5
PF11331	27
PF09855	23
PF17032	28.9
PF21957	27
PF14369	30.8
PF12674	22.5
PF23551	27
PF14255	25.2
PF13248	27
PF13695	23
PF17180	27
PF13717	30.3
PF13719	29.3
PF07191	25
PF09723	34.4
PF02591	29.1
PF17848	24.5
PF23454	27.9
PF21372	27
PF26040	27
PF10122	22.9
PF05207	29.2
PF01807	24.9
PF02701	26.6
PF26652	27
PF22747	27.6
PF10005	23.4
PF05129	29.8
PF23547	27
PF23548	27
PF06839	25.9
PF23549	27
PF27618	25.8
PF23545	27
PF25144	27
PF25143	27.3
PF03811	26.1
PF12760	25.4
PF14690	25.5
PF18073	25.7
PF21344	27
PF08772	24.9
PF22811	27.2
PF09297	24.8
PF14803	25.6
PF23451	27
PF08063	25.1
PF23470	26
PF18445	25.8
PF18319	15.4
PF08273	23
PF00641	17
PF13408	25.3
PF21302	27
PF03604	24
PF02150	25.2
PF11781	27.1
PF17283	28.1
PF20864	17
PF08271	29
PF13453	25
PF01096	21
PF21352	27.1
PF23783	27.3
PF01396	7.5
PF23546	27
PF08272	25
PF22109	28.6
PF08274	30.8
PF03367	23
PF23320	28
PF14319	26.3
PF22320	26
PF22321	26
PF00100	24.6
PF16775	27.4
PF28082	35
PF05707	20.3
PF23344	24.7
PF22821	28
PF30681	43.6
PF10986	27.4
PF19286	27.6
PF21600	27.3
PF21056	27.2
PF21599	27.8
PF21055	27.3
PF30892	27
PF29860	27
PF29862	34.5
PF16916	22.8
PF00791	21
PF28802	27
PF21884	25.1
PF26185	24.3
PF20666	25.8
PF22766	27
PF20665	23.6
PF06248	26.3
PF26428	27
PF09817	25
PF15556	29
PF05884	25
PF30245	27
PF00569	21.4
PF25299	27.5
